student_id,first_name,last_name,email,gender,age,department,attendance(%),midterm_score,final_score,assignment_avg,quizzes_avg,participation_score,projects_score,total_score,grade,study_hours_per_week,internet_access,parent_education,family_income,stress_level
1,Justin,Hall,justin.hall1@email.com,Male,24,Computer Science,90.2,89,68,79.5,59.8,66,79,76.1,C,9,no,Associate,medium,3
2,Derek,Brown,derek.brown2@email.com,Male,21,Political Science,80.7,58,61,57.6,60.7,60,69,60.6,D,12,yes,Bachelor's,low,6
3,Shelly,Wright,shelly.wright3@email.com,Male,18,History,82.1,74,55,51.9,62.6,60,57,61.3,D,9,yes,High School,medium,4
4,Raymond,Hawkins,raymond.hawkins4@email.com,Male,23,Physics,74.6,66,69,54.1,67.7,60,67,65.9,D,5,yes,High School,medium,7
5,Lucas,Jensen,lucas.jensen5@email.com,Male,19,Political Science,89.2,43,40,50.0,59.2,60,58,45.7,F,12,yes,Bachelor's,medium,8
6,William,Andrade,william.andrade6@email.com,Male,19,Psychology,96.0,57,71,59.2,68.6,61,52,63.2,D,5,yes,Master's,medium,6
7,Angel,Mcfarland,angel.mcfarland7@email.com,Male,18,Mathematics,92.8,59,45,57.6,55.8,62,72,54.6,F,8,no,Associate,medium,7
8,Allen,Carr,allen.carr8@email.com,Male,24,Physics,79.8,55,67,66.5,56.4,62,61,62.0,D,17,yes,Bachelor's,high,8
9,Jacqueline,Carpenter,jacqueline.carpenter9@email.com,Male,21,Business,82.4,67,73,82.0,70.3,100,70,73.1,C,14,yes,Bachelor's,low,6
10,Dawn,Smith,dawn.smith10@email.com,Female,20,Computer Science,64.8,64,50,50.0,50.0,60,51,54.9,F,12,yes,Bachelor's,medium,6
11,Katherine,Donaldson,katherine.donaldson11@email.com,Female,23,Engineering,82.6,91,60,95.9,98.0,88,78,78.1,C+,11,yes,Master's,medium,3
12,Stephen,Mendoza,stephen.mendoza12@email.com,Female,23,History,71.0,99,72,81.5,81.5,70,66,81.0,B-,17,yes,High School,low,5
13,Patricia,Peterson,patricia.peterson13@email.com,Male,21,Biology,91.2,81,90,91.6,82.4,61,71,83.8,B,11,yes,Doctorate,high,6
14,Natalie,Smith,natalie.smith14@email.com,Male,18,Business,86.2,80,74,78.2,86.0,79,76,77.4,C+,5,yes,Associate,low,6
15,Alicia,Goodwin,alicia.goodwin15@email.com,Female,21,Mathematics,93.5,62,82,88.2,80.4,60,67,74.0,C,12,yes,Associate,medium,3
16,Lisa,Simmons,lisa.simmons16@email.com,Female,24,Political Science,96.0,99,67,87.6,80.5,73,86,81.6,B-,8,yes,Master's,high,4
17,Joseph,Woodard,joseph.woodard17@email.com,Male,22,Economics,85.9,56,48,66.8,56.9,60,55,54.1,F,22,yes,High School,medium,9
18,Danielle,Duran,danielle.duran18@email.com,Female,20,Biology,79.0,44,51,54.7,53.2,72,54,50.8,F,8,yes,Master's,high,5
19,Megan,Jones,megan.jones19@email.com,Male,18,English Literature,77.7,43,40,50.0,50.0,60,50,44.4,F,13,yes,Bachelor's,medium,6
20,Rodney,Holloway,rodney.holloway20@email.com,Male,24,Physics,82.6,58,75,50.0,62.9,60,53,63.9,D,8,no,Master's,high,8
21,Leah,Hood,leah.hood21@email.com,Female,18,Biology,92.8,72,64,74.5,80.8,60,66,68.3,D,9,yes,Master's,low,6
22,Joshua,Rodriguez,joshua.rodriguez22@email.com,Female,19,Physics,100.0,59,65,55.3,70.5,71,66,63.0,D,8,yes,Associate,medium,9
23,Patrick,Rhodes,patrick.rhodes23@email.com,Female,24,Mathematics,79.1,54,54,56.1,52.6,64,75,56.9,F,12,no,High School,low,6
24,Ashley,Fletcher,ashley.fletcher24@email.com,Female,23,Political Science,86.3,66,90,85.6,72.9,80,82,80.3,B-,10,no,Master's,medium,4
25,Leslie,Warren,leslie.warren25@email.com,Female,20,Chemistry,95.3,57,59,62.4,64.9,60,50,58.2,F,14,yes,Doctorate,low,7
26,Alejandra,Hammond,alejandra.hammond26@email.com,Female,21,Engineering,78.8,60,61,75.6,68.6,60,73,63.8,D,13,yes,Master's,medium,7
27,Kimberly,Morrow,kimberly.morrow27@email.com,Male,22,English Literature,89.9,62,93,89.2,77.8,70,90,81.2,B-,12,yes,Associate,low,5
28,Ryan,Miller,ryan.miller28@email.com,Male,21,Business,80.6,70,67,78.4,63.7,73,65,69.1,D,18,no,Doctorate,medium,9
29,Kimberly,Patel,kimberly.patel29@email.com,Female,18,Economics,94.8,73,60,51.6,79.9,88,67,66.3,D,10,yes,High School,high,7
30,Stephen,Delacruz,stephen.delacruz30@email.com,Male,19,English Literature,78.2,79,74,83.3,84.1,70,73,76.7,C,12,no,Master's,high,5
31,Jennifer,Ryan,jennifer.ryan31@email.com,Female,22,Engineering,71.4,40,46,50.0,50.0,60,50,45.9,F,9,yes,High School,low,8
32,Grant,Perry,grant.perry32@email.com,Male,21,Political Science,100.0,59,54,62.6,69.6,63,63,58.6,F,5,yes,Associate,high,7
33,Audrey,Robinson,audrey.robinson33@email.com,Male,18,Economics,76.6,77,81,88.2,78.6,74,88,80.8,B-,12,no,Doctorate,high,3
34,Glenn,Gill,glenn.gill34@email.com,Female,24,English Literature,94.6,73,87,86.8,98.3,67,73,81.0,B-,17,yes,High School,medium,4
35,Samantha,Jones,samantha.jones35@email.com,Female,19,Mathematics,76.2,40,40,50.0,50.0,60,50,43.5,F,8,no,Bachelor's,medium,8
36,Jessica,Harris,jessica.harris36@email.com,Male,20,History,99.8,79,80,83.5,83.1,65,83,79.8,C+,14,yes,High School,medium,4
37,Russell,Lane,russell.lane37@email.com,Female,22,Biology,80.2,83,82,91.2,88.1,84,68,82.3,B-,12,yes,High School,low,4
38,Lance,Mueller,lance.mueller38@email.com,Male,18,Engineering,90.1,69,68,94.4,83.4,68,94,74.4,C,12,yes,Master's,medium,5
39,Sarah,Jackson,sarah.jackson39@email.com,Male,21,Mathematics,100.0,76,89,89.2,82.6,84,81,83.8,B,9,yes,Master's,medium,5
40,Shane,Frost,shane.frost40@email.com,Male,24,Biology,83.6,54,72,89.8,83.8,74,75,69.5,D,15,yes,Bachelor's,medium,8
41,Chad,Arnold,chad.arnold41@email.com,Male,22,Economics,89.0,66,79,85.0,71.9,80,87,76.3,C,11,yes,Bachelor's,medium,4
42,Brittany,Phillips,brittany.phillips42@email.com,Female,22,Business,88.5,75,70,76.2,81.0,70,61,71.8,C-,12,yes,Master's,high,5
43,Melissa,Randall,melissa.randall43@email.com,Female,18,Economics,85.4,67,64,67.7,70.3,69,60,65.5,D,19,yes,Associate,medium,7
44,William,Baker,william.baker44@email.com,Male,23,Chemistry,77.2,83,83,80.0,84.5,82,70,81.5,B-,15,no,Associate,low,2
45,Timothy,Watson,timothy.watson45@email.com,Male,24,Computer Science,84.5,43,44,50.8,52.1,60,59,47.2,F,11,yes,Associate,low,7
46,Tammy,Allen,tammy.allen46@email.com,Male,24,Engineering,90.6,94,64,93.0,86.4,73,68,77.9,C+,18,yes,Doctorate,high,6
47,Sarah,Dean,sarah.dean47@email.com,Male,23,Economics,90.6,48,48,50.5,53.8,60,55,49.9,F,6,no,Associate,low,6
48,Mark,Chang,mark.chang48@email.com,Male,19,Economics,86.5,80,85,91.3,66.8,100,76,83.2,B,15,yes,Master's,low,5
49,Erica,Soto,erica.soto49@email.com,Female,21,Physics,60.0,55,46,67.3,50.0,60,83,55.5,F,13,no,Master's,medium,4
50,Nicholas,Martin,nicholas.martin50@email.com,Male,19,Engineering,65.6,52,45,55.3,50.0,60,62,50.8,F,20,no,Associate,low,8
51,Richard,Gomez,richard.gomez51@email.com,Female,22,Business,79.0,69,80,77.1,73.9,62,66,73.9,C,13,yes,Bachelor's,medium,4
52,Jerry,Watson,jerry.watson52@email.com,Male,22,Computer Science,72.1,71,78,74.6,79.2,60,67,73.6,C,14,yes,Associate,medium,6
53,Jackie,Barnes,jackie.barnes53@email.com,Male,24,Physics,85.2,66,65,62.8,51.6,60,60,63.7,D,5,yes,Associate,low,7
54,Louis,Giles,louis.giles54@email.com,Male,21,Business,97.5,81,76,88.3,72.0,67,94,80.0,C+,14,yes,Associate,low,5
55,Michelle,Bryan,michelle.bryan55@email.com,Male,18,Psychology,75.5,40,55,75.4,50.0,81,67,54.8,F,12,no,Doctorate,high,6
56,Phyllis,Moreno,phyllis.moreno56@email.com,Male,20,Computer Science,100.0,47,46,74.3,65.5,60,62,52.5,F,13,yes,Bachelor's,medium,5
57,Amanda,Gross,amanda.gross57@email.com,Male,18,Engineering,75.6,58,51,68.7,51.2,60,60,56.2,F,15,yes,Master's,high,6
58,Caitlyn,Brooks,caitlyn.brooks58@email.com,Male,23,Business,90.2,69,79,70.5,77.3,60,68,73.1,C,22,yes,Associate,medium,6
59,Shannon,Scott,shannon.scott59@email.com,Female,19,Computer Science,92.8,63,87,79.0,71.9,67,79,76.5,C,12,yes,High School,low,2
60,Thomas,Knight,thomas.knight60@email.com,Female,18,Biology,73.9,81,80,85.3,82.3,74,75,80.2,B-,10,no,Master's,high,4
61,Stephen,Mcgrath,stephen.mcgrath61@email.com,Female,23,Business,96.7,70,99,99.1,76.2,60,77,85.1,B,13,yes,Bachelor's,medium,5
62,Andrea,Wise,andrea.wise62@email.com,Female,24,Mathematics,90.3,67,77,85.0,84.6,68,79,75.0,C,11,yes,High School,low,5
63,Patricia,Dixon,patricia.dixon63@email.com,Male,24,History,83.7,67,75,80.9,84.4,63,79,73.6,C,12,yes,High School,medium,5
64,William,Perez,william.perez64@email.com,Female,22,Computer Science,74.4,53,66,64.7,58.7,61,60,60.8,D,10,yes,Associate,low,7
65,Mike,Edwards,mike.edwards65@email.com,Male,20,Computer Science,70.9,43,40,51.9,50.0,60,50,44.6,F,9,yes,High School,high,6
66,Timothy,Mcconnell,timothy.mcconnell66@email.com,Male,18,Engineering,96.0,74,69,76.7,75.3,60,60,70.3,C-,11,no,Bachelor's,medium,6
67,Selena,Randolph,selena.randolph67@email.com,Male,20,Business,82.8,75,77,77.5,80.4,66,62,74.7,C,7,yes,Master's,low,4
68,Haley,Miller,haley.miller68@email.com,Male,23,History,90.3,96,72,89.1,79.5,84,84,83.1,B,10,no,Bachelor's,medium,1
69,Michael,Alvarez,michael.alvarez69@email.com,Female,21,English Literature,82.8,79,86,96.0,79.7,81,64,82.3,B-,12,yes,Bachelor's,medium,4
70,Daniel,Christensen,daniel.christensen70@email.com,Female,20,Physics,86.2,79,89,80.6,80.5,93,75,83.6,B,9,yes,Associate,medium,7
71,Regina,Lynn,regina.lynn71@email.com,Female,20,Business,78.4,88,71,83.0,88.4,80,85,80.1,B-,10,yes,Associate,low,7
72,Jon,Lewis,jon.lewis72@email.com,Female,19,Chemistry,84.4,78,80,79.8,85.8,71,72,78.5,C+,5,yes,Doctorate,high,6
73,Richard,Young,richard.young73@email.com,Male,18,Psychology,99.1,79,52,62.0,50.0,60,63,62.6,D,6,yes,Bachelor's,medium,7
74,Cheryl,Bishop,cheryl.bishop74@email.com,Male,23,Engineering,70.1,84,76,87.3,71.3,85,96,81.8,B-,16,yes,Bachelor's,medium,4
75,Jacob,Thomas,jacob.thomas75@email.com,Male,24,Chemistry,83.0,49,55,72.5,74.1,73,56,57.0,F,8,yes,Doctorate,high,7
76,Ronnie,Miller,ronnie.miller76@email.com,Female,24,Biology,72.9,48,40,50.0,60.3,60,52,46.6,F,5,yes,Bachelor's,low,9
77,Kelly,Jenkins,kelly.jenkins77@email.com,Female,19,History,80.0,80,65,84.2,95.8,76,60,73.1,C,11,yes,Master's,high,5
78,Kyle,Wilson,kyle.wilson78@email.com,Male,19,English Literature,89.7,63,58,50.0,69.6,71,51,59.3,F,8,yes,Associate,high,6
79,Peter,Kelley,peter.kelley79@email.com,Male,18,Mathematics,83.0,65,53,59.5,59.9,60,55,58.2,F,14,yes,Master's,low,8
80,Cassandra,Mcbride,cassandra.mcbride80@email.com,Male,20,Biology,73.7,49,46,50.0,52.3,60,50,48.7,F,17,yes,High School,low,8
81,Anthony,Cortez,anthony.cortez81@email.com,Female,18,Physics,90.9,79,82,84.4,74.3,84,86,81.5,B-,8,no,Master's,medium,2
82,Christopher,Martinez,christopher.martinez82@email.com,Female,19,Biology,100.0,71,71,84.3,68.4,67,74,72.4,C-,14,no,Master's,high,5
83,Donald,Kelley,donald.kelley83@email.com,Male,21,English Literature,78.8,90,75,85.2,96.9,68,65,80.3,B-,14,no,Associate,medium,7
84,Lori,Wagner,lori.wagner84@email.com,Male,18,Chemistry,64.6,88,64,79.4,67.8,71,83,75.2,C,11,yes,Bachelor's,medium,6
85,Jeffrey,Wood,jeffrey.wood85@email.com,Female,19,Mathematics,92.3,77,72,90.1,65.9,60,83,75.5,C,9,yes,Bachelor's,medium,6
86,Derek,Alvarez,derek.alvarez86@email.com,Female,18,Economics,99.4,76,67,72.2,69.7,65,70,70.7,C-,6,no,High School,low,6
87,Angela,Smith,angela.smith87@email.com,Male,22,Economics,71.6,48,40,50.0,50.0,60,50,45.9,F,11,yes,High School,low,4
88,Kristina,Miller,kristina.miller88@email.com,Male,22,Business,73.2,66,60,59.0,58.3,60,50,60.6,D,11,yes,High School,low,7
89,Cynthia,Hopkins,cynthia.hopkins89@email.com,Male,21,Chemistry,100.0,59,56,61.9,57.6,60,60,58.2,F,14,yes,High School,low,5
90,Julie,Christensen,julie.christensen90@email.com,Male,19,Chemistry,86.3,94,68,91.5,90.9,81,77,80.9,B-,13,yes,Master's,medium,8
91,Kelli,Smith,kelli.smith91@email.com,Female,21,History,89.6,65,63,61.0,70.8,77,62,64.5,D,17,yes,Master's,medium,10
92,Beverly,Ford,beverly.ford92@email.com,Male,20,Mathematics,79.3,91,83,77.1,70.2,67,75,82.6,B-,14,no,Master's,high,3
93,Michael,Brown,michael.brown93@email.com,Female,24,Computer Science,80.8,78,91,90.8,81.0,91,89,86.5,B,13,yes,Master's,low,9
94,Victor,Adams,victor.adams94@email.com,Female,19,English Literature,100.0,40,49,50.0,50.0,60,55,47.7,F,11,no,Master's,high,8
95,Pamela,Lee,pamela.lee95@email.com,Female,21,Mathematics,82.1,41,40,51.9,50.0,60,50,44.0,F,13,yes,High School,medium,7
96,Russell,Howard,russell.howard96@email.com,Male,18,Psychology,82.0,72,60,88.4,67.1,61,71,68.0,D,16,yes,Bachelor's,low,8
97,Pamela,Obrien,pamela.obrien97@email.com,Female,22,Chemistry,80.1,41,57,54.6,50.0,60,50,51.1,F,15,yes,Bachelor's,medium,10
98,Stephanie,Erickson,stephanie.erickson98@email.com,Male,21,Physics,83.4,99,78,82.3,81.9,71,75,84.3,B,16,no,High School,low,4
99,Cassidy,Lewis,cassidy.lewis99@email.com,Female,18,Biology,85.1,73,68,80.8,52.4,94,61,70.7,C-,9,no,Doctorate,high,5
100,James,Gardner,james.gardner100@email.com,Female,22,Chemistry,90.1,69,73,77.6,76.4,72,83,73.4,C,9,yes,Associate,medium,4
101,John,Hays,john.hays101@email.com,Female,18,Computer Science,96.9,69,93,77.5,83.2,68,80,81.2,B-,16,yes,Doctorate,low,5
102,Sandra,Farley,sandra.farley102@email.com,Male,18,History,79.9,64,79,75.7,69.5,75,69,72.6,C-,10,yes,Associate,high,6
103,Troy,Gaines,troy.gaines103@email.com,Male,24,History,68.6,61,40,50.0,50.0,60,50,49.8,F,6,yes,Bachelor's,medium,5
104,Michael,Chavez,michael.chavez104@email.com,Female,19,Business,100.0,81,81,77.2,79.6,60,89,80.4,B-,12,yes,Bachelor's,medium,1
105,Steven,Sullivan,steven.sullivan105@email.com,Female,21,History,87.8,73,68,77.0,61.0,69,65,69.9,D,15,yes,High School,low,5
106,Joseph,Cruz,joseph.cruz106@email.com,Female,20,Computer Science,86.6,69,45,57.5,56.5,60,50,55.3,F,8,yes,Master's,medium,5
107,Heather,Rodriguez,heather.rodriguez107@email.com,Male,22,Chemistry,84.2,65,68,69.7,74.6,64,62,66.9,D,17,yes,Master's,medium,7
108,Donald,Huff,donald.huff108@email.com,Female,19,History,74.2,71,55,75.1,77.0,60,72,64.9,D,10,yes,Master's,medium,8
109,Jennifer,Marshall,jennifer.marshall109@email.com,Female,20,Economics,100.0,51,53,53.9,50.0,60,50,52.4,F,8,yes,Associate,medium,6
110,Kendra,Garcia,kendra.garcia110@email.com,Female,20,Political Science,71.3,88,56,78.3,76.5,60,68,70.3,C-,9,yes,High School,low,7
111,Kathleen,Ibarra,kathleen.ibarra111@email.com,Female,23,English Literature,71.9,58,40,50.0,50.0,60,50,48.9,F,15,no,Master's,high,8
112,Kathleen,Green,kathleen.green112@email.com,Male,22,History,69.4,57,40,52.1,50.0,60,50,48.8,F,14,yes,Associate,medium,6
113,Casey,Richardson,casey.richardson113@email.com,Male,19,Biology,91.3,51,63,51.5,61.2,60,50,56.7,F,8,yes,Associate,low,4
114,Brian,Dougherty,brian.dougherty114@email.com,Female,22,Psychology,92.6,69,78,82.7,84.2,79,82,76.6,C,15,yes,Bachelor's,medium,8
115,Stephen,Barnes,stephen.barnes115@email.com,Female,22,Political Science,71.7,40,40,50.0,50.0,60,50,43.5,F,8,yes,High School,low,8
116,Brian,Tapia,brian.tapia116@email.com,Female,22,Engineering,60.3,57,91,92.5,94.4,78,76,79.1,C+,12,yes,Master's,high,4
117,Andrew,Russell,andrew.russell117@email.com,Female,24,Physics,81.5,59,46,50.0,50.0,60,68,53.4,F,7,yes,Associate,high,6
118,Sarah,Johnson,sarah.johnson118@email.com,Male,22,Physics,83.8,88,78,76.1,66.2,74,81,80.4,B-,13,yes,Master's,high,3
119,Mary,Mccann,mary.mccann119@email.com,Male,21,Psychology,83.6,50,56,55.7,50.0,60,50,53.5,F,8,yes,Bachelor's,medium,6
120,Aaron,Williams,aaron.williams120@email.com,Male,20,Political Science,93.5,67,89,91.0,71.2,65,71,78.8,C+,9,yes,Associate,medium,4
121,Brooke,Hood,brooke.hood121@email.com,Male,23,Mathematics,82.9,72,58,57.9,72.1,60,70,64.2,D,7,no,High School,medium,8
122,Brandon,Reyes,brandon.reyes122@email.com,Male,19,Business,74.5,86,65,81.4,60.8,79,76,74.6,C,11,yes,Bachelor's,low,6
123,David,Davenport,david.davenport123@email.com,Female,22,Computer Science,90.8,62,81,75.3,71.9,60,68,71.9,C-,11,yes,Master's,medium,3
124,Richard,Thompson,richard.thompson124@email.com,Male,20,Psychology,68.9,78,75,92.8,75.9,94,86,79.9,C+,6,no,Associate,low,4
125,Dean,Savage,dean.savage125@email.com,Female,21,Psychology,90.1,40,40,50.0,50.0,60,50,43.5,F,14,no,Bachelor's,medium,7
126,Matthew,Ho,matthew.ho126@email.com,Female,18,Economics,97.3,73,72,72.9,66.3,60,62,70.6,C-,15,yes,High School,medium,2
127,Joseph,Rodriguez,joseph.rodriguez127@email.com,Female,23,Psychology,93.8,90,67,78.9,80.1,63,83,77.2,C+,8,yes,High School,low,6
128,Julie,Humphrey,julie.humphrey128@email.com,Female,23,Economics,91.9,57,67,64.7,68.2,72,58,63.2,D,10,no,Associate,medium,7
129,Carrie,Fisher,carrie.fisher129@email.com,Female,18,Engineering,65.3,69,78,83.6,83.2,84,88,77.5,C+,7,yes,Associate,medium,4
130,Kyle,Newman,kyle.newman130@email.com,Female,18,Chemistry,68.4,52,40,50.9,50.0,60,50,47.2,F,13,yes,High School,high,8
131,Bradley,Martinez,bradley.martinez131@email.com,Male,22,Physics,84.1,86,80,75.1,84.7,83,100,83.7,B,11,yes,High School,medium,6
132,Bonnie,Anderson,bonnie.anderson132@email.com,Male,24,Engineering,76.4,75,67,60.8,70.1,69,62,68.6,D,12,yes,Associate,medium,7
133,Justin,Davis,justin.davis133@email.com,Female,19,Business,95.8,84,91,89.9,84.1,60,89,86.7,B,6,yes,Bachelor's,low,5
134,Andrew,Adams,andrew.adams134@email.com,Female,21,History,91.5,69,57,65.8,70.8,60,80,64.7,D,8,yes,High School,high,6
135,Christine,Perkins,christine.perkins135@email.com,Female,20,Psychology,76.2,50,70,64.1,76.6,60,60,62.3,D,13,yes,High School,low,6
136,Samantha,Goodwin,samantha.goodwin136@email.com,Female,23,Business,81.6,74,82,68.0,77.3,61,78,76.6,C,22,yes,Bachelor's,medium,5
137,Erin,Wong,erin.wong137@email.com,Male,22,Psychology,76.1,50,55,50.0,53.1,60,68,54.5,F,10,yes,Associate,low,5
138,Stacy,Austin,stacy.austin138@email.com,Male,20,Business,93.8,80,84,78.9,93.7,92,84,83.2,B,15,yes,Bachelor's,medium,5
139,Zachary,Owens,zachary.owens139@email.com,Female,20,Political Science,69.1,67,63,57.5,73.1,86,88,67.9,D,10,yes,Associate,low,6
140,Gregory,Smith,gregory.smith140@email.com,Male,23,History,81.5,77,76,83.6,86.2,67,78,77.4,C+,10,yes,Master's,medium,5
141,Suzanne,Lewis,suzanne.lewis141@email.com,Male,18,Engineering,84.9,57,54,65.6,70.7,65,75,59.6,F,9,no,High School,medium,7
142,David,Hall,david.hall142@email.com,Female,21,Mathematics,97.5,80,84,80.3,76.0,65,83,81.0,B-,14,yes,High School,low,4
143,Keith,Mercado,keith.mercado143@email.com,Male,22,Psychology,76.9,79,60,72.7,71.7,71,69,69.1,D,9,yes,Bachelor's,medium,6
144,Brad,Lang,brad.lang144@email.com,Female,23,Biology,80.6,49,43,59.7,65.1,60,60,50.2,F,14,no,Master's,medium,5
145,Andrew,Newton,andrew.newton145@email.com,Female,20,Engineering,84.4,61,50,55.5,65.1,60,50,55.1,F,9,yes,Bachelor's,medium,7
146,Eric,Bauer,eric.bauer146@email.com,Male,23,Chemistry,78.1,73,70,82.5,60.4,64,55,70.0,D,10,yes,High School,low,5
147,Mariah,Shaw,mariah.shaw147@email.com,Male,20,Computer Science,77.5,73,62,55.5,69.2,60,78,66.6,D,13,yes,Associate,high,8
148,William,Roman,william.roman148@email.com,Male,24,History,95.6,45,40,54.6,63.3,60,50,46.1,F,5,yes,High School,low,6
149,Todd,Goodman,todd.goodman149@email.com,Male,20,History,78.7,72,69,82.3,70.6,85,70,72.2,C-,16,yes,Bachelor's,high,5
150,Blake,Brooks,blake.brooks150@email.com,Female,20,Chemistry,87.2,69,65,69.0,77.7,62,60,66.7,D,19,yes,Associate,low,5
151,Anna,Jones,anna.jones151@email.com,Male,21,Mathematics,76.6,66,52,70.5,60.7,78,67,61.4,D,7,yes,Associate,high,7
152,Pamela,Conley,pamela.conley152@email.com,Male,20,Biology,100.0,76,83,85.3,73.5,79,70,79.2,C+,16,yes,Master's,medium,6
153,Taylor,Hensley,taylor.hensley153@email.com,Female,21,Business,90.0,76,75,77.0,92.4,70,78,76.6,C,8,yes,Associate,high,5
154,Brandy,Ramirez,brandy.ramirez154@email.com,Male,21,Engineering,93.3,76,62,75.5,56.7,60,71,68.1,D,7,yes,Associate,medium,8
155,Sarah,Dean,sarah.dean155@email.com,Male,23,History,99.1,67,73,69.6,77.1,71,70,70.7,C-,11,yes,Associate,medium,5
156,Wesley,Moore,wesley.moore156@email.com,Female,21,English Literature,93.1,93,72,76.6,74.5,67,81,79.6,C+,9,yes,Bachelor's,medium,2
157,Emily,Peterson,emily.peterson157@email.com,Female,20,Computer Science,100.0,76,72,88.1,64.3,72,53,72.6,C-,14,yes,Master's,high,4
158,Tracy,Flores,tracy.flores158@email.com,Male,22,Business,85.4,83,74,80.9,77.4,94,55,76.8,C,9,yes,Master's,high,3
159,John,Cunningham,john.cunningham159@email.com,Female,24,Political Science,76.2,56,59,68.1,64.8,68,52,59.2,F,10,yes,High School,low,7
160,Linda,Davis,linda.davis160@email.com,Female,21,History,83.2,85,80,96.4,74.9,77,73,82.1,B-,20,yes,Bachelor's,high,4
161,Vanessa,Williams,vanessa.williams161@email.com,Female,19,Psychology,88.0,40,44,50.0,50.0,60,50,45.1,F,11,yes,Bachelor's,medium,5
162,Kristy,Fowler,kristy.fowler162@email.com,Female,18,Chemistry,79.2,99,83,84.2,74.5,74,72,86.0,B,16,yes,Master's,high,5
163,Angela,Olson,angela.olson163@email.com,Male,24,Biology,85.7,63,68,65.6,59.6,60,67,65.4,D,10,yes,Associate,high,7
164,Michelle,Ferguson,michelle.ferguson164@email.com,Female,22,History,94.0,57,68,65.6,53.9,60,50,61.6,D,5,no,Associate,medium,5
165,Karen,Johnson,karen.johnson165@email.com,Male,21,Psychology,86.1,40,40,57.8,55.3,60,50,44.5,F,15,yes,Associate,high,8
166,Stephanie,Simmons,stephanie.simmons166@email.com,Male,20,Chemistry,92.6,84,78,77.2,64.2,66,100,80.7,B-,12,no,Associate,medium,4
167,Stephanie,Macdonald,stephanie.macdonald167@email.com,Female,22,Economics,91.2,79,79,81.0,78.4,86,81,79.8,C+,9,yes,Master's,low,3
168,Lori,Johnson,lori.johnson168@email.com,Male,23,Physics,82.5,81,78,89.7,85.7,60,91,80.9,B-,17,yes,Associate,medium,2
169,Miguel,Dennis,miguel.dennis169@email.com,Male,18,Political Science,100.0,70,79,88.5,62.0,79,84,77.0,C,17,no,Bachelor's,medium,6
170,Christine,Hart,christine.hart170@email.com,Female,22,Computer Science,86.1,99,80,88.4,66.6,61,73,84.3,B,16,yes,High School,low,4
171,Tina,Mcclain,tina.mcclain171@email.com,Male,19,Biology,87.3,82,60,67.2,77.5,60,74,69.7,D,11,yes,Associate,medium,5
172,Eric,Morris,eric.morris172@email.com,Female,23,Business,80.1,76,73,89.4,97.0,76,86,78.3,C+,14,yes,Bachelor's,high,4
173,Justin,Baker,justin.baker173@email.com,Female,18,Political Science,87.4,71,60,83.5,89.6,95,69,69.9,D,7,yes,Associate,medium,7
174,Ashley,Robertson,ashley.robertson174@email.com,Male,21,Engineering,92.6,96,75,70.8,75.3,76,77,81.2,B-,13,no,Associate,medium,7
175,Tracie,Flores,tracie.flores175@email.com,Male,23,Physics,73.3,70,68,77.7,54.9,60,72,68.9,D,11,yes,Associate,low,5
176,Yolanda,Wood,yolanda.wood176@email.com,Female,20,Engineering,91.7,81,60,71.2,90.7,90,77,72.3,C-,11,yes,Associate,high,7
177,Lynn,Rios,lynn.rios177@email.com,Female,21,Mathematics,77.1,40,50,50.0,62.8,60,54,48.6,F,7,yes,Bachelor's,medium,7
178,Charles,Lee,charles.lee178@email.com,Male,20,Biology,90.1,85,75,88.5,87.2,83,91,82.0,B-,15,yes,High School,low,6
179,Christopher,Smith,christopher.smith179@email.com,Female,19,Political Science,76.3,60,54,50.0,59.3,66,50,55.9,F,11,yes,Master's,high,7
180,Amber,Allen,amber.allen180@email.com,Female,21,Engineering,85.8,58,57,64.4,72.8,60,64,59.7,F,11,yes,Bachelor's,high,8
181,Aaron,Payne,aaron.payne181@email.com,Female,22,Psychology,87.8,51,61,50.0,54.0,60,50,55.4,F,16,yes,High School,medium,8
182,Mikayla,Walker,mikayla.walker182@email.com,Male,23,Biology,80.1,71,84,89.0,89.2,100,84,81.7,B-,12,yes,Bachelor's,high,4
183,Karina,Hall,karina.hall183@email.com,Male,24,Business,93.1,46,67,71.8,68.8,60,52,59.5,F,14,yes,Bachelor's,medium,10
184,Jodi,Boyd,jodi.boyd184@email.com,Male,21,Mathematics,96.3,55,68,63.2,71.2,60,61,62.7,D,8,yes,Associate,low,8
185,Jennifer,Bernard,jennifer.bernard185@email.com,Female,21,Engineering,88.4,62,61,74.9,72.4,60,62,63.4,D,9,no,Associate,high,5
186,Michael,Johnson,michael.johnson186@email.com,Female,21,History,95.6,67,66,75.2,73.4,64,50,65.9,D,7,yes,Bachelor's,medium,7
187,Edgar,Miles,edgar.miles187@email.com,Female,19,Psychology,91.3,65,92,79.5,86.7,71,86,80.8,B-,17,yes,Associate,high,6
188,Daniel,Glover,daniel.glover188@email.com,Female,24,Biology,93.2,61,63,82.7,61.1,82,62,65.2,D,5,yes,High School,medium,7
189,Levi,Randall,levi.randall189@email.com,Male,21,Physics,81.9,83,70,83.2,69.2,81,79,76.7,C,12,no,Associate,medium,5
190,Anthony,Mccall,anthony.mccall190@email.com,Male,20,Mathematics,60.9,67,71,70.6,83.1,65,76,70.6,C-,15,yes,Associate,low,3
191,James,Davis,james.davis191@email.com,Male,21,Computer Science,86.9,73,63,87.3,88.7,62,86,72.1,C-,11,yes,Bachelor's,medium,6
192,Charles,Ramirez,charles.ramirez192@email.com,Female,23,Biology,86.5,84,61,60.6,61.4,60,61,67.9,D,13,yes,High School,low,4
193,Henry,Petersen,henry.petersen193@email.com,Female,20,Political Science,78.8,53,66,63.9,50.0,60,61,60.3,D,6,yes,High School,high,8
194,Kenneth,Quinn,kenneth.quinn194@email.com,Male,21,Biology,90.2,76,74,88.5,73.4,64,76,75.7,C,16,yes,Bachelor's,medium,5
195,Martha,Pollard,martha.pollard195@email.com,Male,18,Business,83.4,70,65,57.6,60.9,63,72,66.2,D,7,yes,High School,low,6
196,Patrick,Vaughn,patrick.vaughn196@email.com,Male,19,Biology,71.9,82,88,85.2,74.0,80,80,84.1,B,11,yes,High School,high,5
197,Lisa,Webster,lisa.webster197@email.com,Male,21,Biology,89.6,67,82,80.9,84.2,76,74,76.5,C,5,yes,Master's,medium,5
198,Joshua,Ryan,joshua.ryan198@email.com,Female,21,Psychology,72.1,58,65,59.3,51.2,60,50,59.9,F,14,yes,Associate,low,7
199,Brian,Hart,brian.hart199@email.com,Female,19,Biology,85.7,52,67,62.6,60.5,63,50,59.9,F,17,yes,Associate,medium,10
200,Ashlee,Rodriguez,ashlee.rodriguez200@email.com,Male,21,History,86.5,78,81,72.3,75.4,60,84,78.3,C+,12,yes,Associate,low,3
201,Tiffany,Gay,tiffany.gay201@email.com,Female,19,History,92.5,55,62,50.0,50.0,62,57,57.6,F,8,no,High School,low,6
202,Karen,Wilson,karen.wilson202@email.com,Male,24,English Literature,94.2,82,56,71.7,57.8,67,75,68.0,D,11,yes,Bachelor's,high,6
203,Patrick,Allen,patrick.allen203@email.com,Male,18,Psychology,75.7,70,54,72.0,60.5,69,54,61.8,D,6,yes,Associate,medium,6
204,Karen,Martin,karen.martin204@email.com,Female,22,Mathematics,60.0,45,47,53.3,65.1,60,53,49.2,F,14,yes,Bachelor's,high,8
205,Jade,Nguyen,jade.nguyen205@email.com,Female,23,Engineering,92.3,53,46,57.8,59.7,69,54,52.0,F,9,yes,Associate,medium,5
206,Michael,Wood,michael.wood206@email.com,Female,19,English Literature,90.2,87,79,67.6,82.2,60,70,78.6,C+,8,yes,High School,low,5
207,Brooke,Snyder,brooke.snyder207@email.com,Female,18,Political Science,83.2,61,57,62.3,64.4,60,65,60.1,D,7,yes,Bachelor's,medium,8
208,Seth,Martinez,seth.martinez208@email.com,Female,18,Economics,65.3,40,40,50.0,50.0,60,50,43.5,F,11,yes,High School,low,10
209,Cindy,Duffy,cindy.duffy209@email.com,Female,18,Chemistry,85.4,75,74,86.6,64.7,65,62,73.5,C,19,yes,Bachelor's,low,4
210,Nina,Alvarez,nina.alvarez210@email.com,Male,20,English Literature,85.0,71,62,82.3,70.1,64,72,68.3,D,8,yes,Bachelor's,high,6
211,James,Perez,james.perez211@email.com,Male,21,Physics,96.1,69,49,50.0,50.0,63,52,56.2,F,5,yes,Bachelor's,medium,6
212,Kathy,Ortiz,kathy.ortiz212@email.com,Female,22,English Literature,93.6,74,81,91.9,77.8,70,81,79.4,C+,14,yes,High School,medium,5
213,Daniel,Hughes,daniel.hughes213@email.com,Female,19,Economics,100.0,40,43,50.0,50.0,60,58,45.6,F,9,yes,High School,low,5
214,Ashley,Jackson,ashley.jackson214@email.com,Female,20,Engineering,88.4,74,73,84.9,97.1,83,72,76.2,C,7,yes,Associate,low,7
215,Jackie,Williams,jackie.williams215@email.com,Male,18,Political Science,100.0,46,64,61.2,60.4,60,59,57.5,F,15,yes,Associate,low,5
216,Caleb,Jones,caleb.jones216@email.com,Female,18,Engineering,80.0,77,85,84.6,85.3,65,92,82.3,B-,12,yes,Bachelor's,low,6
217,Jesse,Ward,jesse.ward217@email.com,Male,23,Psychology,83.6,72,57,71.9,84.2,61,70,66.0,D,8,yes,Master's,high,6
218,Jonathan,Rasmussen,jonathan.rasmussen218@email.com,Male,18,Psychology,95.4,69,72,72.4,84.4,62,65,70.6,C-,16,yes,Associate,high,6
219,Brett,Davis,brett.davis219@email.com,Female,19,Business,89.7,80,77,69.0,80.3,77,66,76.3,C,13,yes,Doctorate,high,5
220,Valerie,Phillips,valerie.phillips220@email.com,Male,18,Psychology,79.1,76,88,83.8,89.2,80,100,84.9,B,14,no,Associate,medium,4
221,Heather,Holt,heather.holt221@email.com,Male,24,Engineering,67.3,52,58,55.5,54.5,60,68,56.9,F,10,yes,Bachelor's,low,5
222,Jessica,Nash,jessica.nash222@email.com,Female,23,Chemistry,75.0,90,79,94.4,79.9,83,66,82.8,B-,12,yes,Bachelor's,high,5
223,Anthony,Rivera,anthony.rivera223@email.com,Male,19,Biology,90.5,78,79,87.8,81.4,60,78,78.7,C+,13,yes,Master's,medium,3
224,Ashley,Phillips,ashley.phillips224@email.com,Female,20,Mathematics,63.4,73,67,61.3,69.9,67,68,68.5,D,13,yes,Associate,medium,4
225,Michael,Turner,michael.turner225@email.com,Female,23,Economics,60.9,76,81,93.3,75.3,85,62,78.8,C+,11,yes,Associate,medium,5
226,George,Morris,george.morris226@email.com,Female,19,Physics,100.0,68,64,72.6,65.4,60,82,67.8,D,16,yes,Associate,high,5
227,Marissa,Hughes,marissa.hughes227@email.com,Female,20,Physics,99.1,57,89,92.9,80.8,63,89,78.2,C+,5,yes,Bachelor's,high,4
228,Troy,Melton,troy.melton228@email.com,Female,24,Political Science,75.8,55,66,61.0,59.2,60,61,61.1,D,13,yes,Master's,medium,7
229,Robert,Roberts,robert.roberts229@email.com,Female,22,Business,98.3,89,88,83.9,86.6,66,83,86.3,B,14,yes,Master's,high,5
230,Jennifer,Robles,jennifer.robles230@email.com,Male,18,Psychology,84.0,64,69,58.8,78.1,63,63,66.2,D,16,no,Associate,high,3
231,Christopher,Moreno,christopher.moreno231@email.com,Female,23,Engineering,80.4,73,79,61.3,67.9,70,83,74.9,C,16,yes,Bachelor's,high,4
232,Ian,Adams,ian.adams232@email.com,Female,22,Computer Science,91.2,40,47,54.1,50.0,60,60,47.7,F,5,yes,Associate,medium,8
233,Brittany,Robinson,brittany.robinson233@email.com,Male,20,Engineering,81.0,76,60,72.1,53.1,80,77,68.4,D,16,yes,Doctorate,medium,10
234,Brandy,Lambert,brandy.lambert234@email.com,Female,19,History,75.8,69,71,74.2,76.8,69,69,70.8,C-,14,yes,Bachelor's,medium,7
235,Edward,Cobb,edward.cobb235@email.com,Female,19,English Literature,96.1,64,69,88.2,72.1,62,70,69.4,D,19,yes,Bachelor's,high,6
236,Sarah,Jackson,sarah.jackson236@email.com,Female,21,English Literature,93.6,94,79,77.9,85.3,75,94,85.1,B,15,yes,Bachelor's,medium,1
237,Tamara,Moore,tamara.moore237@email.com,Male,20,History,90.5,41,55,50.0,54.6,60,58,50.9,F,12,yes,Associate,low,5
238,James,Fischer,james.fischer238@email.com,Female,21,Physics,84.7,87,75,88.7,79.2,61,75,79.6,C+,13,yes,Associate,medium,2
239,Brian,Franklin,brian.franklin239@email.com,Male,24,English Literature,85.7,57,51,50.0,50.0,60,50,53.0,F,9,no,High School,medium,7
240,Rachel,Scott,rachel.scott240@email.com,Male,21,Political Science,95.4,71,59,82.0,74.6,68,71,67.4,D,14,no,High School,low,6
241,Laura,Oliver,laura.oliver241@email.com,Female,22,Computer Science,98.3,91,96,92.5,82.6,86,81,91.6,A,14,yes,High School,low,4
242,Bobby,Mendez,bobby.mendez242@email.com,Male,20,Physics,89.1,99,78,92.2,91.9,60,76,85.4,B,8,yes,Bachelor's,medium,8
243,Nicholas,Davidson,nicholas.davidson243@email.com,Male,19,Mathematics,90.5,96,80,80.9,90.3,87,85,86.4,B,16,yes,Associate,low,4
244,Kayla,Rodgers,kayla.rodgers244@email.com,Female,22,History,80.1,84,77,94.4,70.2,98,79,81.8,B-,12,yes,Associate,medium,3
245,Allison,Bernard,allison.bernard245@email.com,Male,21,Physics,90.6,40,40,50.0,50.0,60,50,43.5,F,12,yes,Associate,medium,9
246,Sydney,Higgins,sydney.higgins246@email.com,Female,23,English Literature,86.8,69,59,79.4,77.4,83,74,67.7,D,10,yes,Bachelor's,low,7
247,Martin,Rivera,martin.rivera247@email.com,Female,20,English Literature,95.0,72,81,75.5,70.7,63,75,75.8,C,8,yes,High School,medium,5
248,Lori,Greer,lori.greer248@email.com,Female,20,History,87.6,52,49,58.2,65.0,60,51,52.4,F,17,yes,Doctorate,low,6
249,Christopher,Mcbride,christopher.mcbride249@email.com,Female,22,Psychology,81.5,40,49,57.9,58.3,60,50,48.3,F,10,yes,Associate,high,5
250,William,Oliver,william.oliver250@email.com,Female,24,Psychology,82.2,84,67,82.8,87.9,70,66,74.8,C,10,no,High School,low,3
251,Amy,Arellano,amy.arellano251@email.com,Female,21,History,84.8,40,40,50.0,50.0,60,50,43.5,F,8,yes,Associate,low,8
252,Connie,Black,connie.black252@email.com,Male,24,English Literature,88.6,52,40,50.0,50.0,60,50,47.1,F,18,no,High School,medium,7
253,Donna,Brooks,donna.brooks253@email.com,Male,24,History,82.3,67,86,86.5,88.7,65,73,78.2,C+,18,yes,Master's,medium,3
254,Amber,Donovan,amber.donovan254@email.com,Female,20,Physics,74.0,49,53,57.8,53.8,63,50,52.5,F,12,yes,Associate,medium,7
255,Justin,Wells,justin.wells255@email.com,Male,20,History,76.2,49,42,50.0,61.5,60,50,47.6,F,16,yes,Bachelor's,low,9
256,Ashley,Mercer,ashley.mercer256@email.com,Male,18,English Literature,91.9,61,67,76.0,80.1,68,67,66.9,D,17,yes,Associate,low,5
257,Sean,Woods,sean.woods257@email.com,Male,24,Biology,100.0,92,79,82.3,88.3,63,94,84.5,B,15,yes,High School,medium,4
258,Phillip,Gomez,phillip.gomez258@email.com,Female,24,Political Science,91.5,79,55,64.6,50.0,63,51,63.0,D,7,yes,Master's,low,8
259,Susan,Rodriguez,susan.rodriguez259@email.com,Female,21,Political Science,88.3,49,40,50.0,50.0,60,50,46.2,F,9,yes,Associate,medium,7
260,Andrew,Campbell,andrew.campbell260@email.com,Female,19,Economics,100.0,78,72,84.8,65.8,74,69,74.7,C,14,yes,Associate,medium,4
261,Robert,Parker,robert.parker261@email.com,Male,24,Biology,81.0,91,75,79.1,91.8,92,61,80.5,B-,12,yes,Doctorate,high,5
262,Preston,Green,preston.green262@email.com,Female,21,Political Science,95.4,43,55,54.2,50.0,60,52,51.1,F,15,yes,Master's,high,5
263,Dylan,Oconnor,dylan.oconnor263@email.com,Female,21,Engineering,78.6,58,43,50.0,50.9,60,50,50.1,F,10,yes,Doctorate,low,6
264,Danielle,Murphy,danielle.murphy264@email.com,Female,20,Economics,100.0,78,89,77.8,74.2,69,75,81.6,B-,8,yes,Bachelor's,medium,3
265,Paul,Thompson,paul.thompson265@email.com,Male,18,Biology,89.1,50,53,54.6,54.0,60,61,53.5,F,10,yes,Associate,medium,9
266,Amber,Howard,amber.howard266@email.com,Female,23,History,92.2,93,96,91.2,79.0,84,84,92.1,A,10,no,Bachelor's,medium,4
267,William,Harrison,william.harrison267@email.com,Female,22,Engineering,78.6,61,72,72.8,75.8,75,79,69.9,D,11,yes,Associate,medium,7
268,Charles,Murphy,charles.murphy268@email.com,Female,24,History,72.6,72,58,72.1,70.5,88,78,67.8,D,13,yes,High School,low,4
269,Sheila,Cooper,sheila.cooper269@email.com,Female,24,Political Science,88.1,69,69,73.4,58.6,66,64,68.3,D,14,yes,Associate,medium,8
270,Angela,Morgan,angela.morgan270@email.com,Male,20,Computer Science,72.0,77,66,61.6,76.2,66,75,70.4,C-,9,no,Bachelor's,high,7
271,Jennifer,Cummings,jennifer.cummings271@email.com,Female,22,Engineering,76.8,96,85,84.0,77.2,81,81,87.3,B+,7,yes,Master's,low,2
272,Jeffrey,Gregory,jeffrey.gregory272@email.com,Male,24,Business,87.2,58,88,81.6,82.7,86,66,75.9,C,9,no,Bachelor's,medium,3
273,Andrea,Porter,andrea.porter273@email.com,Female,21,History,76.4,67,55,66.4,67.9,60,64,61.6,D,18,yes,High School,medium,7
274,Nathan,Bishop,nathan.bishop274@email.com,Female,22,English Literature,87.8,41,40,51.0,50.0,60,50,43.9,F,9,no,Associate,low,6
275,Leslie,Stevens,leslie.stevens275@email.com,Female,22,Biology,80.0,72,71,82.8,68.0,77,76,73.2,C,18,yes,High School,low,5
276,James,Mcdonald,james.mcdonald276@email.com,Female,19,Psychology,68.9,73,78,78.9,86.2,73,85,77.5,C+,13,yes,Doctorate,high,6
277,Robin,Burke,robin.burke277@email.com,Male,18,English Literature,97.8,86,79,89.6,75.1,84,95,83.9,B,8,yes,Master's,medium,6
278,Amber,Peterson,amber.peterson278@email.com,Female,18,Computer Science,78.8,40,63,58.7,73.5,60,70,56.8,F,8,yes,High School,medium,8
279,Kara,Lopez,kara.lopez279@email.com,Male,24,Psychology,88.4,53,54,61.5,59.5,60,55,55.2,F,7,yes,High School,low,6
280,Christina,Morris,christina.morris280@email.com,Male,23,Computer Science,95.5,70,88,71.7,100.0,89,75,80.4,B-,9,yes,Associate,medium,5
281,Caleb,Edwards,caleb.edwards281@email.com,Male,24,History,79.0,79,69,74.5,74.2,61,82,73.8,C,11,no,Bachelor's,low,4
282,Amanda,Wade,amanda.wade282@email.com,Male,23,History,81.3,40,40,50.0,54.4,60,50,43.7,F,5,no,Master's,low,7
283,Richard,Patel,richard.patel283@email.com,Female,23,Mathematics,67.6,59,63,72.7,69.3,60,50,61.6,D,7,yes,Bachelor's,medium,5
284,Joseph,Nichols,joseph.nichols284@email.com,Female,18,Mathematics,70.7,66,81,89.2,74.8,85,82,77.3,C+,10,yes,Bachelor's,high,3
285,Kimberly,Walker,kimberly.walker285@email.com,Male,19,Engineering,80.3,50,46,50.0,50.9,63,50,49.1,F,11,yes,High School,medium,9
286,Corey,Henry,corey.henry286@email.com,Male,19,Chemistry,66.2,66,64,69.2,64.3,71,53,64.5,D,14,yes,Associate,medium,5
287,Wesley,Shelton,wesley.shelton287@email.com,Female,19,Computer Science,100.0,67,76,74.3,79.8,60,59,70.9,C-,13,yes,High School,low,6
288,Olivia,Mills,olivia.mills288@email.com,Female,22,Economics,88.3,48,67,77.1,66.7,64,67,62.2,D,16,no,High School,low,6
289,Martin,Evans,martin.evans289@email.com,Female,21,Chemistry,96.1,90,82,80.7,82.9,64,62,81.5,B-,14,no,High School,medium,5
290,Carol,Roberts,carol.roberts290@email.com,Male,22,History,95.6,68,64,59.7,63.1,60,66,64.8,D,5,yes,Bachelor's,low,7
291,Leslie,Williams,leslie.williams291@email.com,Female,18,Psychology,96.0,51,44,50.2,50.0,60,50,48.4,F,13,no,High School,medium,5
292,Michael,Oneal,michael.oneal292@email.com,Female,21,Business,72.5,45,40,50.0,50.6,60,50,45.0,F,16,no,High School,medium,7
293,Chad,White,chad.white293@email.com,Female,24,Engineering,66.0,83,93,77.9,77.3,60,73,84.1,B,14,no,Bachelor's,high,4
294,Amanda,Chambers,amanda.chambers294@email.com,Male,21,Engineering,88.4,43,67,51.0,50.0,62,57,56.2,F,17,no,Associate,low,5
295,Martha,Wells,martha.wells295@email.com,Female,20,Business,75.1,74,81,84.3,89.7,83,80,79.7,C+,12,yes,Bachelor's,high,2
296,Heather,Davis,heather.davis296@email.com,Female,20,Economics,82.6,74,73,86.1,90.2,98,86,78.1,C+,10,yes,High School,medium,3
297,Maria,Bates,maria.bates297@email.com,Male,23,English Literature,86.8,64,73,88.5,81.1,80,74,72.8,C-,5,yes,Bachelor's,medium,6
298,David,Fowler,david.fowler298@email.com,Male,22,Business,97.3,66,48,64.8,56.1,60,50,56.3,F,7,yes,Associate,medium,6
299,Jesus,Torres,jesus.torres299@email.com,Female,24,Psychology,79.8,58,51,62.4,57.9,66,72,57.5,F,16,yes,Bachelor's,medium,9
300,Grant,Obrien,grant.obrien300@email.com,Female,19,Business,90.1,75,66,95.9,74.1,72,70,72.9,C-,12,yes,Associate,medium,4
301,James,Brock,james.brock301@email.com,Male,20,English Literature,91.9,60,57,60.8,80.2,63,54,59.5,F,8,yes,High School,high,7
302,Julie,Knapp,julie.knapp302@email.com,Male,22,Engineering,84.2,66,84,95.9,98.9,71,85,80.1,B-,11,yes,Bachelor's,medium,5
303,Alison,Davis,alison.davis303@email.com,Female,24,Mathematics,96.8,64,79,95.4,83.9,71,66,74.8,C,7,yes,Bachelor's,medium,6
304,Michael,Brown,michael.brown304@email.com,Female,21,English Literature,93.4,54,55,79.8,66.3,60,63,58.8,F,9,yes,High School,low,8
305,Charlene,Peterson,charlene.peterson305@email.com,Female,18,Political Science,89.7,42,45,50.0,50.0,60,50,46.1,F,10,yes,High School,low,6
306,Hannah,Parker,hannah.parker306@email.com,Female,24,Chemistry,93.9,67,70,87.5,81.9,69,82,72.6,C-,21,yes,Associate,low,8
307,Henry,Stevenson,henry.stevenson307@email.com,Male,24,English Literature,70.6,66,44,71.3,55.2,60,56,56.0,F,17,no,Master's,medium,4
308,Wendy,Smith,wendy.smith308@email.com,Female,20,Economics,77.7,82,85,86.0,97.6,81,76,83.8,B,12,no,Bachelor's,medium,6
309,Daniel,Olson,daniel.olson309@email.com,Male,21,Business,96.2,89,78,82.0,73.1,81,79,81.7,B-,15,yes,Doctorate,high,4
310,Bonnie,Solomon,bonnie.solomon310@email.com,Male,18,History,84.4,45,62,58.0,50.0,60,50,54.6,F,10,yes,Master's,high,6
311,John,Johnson,john.johnson311@email.com,Female,24,Computer Science,71.5,55,60,76.8,74.7,71,58,61.4,D,13,yes,Bachelor's,low,8
312,Douglas,Rivera,douglas.rivera312@email.com,Female,23,Chemistry,91.0,40,40,52.2,50.0,60,53,44.0,F,10,yes,High School,medium,7
313,Jill,Thompson,jill.thompson313@email.com,Male,22,History,92.8,76,89,99.3,82.1,70,65,82.5,B-,13,no,High School,medium,7
314,Jordan,Stephens,jordan.stephens314@email.com,Male,18,Engineering,73.3,82,46,57.7,73.4,76,60,62.3,D,9,yes,Associate,medium,5
315,Susan,Brock,susan.brock315@email.com,Female,22,Psychology,92.2,57,49,70.1,53.7,69,58,55.8,F,9,no,Associate,medium,4
316,James,Richmond,james.richmond316@email.com,Female,18,History,78.9,66,65,86.3,80.7,73,89,71.1,C-,10,no,Master's,medium,3
317,Heather,Scott,heather.scott317@email.com,Male,23,Mathematics,86.1,48,57,50.0,51.2,60,53,53.1,F,9,yes,High School,medium,5
318,James,Brown,james.brown318@email.com,Male,22,Biology,98.1,77,65,82.1,69.0,64,68,70.8,C-,10,yes,Associate,medium,3
319,Patrick,Warner,patrick.warner319@email.com,Female,23,Business,86.4,64,67,68.8,64.9,73,50,64.8,D,9,yes,Bachelor's,low,9
320,Alexander,Frost,alexander.frost320@email.com,Male,22,Chemistry,95.0,88,84,86.9,85.9,72,78,84.4,B,11,yes,Associate,medium,5
321,Michael,Campos,michael.campos321@email.com,Female,22,Economics,74.4,82,82,90.0,68.4,62,76,80.6,B-,5,no,High School,medium,3
322,Kathryn,Wolfe,kathryn.wolfe322@email.com,Female,22,History,93.9,55,40,55.6,67.4,60,50,49.4,F,16,yes,High School,low,8
323,Stacey,Jackson,stacey.jackson323@email.com,Male,20,Mathematics,85.5,84,75,92.6,76.1,79,91,81.4,B-,15,no,Associate,medium,7
324,Timothy,Hays,timothy.hays324@email.com,Male,18,Computer Science,77.7,58,70,62.5,59.9,66,57,63.7,D,11,yes,Associate,medium,7
325,Heather,Fowler,heather.fowler325@email.com,Male,24,Business,93.8,67,65,70.2,68.4,65,64,66.2,D,10,yes,Associate,medium,6
326,William,Roman,william.roman326@email.com,Female,24,Engineering,90.9,74,78,81.0,61.6,74,70,75.3,C,14,no,Bachelor's,medium,5
327,Christopher,Adams,christopher.adams327@email.com,Female,20,Computer Science,94.8,69,40,60.3,63.9,60,50,54.0,F,14,yes,High School,medium,8
328,Lisa,Marshall,lisa.marshall328@email.com,Female,22,History,80.8,47,40,50.0,50.0,60,50,45.6,F,8,yes,Associate,medium,5
329,Richard,Munoz,richard.munoz329@email.com,Female,22,Biology,77.7,51,54,56.0,54.1,60,50,53.2,F,15,yes,High School,low,5
330,Kara,Rodgers,kara.rodgers330@email.com,Female,23,Mathematics,84.6,53,62,62.6,50.0,60,64,58.9,F,9,yes,Master's,high,8
331,Mark,Jimenez,mark.jimenez331@email.com,Female,22,Engineering,90.8,86,66,64.4,83.0,63,57,71.7,C-,9,yes,High School,medium,5
332,Beth,Mcguire,beth.mcguire332@email.com,Female,24,History,91.8,81,60,78.3,61.5,60,62,68.4,D,10,yes,High School,medium,8
333,Ricardo,Hall,ricardo.hall333@email.com,Female,24,Political Science,92.4,60,60,64.3,82.2,74,69,63.2,D,11,yes,Associate,medium,6
334,Jennifer,Walker,jennifer.walker334@email.com,Male,22,Engineering,96.2,79,83,90.5,78.3,68,83,81.7,B-,15,yes,High School,medium,2
335,Nathaniel,Strong,nathaniel.strong335@email.com,Male,19,Chemistry,85.2,66,58,52.8,61.6,60,50,59.4,F,12,no,Doctorate,medium,5
336,Megan,Lutz,megan.lutz336@email.com,Male,20,Physics,83.9,43,58,58.7,60.6,60,66,54.7,F,9,yes,High School,low,7
337,Parker,Olson,parker.olson337@email.com,Male,19,History,74.4,42,44,52.2,50.0,60,51,46.1,F,7,yes,Bachelor's,low,6
338,Timothy,Cox,timothy.cox338@email.com,Male,22,Mathematics,72.1,59,49,50.0,53.2,60,55,53.5,F,11,no,Master's,high,8
339,Deborah,Kidd,deborah.kidd339@email.com,Female,20,History,87.1,41,40,50.0,50.0,60,50,43.8,F,11,yes,Associate,medium,7
340,Makayla,Arellano,makayla.arellano340@email.com,Female,22,English Literature,95.2,71,78,78.9,75.7,82,74,75.8,C,13,yes,Associate,medium,3
341,Aaron,Hanna,aaron.hanna341@email.com,Female,18,Psychology,83.7,72,88,78.7,87.7,60,74,79.5,C+,14,yes,Bachelor's,medium,4
342,Frank,Hernandez,frank.hernandez342@email.com,Male,24,Chemistry,90.4,82,82,94.5,85.1,78,91,84.1,B,14,yes,Associate,medium,5
343,Sean,Graham,sean.graham343@email.com,Female,22,Computer Science,81.9,47,62,50.0,67.1,60,64,56.7,F,8,yes,Bachelor's,low,6
344,Randall,Coleman,randall.coleman344@email.com,Male,23,English Literature,62.0,40,53,64.9,58.0,60,73,53.0,F,5,yes,Doctorate,high,7
345,Jennifer,Davis,jennifer.davis345@email.com,Female,20,Psychology,87.2,40,40,50.0,50.0,60,50,43.5,F,6,yes,Doctorate,medium,6
346,Emily,Mathis,emily.mathis346@email.com,Male,23,Psychology,76.9,81,93,100.0,77.0,71,78,86.8,B,14,yes,Bachelor's,high,5
347,Victoria,Blackburn,victoria.blackburn347@email.com,Male,18,Chemistry,85.6,70,69,59.8,72.9,62,69,68.3,D,22,yes,Bachelor's,medium,6
348,Marissa,Newman,marissa.newman348@email.com,Male,23,Psychology,90.4,40,40,50.0,50.0,60,50,43.5,F,11,yes,Master's,low,4
349,Alexis,Baldwin,alexis.baldwin349@email.com,Female,20,Political Science,95.5,55,51,69.1,65.3,60,74,57.6,F,5,yes,Associate,low,5
350,Gabriel,King,gabriel.king350@email.com,Male,24,Physics,100.0,52,60,77.1,54.8,60,62,59.3,F,13,yes,Doctorate,medium,8
351,Raymond,Krueger,raymond.krueger351@email.com,Male,23,Chemistry,83.5,65,78,90.6,81.3,65,91,76.2,C,7,yes,Associate,medium,5
352,Jacob,Lynch,jacob.lynch352@email.com,Female,21,Chemistry,77.6,68,50,64.9,50.0,67,63,59.1,F,5,yes,High School,medium,4
353,Amanda,Cummings,amanda.cummings353@email.com,Female,21,Engineering,89.3,54,71,65.5,84.8,69,62,65.1,D,14,no,Bachelor's,medium,6
354,Kenneth,Hunter,kenneth.hunter354@email.com,Female,22,Biology,93.4,77,66,73.1,67.4,76,75,71.6,C-,14,yes,Master's,low,3
355,Michael,Meyer,michael.meyer355@email.com,Male,18,Chemistry,78.0,93,71,87.9,92.4,61,81,80.9,B-,10,yes,Associate,low,5
356,Deborah,Carey,deborah.carey356@email.com,Female,22,Biology,100.0,97,55,78.8,60.8,68,67,72.2,C-,16,no,Master's,high,5
357,Mark,Torres,mark.torres357@email.com,Female,21,Mathematics,85.2,86,78,91.5,88.8,66,82,82.1,B-,16,yes,Master's,medium,5
358,Jose,Lowe,jose.lowe358@email.com,Female,19,Economics,88.6,61,61,68.8,50.9,64,50,60.3,D,18,no,Bachelor's,medium,7
359,Susan,White,susan.white359@email.com,Male,18,English Literature,83.5,63,64,80.2,68.1,68,64,65.8,D,16,yes,Master's,medium,8
360,Valerie,Richardson,valerie.richardson360@email.com,Male,24,English Literature,82.9,48,64,64.7,78.3,79,53,59.7,F,16,no,Bachelor's,medium,5
361,Kathleen,Rodriguez,kathleen.rodriguez361@email.com,Male,21,Chemistry,70.9,99,77,68.5,80.4,80,68,82.3,B-,9,yes,Doctorate,medium,4
362,Mark,White,mark.white362@email.com,Female,18,Psychology,76.4,47,44,50.0,50.0,60,50,47.2,F,11,yes,Doctorate,low,6
363,Darren,Contreras,darren.contreras363@email.com,Male,21,Engineering,88.9,58,60,61.6,50.0,60,70,60.1,D,11,yes,Bachelor's,low,7
364,Jill,Gilmore,jill.gilmore364@email.com,Male,22,English Literature,86.7,56,54,50.0,63.7,60,50,54.6,F,6,yes,Bachelor's,medium,5
365,Edward,Roy,edward.roy365@email.com,Male,21,History,100.0,67,79,83.7,71.3,74,78,75.2,C,11,yes,High School,medium,4
366,Tina,Ballard,tina.ballard366@email.com,Male,21,Political Science,89.4,40,45,50.0,59.5,60,50,46.0,F,13,yes,Associate,medium,7
367,Jamie,Perkins,jamie.perkins367@email.com,Male,19,Psychology,99.2,67,75,61.8,70.0,60,64,69.2,D,7,yes,Bachelor's,medium,7
368,Christine,Schmitt,christine.schmitt368@email.com,Female,20,Physics,67.9,60,81,80.3,75.6,85,61,72.7,C-,7,yes,Associate,medium,6
369,Nancy,Parker,nancy.parker369@email.com,Female,22,Physics,100.0,60,51,53.9,50.0,60,50,54.3,F,7,no,Master's,medium,4
370,Juan,Long,juan.long370@email.com,Female,20,Psychology,93.0,64,81,85.0,83.1,72,95,77.4,C+,19,yes,Bachelor's,medium,6
371,Gary,Lynch,gary.lynch371@email.com,Female,20,Mathematics,85.0,97,83,87.7,68.6,60,84,85.9,B,15,yes,Master's,high,4
372,Angela,Harris,angela.harris372@email.com,Male,23,Biology,83.2,63,55,69.7,60.2,60,63,60.2,D,8,yes,Associate,low,8
373,Lance,Shea,lance.shea373@email.com,Female,23,Economics,77.8,78,58,64.1,67.4,60,51,64.6,D,10,yes,Master's,high,6
374,Erin,Wilson,erin.wilson374@email.com,Male,19,Biology,72.2,85,77,75.7,72.6,61,50,75.7,C,8,yes,High School,low,4
375,Barbara,Maldonado,barbara.maldonado375@email.com,Female,22,Economics,87.6,56,61,82.0,89.5,60,53,62.3,D,13,yes,Associate,low,7
376,Joshua,Black,joshua.black376@email.com,Male,21,Psychology,67.9,69,75,81.2,80.9,70,61,72.5,C-,11,yes,Doctorate,high,1
377,Marcus,Villarreal,marcus.villarreal377@email.com,Female,22,Computer Science,85.7,49,51,58.6,59.3,60,50,51.9,F,5,yes,Associate,medium,7
378,Allison,Pena,allison.pena378@email.com,Female,24,Engineering,93.3,77,80,84.5,78.3,69,83,79.3,C+,16,no,High School,medium,4
379,Amy,Smith,amy.smith379@email.com,Male,23,Political Science,90.0,40,52,50.0,52.6,60,50,48.4,F,9,yes,Bachelor's,medium,8
380,Autumn,Hall,autumn.hall380@email.com,Male,18,Computer Science,77.7,56,57,61.2,70.6,60,62,58.5,F,14,yes,Bachelor's,low,6
381,Deborah,Russell,deborah.russell381@email.com,Male,18,Political Science,87.0,86,74,83.8,62.7,66,77,78.0,C+,16,yes,Bachelor's,medium,5
382,Chelsea,Mccall,chelsea.mccall382@email.com,Male,20,Computer Science,100.0,85,86,83.2,78.0,72,75,83.3,B,15,yes,Bachelor's,low,4
383,David,Fox,david.fox383@email.com,Female,24,Engineering,79.8,40,40,50.0,50.0,60,50,43.5,F,11,yes,Associate,medium,7
384,Nathan,Campbell,nathan.campbell384@email.com,Male,23,Computer Science,90.9,79,67,73.1,71.7,64,62,70.9,C-,16,yes,Associate,low,2
385,Jennifer,Spears,jennifer.spears385@email.com,Female,23,Engineering,97.1,59,58,59.0,69.7,81,59,60.3,D,11,yes,Master's,low,5
386,Brittany,Franco,brittany.franco386@email.com,Male,23,English Literature,94.4,71,72,85.6,59.6,64,66,71.5,C-,15,yes,Associate,medium,7
387,Chris,Price,chris.price387@email.com,Male,18,Biology,88.8,74,55,76.6,66.1,60,64,64.6,D,13,yes,Bachelor's,medium,6
388,Aaron,Harrison,aaron.harrison388@email.com,Male,20,History,95.8,99,62,79.0,95.3,60,96,79.9,C+,11,yes,Bachelor's,medium,5
389,David,Spencer,david.spencer389@email.com,Male,19,Economics,100.0,40,40,50.0,50.0,60,50,43.5,F,13,yes,High School,high,6
390,Eric,Woods,eric.woods390@email.com,Male,20,Business,76.4,49,42,50.0,50.0,60,54,47.5,F,9,yes,High School,high,6
391,Cameron,Alexander,cameron.alexander391@email.com,Female,19,Chemistry,85.3,57,41,55.1,50.0,60,64,51.0,F,9,yes,High School,low,7
392,Cody,Hensley,cody.hensley392@email.com,Male,23,Chemistry,100.0,83,84,83.8,72.4,74,87,83.0,B-,10,yes,Associate,low,6
393,Joseph,Moore,joseph.moore393@email.com,Male,22,History,78.8,74,85,83.3,71.3,75,68,78.7,C+,10,yes,Associate,medium,6
394,Matthew,Baldwin,matthew.baldwin394@email.com,Male,20,Chemistry,60.9,80,53,64.0,73.5,67,94,68.0,D,6,yes,Master's,medium,8
395,Andrea,Howard,andrea.howard395@email.com,Male,18,English Literature,93.5,64,72,78.3,62.8,63,58,68.0,D,11,yes,Bachelor's,medium,3
396,Rhonda,Palmer,rhonda.palmer396@email.com,Male,19,Mathematics,69.7,65,68,67.6,67.0,67,57,65.9,D,9,yes,Bachelor's,low,6
397,Gilbert,Lewis,gilbert.lewis397@email.com,Female,24,Computer Science,86.1,83,79,92.3,74.3,75,89,82.2,B-,10,yes,High School,low,5
398,Charles,Moss,charles.moss398@email.com,Male,20,Computer Science,64.8,54,48,50.0,62.2,60,50,51.5,F,9,yes,Associate,medium,10
399,Marie,Merritt,marie.merritt399@email.com,Female,23,Economics,100.0,60,74,71.2,75.4,64,54,67.2,D,13,yes,High School,medium,5
400,Jeremy,Kelly,jeremy.kelly400@email.com,Male,22,Biology,100.0,92,76,77.4,87.6,80,81,82.3,B-,16,yes,Bachelor's,medium,5
401,Louis,Esparza,louis.esparza401@email.com,Female,23,Biology,68.5,73,82,81.6,85.3,86,86,80.1,B-,15,yes,High School,low,4
402,Robert,Bradford,robert.bradford402@email.com,Female,18,Political Science,84.2,66,75,69.7,66.9,60,78,71.0,C-,12,yes,Doctorate,medium,4
403,Natalie,Paul,natalie.paul403@email.com,Female,24,Mathematics,78.6,59,52,60.9,59.6,60,59,56.5,F,9,yes,Associate,medium,6
404,Marilyn,Mosley,marilyn.mosley404@email.com,Female,22,Engineering,71.5,40,40,50.0,50.0,60,50,43.5,F,8,yes,High School,medium,6
405,Sarah,Holloway,sarah.holloway405@email.com,Male,18,Economics,84.4,67,61,79.1,50.0,60,50,62.9,D,8,yes,High School,low,3
406,Jonathan,Holmes,jonathan.holmes406@email.com,Female,22,English Literature,72.4,84,89,95.8,88.5,74,91,87.7,B+,17,yes,Associate,low,5
407,Steven,Snyder,steven.snyder407@email.com,Female,22,Mathematics,81.5,65,65,76.6,72.6,60,66,66.5,D,19,yes,Associate,medium,9
408,Amber,Hanson,amber.hanson408@email.com,Male,23,Political Science,79.0,73,66,70.9,70.6,61,79,70.0,D,5,yes,Bachelor's,high,8
409,Javier,Hall,javier.hall409@email.com,Female,19,Biology,82.0,54,46,58.9,50.0,65,50,51.3,F,11,no,Bachelor's,medium,7
410,Maxwell,Day,maxwell.day410@email.com,Male,19,Engineering,77.5,55,49,50.2,50.0,60,50,51.6,F,11,yes,Associate,medium,9
411,James,Nielsen,james.nielsen411@email.com,Male,22,Computer Science,96.7,58,65,69.6,55.5,60,61,62.3,D,10,no,Associate,low,6
412,Casey,Hunter,casey.hunter412@email.com,Female,24,Computer Science,86.4,80,94,82.3,74.6,81,93,86.9,B,14,no,High School,low,2
413,Kimberly,Moore,kimberly.moore413@email.com,Female,23,Chemistry,92.0,61,61,75.3,72.2,60,70,63.9,D,5,yes,Bachelor's,medium,8
414,Miguel,Santana,miguel.santana414@email.com,Male,19,English Literature,82.5,63,63,56.0,59.0,60,71,62.8,D,7,no,Associate,medium,6
415,John,Johnson,john.johnson415@email.com,Female,24,Engineering,90.2,54,85,80.2,75.7,80,77,73.8,C,12,yes,Bachelor's,medium,5
416,Martha,Weiss,martha.weiss416@email.com,Female,24,Chemistry,89.1,62,72,88.1,80.0,66,69,70.5,C-,6,yes,Associate,medium,7
417,Raymond,Clark,raymond.clark417@email.com,Male,19,Computer Science,100.0,52,59,54.3,66.6,60,50,56.0,F,12,yes,Associate,medium,7
418,Carlos,Good,carlos.good418@email.com,Female,19,Economics,91.3,76,75,89.2,67.5,60,72,75.3,C,11,yes,Bachelor's,low,3
419,James,Roberts,james.roberts419@email.com,Female,22,Physics,83.9,79,78,78.9,91.4,61,75,78.0,C+,10,yes,Associate,high,7
420,Alan,Richard,alan.richard420@email.com,Female,21,Physics,92.3,88,89,96.4,71.4,68,88,87.5,B+,6,yes,Master's,low,6
421,Susan,Peterson,susan.peterson421@email.com,Female,20,Mathematics,86.2,51,45,64.8,51.9,61,56,51.1,F,10,yes,Bachelor's,high,5
422,David,Clark,david.clark422@email.com,Male,23,English Literature,90.8,79,92,82.1,88.4,75,75,84.4,B,14,yes,Doctorate,high,5
423,Christopher,Sampson,christopher.sampson423@email.com,Female,23,Political Science,72.1,73,69,68.3,74.8,73,59,69.7,D,13,yes,Associate,low,7
424,Walter,Moore,walter.moore424@email.com,Female,20,Mathematics,90.2,57,40,50.0,50.0,60,50,48.6,F,12,no,Master's,medium,9
425,Harry,Barker,harry.barker425@email.com,Male,18,Chemistry,86.1,67,82,80.8,84.5,90,83,78.1,C+,16,yes,High School,medium,3
426,Julie,Mcguire,julie.mcguire426@email.com,Male,22,Mathematics,82.1,66,70,82.9,86.4,70,75,71.5,C-,18,yes,Associate,low,5
427,Sherry,Gordon,sherry.gordon427@email.com,Female,18,Economics,86.1,82,73,77.1,84.9,64,71,76.1,C,13,yes,Associate,medium,6
428,James,Harris,james.harris428@email.com,Male,22,History,74.7,66,71,81.3,86.0,70,75,71.7,C-,11,yes,High School,high,6
429,Patrick,Vang,patrick.vang429@email.com,Female,23,Political Science,93.6,81,66,82.4,71.3,60,76,73.2,C,21,yes,Bachelor's,medium,6
430,Robert,Williams,robert.williams430@email.com,Female,20,History,78.5,40,40,50.0,50.0,60,50,43.5,F,14,yes,Doctorate,low,5
431,Emily,Davis,emily.davis431@email.com,Male,24,Psychology,65.5,40,40,50.0,50.0,60,50,43.5,F,13,yes,Bachelor's,medium,4
432,Devin,Torres,devin.torres432@email.com,Male,19,Economics,79.2,51,76,65.3,59.5,87,72,66.9,D,12,yes,High School,medium,8
433,Misty,Marshall,misty.marshall433@email.com,Male,24,Business,96.6,53,72,69.4,53.2,66,75,65.2,D,8,yes,Master's,medium,8
434,Patricia,Dorsey,patricia.dorsey434@email.com,Male,21,Economics,100.0,67,77,70.3,71.2,74,63,71.6,C-,12,yes,High School,low,5
435,Thomas,Miller,thomas.miller435@email.com,Female,20,Political Science,78.5,60,65,62.4,69.2,61,50,61.8,D,17,no,Master's,low,6
436,Victoria,Rogers,victoria.rogers436@email.com,Female,22,Engineering,80.2,68,82,77.6,94.7,74,84,77.9,C+,13,yes,Associate,low,3
437,Michelle,Ramos,michelle.ramos437@email.com,Female,23,Mathematics,84.9,46,63,57.4,50.0,60,50,55.2,F,15,yes,Bachelor's,medium,4
438,Philip,Clark,philip.clark438@email.com,Male,23,Economics,96.4,69,80,66.6,71.5,67,79,74.2,C,22,yes,Bachelor's,medium,6
439,Blake,Huber,blake.huber439@email.com,Male,23,Mathematics,82.7,66,59,73.3,67.8,67,51,62.7,D,10,yes,Bachelor's,medium,7
440,Whitney,Cooper,whitney.cooper440@email.com,Female,19,History,72.8,52,45,57.2,50.0,60,60,50.8,F,8,yes,Master's,low,7
441,Andrea,Aguilar,andrea.aguilar441@email.com,Male,24,Computer Science,85.4,70,67,58.5,53.8,60,55,64.9,D,10,yes,Master's,high,6
442,Jason,Conner,jason.conner442@email.com,Female,23,English Literature,93.6,52,67,74.7,71.1,63,64,63.1,D,12,yes,Associate,low,5
443,Pamela,Jordan,pamela.jordan443@email.com,Male,20,Psychology,88.6,85,75,74.7,72.2,61,75,77.3,C+,7,yes,Bachelor's,high,4
444,Robert,Galloway,robert.galloway444@email.com,Female,24,Psychology,90.9,54,79,75.9,77.7,84,91,72.7,C-,12,yes,Bachelor's,low,6
445,Pamela,Morton,pamela.morton445@email.com,Female,19,Biology,95.4,52,62,72.4,67.4,74,72,62.0,D,18,yes,Bachelor's,medium,9
446,Helen,Martin,helen.martin446@email.com,Male,22,Psychology,75.5,58,55,74.7,73.4,70,62,60.3,D,12,yes,Associate,medium,6
447,Crystal,Guerra,crystal.guerra447@email.com,Female,24,History,84.2,40,46,51.9,69.2,60,61,48.2,F,18,yes,Master's,low,4
448,Ryan,Davis,ryan.davis448@email.com,Female,22,Political Science,83.5,96,77,84.9,81.3,98,60,83.2,B,13,no,Bachelor's,high,6
449,Diana,Esparza,diana.esparza449@email.com,Female,19,Mathematics,96.2,83,67,79.0,72.5,73,77,74.6,C,7,yes,Bachelor's,medium,3
450,Brian,Franklin,brian.franklin450@email.com,Male,22,Chemistry,76.7,93,78,94.1,79.4,72,81,84.2,B,8,yes,High School,low,5
451,Crystal,Delacruz,crystal.delacruz451@email.com,Female,20,Physics,79.7,40,40,50.0,54.5,60,50,43.7,F,13,yes,High School,low,6
452,Dana,Reynolds,dana.reynolds452@email.com,Female,24,History,89.6,90,95,87.0,85.6,77,85,90.4,A,7,yes,Doctorate,medium,2
453,Monica,Schneider,monica.schneider453@email.com,Male,24,Chemistry,78.1,84,84,73.7,79.4,67,88,82.3,B-,20,yes,Master's,high,7
454,Dana,Brown,dana.brown454@email.com,Male,23,Mathematics,84.8,78,86,88.0,83.5,73,69,81.4,B-,5,yes,Bachelor's,medium,3
455,Chloe,Moore,chloe.moore455@email.com,Female,18,Biology,91.7,51,54,55.5,59.6,60,64,54.9,F,8,yes,High School,medium,7
456,Tammie,Hanson,tammie.hanson456@email.com,Female,21,Economics,84.5,42,52,68.5,71.5,61,72,54.2,F,9,yes,Associate,medium,7
457,Michele,Brown,michele.brown457@email.com,Female,22,Computer Science,83.7,84,69,87.9,68.6,78,67,75.7,C,13,yes,Associate,low,7
458,Steven,Bush,steven.bush458@email.com,Female,21,Biology,77.9,54,40,50.0,50.0,60,50,47.7,F,5,yes,Master's,medium,7
459,Jorge,Miles,jorge.miles459@email.com,Female,21,Mathematics,92.2,78,97,90.0,86.0,89,95,89.5,B+,8,yes,Master's,high,5
460,Edwin,Nguyen,edwin.nguyen460@email.com,Female,20,Chemistry,81.7,80,70,72.2,86.7,91,74,75.5,C,21,yes,High School,low,3
461,Jeremy,Johnson,jeremy.johnson461@email.com,Male,21,Chemistry,83.6,51,58,57.8,55.9,60,50,55.1,F,15,yes,High School,medium,8
462,Sergio,Jackson,sergio.jackson462@email.com,Female,22,Economics,93.4,83,66,84.1,82.9,81,72,75.2,C,13,yes,Doctorate,low,4
463,Billy,Ortiz,billy.ortiz463@email.com,Male,24,Mathematics,80.9,81,79,84.0,86.7,79,100,82.6,B-,16,yes,Bachelor's,high,3
464,David,Montoya,david.montoya464@email.com,Female,18,Economics,92.0,70,78,82.8,76.6,60,62,73.6,C,5,yes,Master's,high,6
465,Erin,Mejia,erin.mejia465@email.com,Male,18,History,99.0,45,41,55.9,62.1,60,50,46.6,F,8,yes,Bachelor's,medium,8
466,Justin,Strickland,justin.strickland466@email.com,Male,24,Computer Science,100.0,61,70,72.3,72.2,75,77,68.7,D,5,yes,High School,low,7
467,April,Ochoa,april.ochoa467@email.com,Female,19,Economics,100.0,56,61,56.4,50.0,60,66,59.0,F,8,yes,Bachelor's,medium,6
468,Erin,Taylor,erin.taylor468@email.com,Male,24,Chemistry,79.9,77,88,79.4,78.8,60,60,79.2,C+,10,no,Bachelor's,high,5
469,Cheryl,Johnson,cheryl.johnson469@email.com,Female,23,History,87.4,61,63,77.8,67.9,74,50,63.4,D,12,yes,Associate,medium,6
470,John,Brown,john.brown470@email.com,Female,23,Economics,60.0,82,84,82.2,85.0,94,74,82.8,B-,10,no,Bachelor's,high,7
471,Samantha,Pineda,samantha.pineda471@email.com,Female,18,Psychology,77.4,49,56,50.0,50.0,60,50,52.6,F,11,yes,Bachelor's,high,7
472,Oscar,Miller,oscar.miller472@email.com,Male,22,Business,89.2,51,53,50.0,50.3,60,53,52.3,F,15,yes,Bachelor's,medium,5
473,Steven,Bruce,steven.bruce473@email.com,Male,18,History,97.2,68,68,58.7,65.5,60,60,65.8,D,10,yes,Doctorate,medium,8
474,Elizabeth,Sanchez,elizabeth.sanchez474@email.com,Male,22,Political Science,68.9,84,84,82.9,89.7,65,86,83.4,B,13,no,Associate,low,1
475,Aaron,Cox,aaron.cox475@email.com,Female,20,Mathematics,98.1,43,67,55.2,63.1,60,50,56.4,F,10,no,Associate,high,5
476,Juan,Jimenez,juan.jimenez476@email.com,Male,24,Physics,75.8,79,81,90.8,86.3,78,78,81.3,B-,6,yes,High School,low,4
477,Janet,Jefferson,janet.jefferson477@email.com,Male,21,Business,77.0,50,73,71.9,68.9,67,67,64.9,D,13,yes,Associate,medium,6
478,Edwin,Russo,edwin.russo478@email.com,Female,22,Political Science,86.6,71,71,74.2,74.8,60,63,70.2,C-,16,yes,Bachelor's,medium,5
479,Rita,Goodman,rita.goodman479@email.com,Male,19,Economics,79.5,91,83,89.0,78.3,84,74,85.0,B,13,yes,Bachelor's,medium,5
480,Leah,Olsen,leah.olsen480@email.com,Female,24,Chemistry,83.2,47,54,58.0,64.1,60,60,53.8,F,16,yes,Bachelor's,high,6
481,Kenneth,Gilbert,kenneth.gilbert481@email.com,Female,22,Economics,94.1,55,75,65.5,69.9,63,66,66.4,D,13,yes,Bachelor's,medium,6
482,Mario,Castro,mario.castro482@email.com,Female,18,History,91.8,75,64,95.5,74.3,72,83,73.3,C,5,yes,Doctorate,medium,4
483,Ashley,Pope,ashley.pope483@email.com,Female,21,Economics,86.1,60,68,63.9,81.2,63,65,65.4,D,11,yes,Master's,low,9
484,Angela,Marshall,angela.marshall484@email.com,Female,20,Biology,80.8,83,70,69.2,71.0,72,74,74.4,C,12,yes,Bachelor's,medium,5
485,Tommy,Curry,tommy.curry485@email.com,Female,19,Chemistry,90.4,68,84,82.8,79.4,65,75,77.1,C+,9,yes,Bachelor's,medium,3
486,Mike,Hunter,mike.hunter486@email.com,Female,22,Biology,68.6,87,81,97.3,88.3,71,81,84.4,B,14,yes,Associate,low,2
487,Christopher,Sweeney,christopher.sweeney487@email.com,Female,21,Business,86.5,53,47,53.7,50.0,60,50,50.6,F,12,yes,Doctorate,high,6
488,John,Medina,john.medina488@email.com,Male,21,Biology,68.9,62,40,50.0,50.0,60,66,51.8,F,10,no,Doctorate,low,6
489,Rose,Cabrera,rose.cabrera489@email.com,Male,18,Chemistry,74.5,75,68,78.2,51.9,79,74,71.6,C-,9,yes,Master's,high,1
490,Eugene,Castro,eugene.castro490@email.com,Female,19,Physics,82.6,67,46,50.0,50.6,60,50,54.0,F,12,yes,Associate,low,8
491,Brent,Ballard,brent.ballard491@email.com,Female,23,Mathematics,96.8,76,71,76.9,70.0,66,83,74.1,C,11,yes,Bachelor's,low,4
492,Amanda,Scott,amanda.scott492@email.com,Male,24,Physics,87.5,73,76,87.6,66.5,86,84,77.2,C+,13,yes,Master's,low,3
493,Natalie,Walker,natalie.walker493@email.com,Male,19,English Literature,76.4,40,40,50.0,50.0,60,50,43.5,F,11,no,High School,low,8
494,Bruce,Thompson,bruce.thompson494@email.com,Female,18,Political Science,88.9,71,53,70.1,79.7,60,85,65.0,D,9,yes,Bachelor's,medium,8
495,Erik,Bond,erik.bond495@email.com,Male,20,Computer Science,77.9,57,60,57.3,67.0,60,51,58.3,F,18,yes,Doctorate,high,7
496,Juan,Robinson,juan.robinson496@email.com,Male,21,Business,71.2,67,50,50.0,57.5,60,60,57.0,F,12,yes,Master's,medium,8
497,Michele,Owen,michele.owen497@email.com,Female,20,Psychology,90.6,68,67,76.3,73.4,91,89,72.0,C-,15,no,Bachelor's,medium,4
498,Darlene,Robinson,darlene.robinson498@email.com,Female,23,Chemistry,77.2,63,54,50.0,51.5,60,52,56.3,F,9,yes,High School,low,6
499,John,Bates,john.bates499@email.com,Male,23,English Literature,96.0,82,69,78.1,80.7,84,69,75.2,C,8,yes,Bachelor's,medium,6
500,Fernando,Hoffman,fernando.hoffman500@email.com,Male,22,Mathematics,83.0,50,83,74.9,63.7,76,58,68.6,D,16,yes,Master's,medium,7
501,Samuel,Watson,samuel.watson501@email.com,Male,18,Business,91.8,71,77,70.5,65.4,60,65,72.0,C-,16,yes,High School,medium,2
502,Theresa,Shaffer,theresa.shaffer502@email.com,Female,19,Computer Science,82.5,83,77,87.9,77.3,76,69,79.2,C+,13,yes,Associate,low,4
503,Angela,Webb,angela.webb503@email.com,Male,18,Chemistry,85.3,43,43,59.5,59.3,60,50,47.0,F,11,no,Doctorate,low,7
504,Kayla,Ayala,kayla.ayala504@email.com,Female,20,Mathematics,88.8,63,84,83.6,81.7,80,79,76.9,C,8,no,Bachelor's,high,4
505,David,French,david.french505@email.com,Male,19,Engineering,85.3,63,58,54.9,59.7,60,50,58.6,F,13,no,Bachelor's,medium,5
506,Kirk,Washington,kirk.washington506@email.com,Female,22,Political Science,86.5,64,72,85.7,68.3,69,66,70.1,C-,15,yes,Bachelor's,low,3
507,Chelsea,Merritt,chelsea.merritt507@email.com,Female,24,History,93.6,82,87,90.7,77.7,97,75,84.8,B,12,yes,High School,medium,5
508,Keith,Stewart,keith.stewart508@email.com,Female,24,Business,92.1,70,78,87.1,87.0,70,55,74.3,C,8,yes,High School,medium,7
509,April,Martinez,april.martinez509@email.com,Male,22,Mathematics,86.3,79,84,64.5,60.8,67,61,76.3,C,11,yes,Bachelor's,high,6
510,Anna,Anderson,anna.anderson510@email.com,Male,20,Computer Science,93.7,65,64,66.5,57.3,65,50,62.9,D,10,yes,High School,low,7
511,Danielle,Mendoza,danielle.mendoza511@email.com,Female,22,Chemistry,65.2,40,40,50.0,50.0,60,50,43.5,F,11,yes,Bachelor's,medium,6
512,Scott,Cole,scott.cole512@email.com,Male,24,Biology,90.3,50,72,63.0,72.7,64,64,63.5,D,10,yes,Bachelor's,medium,4
513,Andrew,Perez,andrew.perez513@email.com,Male,20,English Literature,80.0,50,52,50.0,54.6,60,67,53.3,F,17,yes,High School,low,7
514,Melissa,Jones,melissa.jones514@email.com,Female,20,English Literature,85.5,57,81,93.4,65.6,84,73,73.7,C,13,yes,Master's,medium,5
515,Julie,Phillips,julie.phillips515@email.com,Female,19,Political Science,90.5,75,83,91.5,91.0,73,64,79.5,C+,5,no,Master's,low,5
516,Joseph,Owens,joseph.owens516@email.com,Female,20,Chemistry,69.5,59,79,71.7,70.7,71,56,69.2,D,23,yes,Associate,medium,7
517,Amy,Flowers,amy.flowers517@email.com,Male,19,Psychology,100.0,50,53,51.8,50.0,60,58,52.7,F,10,yes,Bachelor's,low,6
518,Holly,Lopez,holly.lopez518@email.com,Female,24,Business,100.0,62,71,65.8,62.1,64,64,66.3,D,8,yes,Master's,medium,6
519,Molly,Robertson,molly.robertson519@email.com,Male,18,Physics,84.7,40,40,50.0,50.0,60,50,43.5,F,7,no,Bachelor's,medium,5
520,Kenneth,Walls,kenneth.walls520@email.com,Male,23,Economics,81.8,61,65,59.6,63.3,60,50,61.4,D,18,yes,Bachelor's,medium,7
521,Amy,Chan,amy.chan521@email.com,Male,23,History,76.6,62,79,77.8,76.1,78,64,72.2,C-,14,no,Bachelor's,low,3
522,Maurice,Ramirez,maurice.ramirez522@email.com,Male,20,History,73.4,69,51,61.4,61.7,60,69,60.2,D,12,yes,High School,medium,8
523,Robin,Campbell,robin.campbell523@email.com,Female,23,Engineering,79.1,48,49,54.4,62.1,60,50,50.5,F,11,yes,Bachelor's,medium,8
524,Alyssa,Wheeler,alyssa.wheeler524@email.com,Female,22,Engineering,96.6,70,61,82.5,63.1,65,70,67.1,D,12,yes,Bachelor's,high,6
525,Jennifer,Allison,jennifer.allison525@email.com,Male,22,Psychology,86.8,42,45,50.0,50.0,60,50,46.1,F,8,yes,Associate,low,4
526,Joseph,Nelson,joseph.nelson526@email.com,Male,22,Economics,72.6,84,78,87.0,88.2,61,79,80.6,B-,13,yes,Master's,medium,3
527,Zachary,Freeman,zachary.freeman527@email.com,Male,20,Business,73.9,63,40,50.0,50.0,60,50,50.4,F,14,yes,High School,low,7
528,Jenny,Smith,jenny.smith528@email.com,Male,21,History,76.0,43,40,51.8,56.6,69,50,45.4,F,13,yes,Associate,low,7
529,Laurie,Singleton,laurie.singleton529@email.com,Male,22,Economics,82.2,87,73,90.1,79.8,75,69,79.0,C+,17,yes,Doctorate,high,5
530,Nicole,Rodgers,nicole.rodgers530@email.com,Male,24,Psychology,98.9,60,64,92.0,69.9,63,55,65.0,D,5,yes,Associate,low,6
531,Steven,Parks,steven.parks531@email.com,Male,23,English Literature,94.1,73,76,83.2,65.0,60,88,75.7,C,12,yes,Master's,high,6
532,Mckenzie,Jenkins,mckenzie.jenkins532@email.com,Female,19,Chemistry,85.2,63,53,71.2,63.1,60,53,58.7,F,11,yes,Bachelor's,high,7
533,Anna,Richardson,anna.richardson533@email.com,Female,22,Business,74.0,82,85,86.1,66.7,67,86,82.6,B-,14,yes,Doctorate,low,5
534,Jordan,Rogers,jordan.rogers534@email.com,Male,22,English Literature,84.9,86,75,60.5,76.7,73,80,77.4,C+,14,yes,Associate,high,3
535,Kelly,Everett,kelly.everett535@email.com,Female,19,Economics,69.2,99,70,90.9,80.8,60,85,82.4,B-,16,yes,Doctorate,low,6
536,Daniel,Waters,daniel.waters536@email.com,Male,21,Computer Science,88.8,76,77,95.6,68.1,73,82,78.4,C+,13,no,Bachelor's,high,5
537,Connor,Burke,connor.burke537@email.com,Female,19,Economics,75.2,74,70,84.0,100.0,84,86,76.5,C,18,yes,Associate,medium,7
538,Beth,Cook,beth.cook538@email.com,Female,24,Chemistry,100.0,66,60,75.0,72.2,60,73,65.3,D,12,yes,High School,low,7
539,Peter,Wheeler,peter.wheeler539@email.com,Male,20,Computer Science,74.6,71,55,69.1,57.7,60,62,62.3,D,12,yes,Bachelor's,high,5
540,Cody,Brewer,cody.brewer540@email.com,Male,22,Physics,82.5,77,78,81.5,78.4,83,80,78.6,C+,14,yes,High School,low,4
541,Gabrielle,Moody,gabrielle.moody541@email.com,Male,23,Psychology,69.1,72,80,88.6,82.3,86,85,79.4,C+,10,yes,Bachelor's,medium,3
542,Robert,Yu,robert.yu542@email.com,Male,19,Physics,81.4,46,44,52.2,56.8,60,50,47.5,F,7,yes,Associate,medium,5
543,Robert,Hurley,robert.hurley543@email.com,Male,22,Economics,65.9,45,51,67.5,50.0,60,50,51.2,F,9,no,Master's,low,7
544,Bryan,Hansen,bryan.hansen544@email.com,Male,23,Mathematics,87.9,71,68,66.0,67.8,60,72,68.8,D,17,yes,Associate,medium,7
545,Cody,Crosby,cody.crosby545@email.com,Female,23,History,76.4,90,77,91.5,83.5,91,81,83.8,B,6,yes,Bachelor's,medium,6
546,Morgan,Santos,morgan.santos546@email.com,Female,19,Physics,92.5,44,64,71.1,53.2,67,50,56.9,F,12,yes,High School,medium,6
547,Jason,Ross,jason.ross547@email.com,Male,18,Business,89.7,61,68,61.9,57.0,60,54,63.0,D,18,no,High School,medium,8
548,Manuel,Vaughn,manuel.vaughn548@email.com,Male,24,English Literature,83.6,63,69,83.1,57.7,60,61,66.8,D,10,yes,Bachelor's,medium,6
549,Melissa,Carlson,melissa.carlson549@email.com,Male,20,Chemistry,89.3,59,48,59.2,59.5,60,73,56.1,F,8,yes,Master's,high,6
550,Katherine,Hanson,katherine.hanson550@email.com,Female,21,Political Science,85.9,61,63,74.3,59.6,68,60,63.4,D,7,yes,High School,medium,8
551,Tony,Morrison,tony.morrison551@email.com,Female,18,Mathematics,84.3,53,85,73.4,66.0,61,74,71.1,C-,9,no,Associate,medium,8
552,Heather,Hudson,heather.hudson552@email.com,Male,22,Biology,77.2,95,74,75.3,83.2,70,97,83.1,B,18,yes,Associate,high,6
553,Megan,Robbins,megan.robbins553@email.com,Female,22,Computer Science,79.3,82,69,77.4,73.3,75,78,75.3,C,16,no,Doctorate,medium,4
554,Brandon,Bell,brandon.bell554@email.com,Male,18,Business,78.3,69,56,71.8,70.7,60,81,65.0,D,6,yes,High School,low,6
555,Denise,Ingram,denise.ingram555@email.com,Male,22,Psychology,79.3,68,50,63.1,50.0,60,50,57.2,F,13,yes,High School,high,8
556,Tiffany,Johnson,tiffany.johnson556@email.com,Male,24,Computer Science,100.0,56,57,61.5,70.8,62,69,59.4,F,13,yes,Associate,low,6
557,Tammy,Johnson,tammy.johnson557@email.com,Male,20,Engineering,93.8,77,66,99.2,80.3,68,84,75.3,C,18,yes,Bachelor's,low,7
558,Jessica,Williams,jessica.williams558@email.com,Male,19,Psychology,74.2,69,40,62.8,50.0,60,57,54.2,F,16,no,Master's,low,6
559,Nicole,Powell,nicole.powell559@email.com,Female,19,Computer Science,74.0,99,71,96.6,77.6,77,80,83.5,B,9,yes,High School,low,4
560,Hannah,James,hannah.james560@email.com,Male,21,Political Science,100.0,72,58,66.5,68.3,60,55,63.4,D,10,yes,Bachelor's,high,6
561,Daniel,Freeman,daniel.freeman561@email.com,Male,20,Political Science,92.9,42,45,52.9,50.0,60,50,46.4,F,13,yes,Associate,medium,8
562,Christina,Ferguson,christina.ferguson562@email.com,Male,20,Economics,93.8,73,91,89.4,70.1,60,73,81.1,B-,16,yes,Associate,medium,5
563,Michael,Brooks,michael.brooks563@email.com,Female,24,Economics,90.0,83,63,88.3,72.1,68,100,76.0,C,9,yes,Associate,medium,5
564,Kathleen,Kelly,kathleen.kelly564@email.com,Female,24,Economics,93.4,67,61,84.1,79.0,73,78,68.3,D,19,yes,Bachelor's,high,6
565,Billy,Johnson,billy.johnson565@email.com,Female,21,Chemistry,100.0,68,70,80.9,69.7,67,79,71.3,C-,15,yes,Bachelor's,high,4
566,Daniel,Sawyer,daniel.sawyer566@email.com,Female,20,Computer Science,92.0,77,78,95.8,84.8,80,70,79.1,C+,7,yes,Associate,medium,6
567,Craig,Mitchell,craig.mitchell567@email.com,Male,19,Computer Science,85.7,55,56,50.0,50.0,60,50,54.4,F,14,no,Master's,low,5
568,John,Rose,john.rose568@email.com,Female,21,Biology,74.2,72,86,77.9,79.5,91,73,79.7,C+,15,yes,High School,low,8
569,Robert,Brown,robert.brown569@email.com,Female,19,History,73.0,66,40,51.8,50.0,60,50,51.5,F,8,yes,Bachelor's,high,7
570,Brandon,Price,brandon.price570@email.com,Female,20,Biology,80.6,73,66,77.2,72.5,67,73,70.4,C-,14,yes,Associate,medium,5
571,Michael,Dennis,michael.dennis571@email.com,Female,18,Psychology,80.1,51,40,50.0,50.0,60,50,46.8,F,7,yes,Bachelor's,low,6
572,Marcus,Rodriguez,marcus.rodriguez572@email.com,Male,19,Mathematics,90.1,66,66,93.8,64.9,74,77,70.3,C-,15,no,Associate,medium,4
573,Molly,Butler,molly.butler573@email.com,Male,21,Economics,86.4,66,80,88.5,78.7,62,92,76.9,C,13,yes,Bachelor's,low,5
574,Barbara,Martin,barbara.martin574@email.com,Male,23,Computer Science,83.8,45,60,58.1,50.6,60,50,53.8,F,13,yes,Master's,medium,6
575,Lauren,Jones,lauren.jones575@email.com,Male,19,Engineering,93.1,56,75,62.9,71.5,60,65,66.2,D,8,yes,High School,medium,7
576,Kristi,Smith,kristi.smith576@email.com,Female,19,Chemistry,100.0,63,68,53.3,53.9,73,58,63.6,D,7,yes,Associate,low,8
577,Jim,Mcpherson,jim.mcpherson577@email.com,Female,19,English Literature,83.6,72,68,59.4,71.6,60,54,66.7,D,13,yes,High School,medium,4
578,Dustin,Cox,dustin.cox578@email.com,Female,22,Computer Science,60.0,64,62,67.7,54.4,65,69,63.8,D,6,yes,Bachelor's,low,5
579,Angela,Adams,angela.adams579@email.com,Female,18,Computer Science,76.0,53,40,63.6,55.7,64,50,49.2,F,15,yes,Bachelor's,medium,6
580,Tammy,King,tammy.king580@email.com,Female,22,Mathematics,68.2,78,92,76.8,75.5,71,78,83.1,B,14,yes,High School,low,4
581,Kent,Carter,kent.carter581@email.com,Male,21,Physics,90.0,54,59,61.9,53.7,60,50,56.7,F,13,yes,Associate,low,5
582,Edward,Long,edward.long582@email.com,Female,18,Biology,81.7,99,75,71.6,80.2,85,77,82.9,B-,8,yes,High School,medium,3
583,Abigail,Stanley,abigail.stanley583@email.com,Female,22,Psychology,93.7,75,91,77.3,79.9,71,86,82.8,B-,16,yes,Doctorate,medium,5
584,Ruben,King,ruben.king584@email.com,Male,19,Biology,100.0,65,59,64.4,64.0,60,71,62.9,D,6,yes,Master's,medium,4
585,Tony,Murray,tony.murray585@email.com,Male,23,Engineering,98.6,58,44,60.2,60.9,60,51,52.2,F,11,yes,Associate,medium,7
586,Nicole,Craig,nicole.craig586@email.com,Female,19,Computer Science,77.0,82,90,91.1,72.3,81,69,84.3,B,12,no,Bachelor's,medium,6
587,Michael,Moreno,michael.moreno587@email.com,Male,21,Psychology,91.5,74,81,81.1,68.6,67,79,77.4,C+,14,yes,Master's,high,1
588,Ryan,Burnett,ryan.burnett588@email.com,Female,22,History,86.2,78,90,88.9,92.1,72,87,85.2,B,11,yes,Doctorate,high,4
589,Alyssa,Hunter,alyssa.hunter589@email.com,Male,19,Physics,100.0,84,79,79.2,93.6,75,76,80.8,B-,17,yes,Master's,low,6
590,Kathryn,Smith,kathryn.smith590@email.com,Female,22,Biology,87.5,48,76,68.3,75.3,60,55,64.0,D,10,yes,High School,low,7
591,Sarah,Frost,sarah.frost591@email.com,Female,21,Economics,100.0,66,40,50.0,50.0,60,50,51.3,F,15,yes,High School,medium,5
592,Todd,Padilla,todd.padilla592@email.com,Female,24,Computer Science,91.5,75,83,68.6,77.7,63,84,78.1,C+,10,yes,Bachelor's,high,6
593,Kayla,Hansen,kayla.hansen593@email.com,Female,23,Engineering,76.5,65,60,53.7,50.4,60,56,60.0,D,6,yes,Associate,low,7
594,Michael,Beck,michael.beck594@email.com,Female,19,English Literature,86.9,68,63,58.3,71.6,79,63,65.3,D,5,yes,Bachelor's,high,7
595,Rebecca,Lopez,rebecca.lopez595@email.com,Male,23,Political Science,87.4,76,88,78.0,59.1,75,75,80.1,B-,14,yes,Bachelor's,medium,3
596,Ashley,Bishop,ashley.bishop596@email.com,Female,21,Computer Science,79.1,60,61,73.8,76.9,85,77,65.7,D,5,no,High School,low,8
597,Edward,Greene,edward.greene597@email.com,Male,24,Chemistry,87.1,78,78,76.5,80.1,62,84,77.8,C+,13,yes,Bachelor's,medium,6
598,Jody,Tyler,jody.tyler598@email.com,Female,23,Chemistry,60.0,46,46,58.0,59.3,60,58,49.8,F,15,yes,High School,low,6
599,Katherine,Johnson,katherine.johnson599@email.com,Female,24,Psychology,60.4,51,60,64.2,63.9,60,57,57.6,F,11,yes,Associate,low,8
600,Christopher,Austin,christopher.austin600@email.com,Female,22,Business,95.7,82,90,93.1,78.1,78,83,86.1,B,12,yes,Associate,low,4
601,Arthur,Ryan,arthur.ryan601@email.com,Female,20,Engineering,94.4,68,56,66.1,55.8,65,50,60.5,D,17,yes,Associate,medium,6
602,Miguel,Russell,miguel.russell602@email.com,Male,19,Political Science,83.8,43,40,50.0,50.0,60,50,44.4,F,19,yes,High School,low,5
603,Caroline,Cannon,caroline.cannon603@email.com,Female,21,Political Science,84.2,89,85,93.1,83.4,60,76,84.8,B,16,yes,High School,medium,6
604,Paul,Vasquez,paul.vasquez604@email.com,Female,21,Chemistry,83.1,41,40,50.0,50.0,60,50,43.8,F,9,no,High School,medium,8
605,Tonya,Bentley,tonya.bentley605@email.com,Female,21,Psychology,94.2,43,46,56.0,63.4,60,59,49.1,F,11,yes,Associate,medium,6
606,Theodore,White,theodore.white606@email.com,Male,22,Engineering,78.0,47,53,61.3,61.3,60,50,52.5,F,8,no,Associate,low,7
607,James,Fuller,james.fuller607@email.com,Female,23,Engineering,83.0,93,60,84.7,94.3,75,92,78.1,C+,15,yes,High School,low,4
608,Jeremy,Hopkins,jeremy.hopkins608@email.com,Male,19,History,95.5,61,49,62.4,50.0,60,74,57.1,F,11,yes,Associate,medium,4
609,Patrick,Smith,patrick.smith609@email.com,Female,23,Computer Science,71.6,48,40,50.0,50.0,60,50,45.9,F,12,yes,High School,low,5
610,Donna,Esparza,donna.esparza610@email.com,Male,20,Political Science,91.7,73,55,56.2,82.1,79,50,62.6,D,12,yes,Doctorate,high,6
611,Dale,Holt,dale.holt611@email.com,Male,18,History,92.0,47,63,53.8,53.6,60,50,55.4,F,8,yes,Bachelor's,medium,7
612,Jennifer,Jennings,jennifer.jennings612@email.com,Male,22,Mathematics,84.9,69,93,79.2,90.2,65,66,80.3,B-,13,yes,High School,low,3
613,Jerry,Moore,jerry.moore613@email.com,Male,22,Engineering,89.6,50,40,50.0,50.0,60,50,46.5,F,10,yes,High School,low,5
614,William,Greene,william.greene614@email.com,Female,21,Psychology,61.7,66,85,93.8,83.8,78,84,79.7,C+,7,yes,Associate,medium,6
615,April,Morgan,april.morgan615@email.com,Male,22,Political Science,94.0,72,69,59.1,54.1,61,64,67.3,D,9,yes,Bachelor's,medium,5
616,William,Escobar,william.escobar616@email.com,Male,18,Psychology,96.2,69,71,83.8,81.1,89,55,71.6,C-,18,no,High School,low,4
617,Ashley,Goodwin,ashley.goodwin617@email.com,Female,22,Chemistry,100.0,40,51,50.0,50.0,60,53,48.3,F,18,yes,Bachelor's,high,6
618,Tracey,Harris,tracey.harris618@email.com,Female,23,Psychology,89.9,45,63,50.1,64.4,60,53,55.2,F,14,yes,Master's,medium,6
619,Mary,Smith,mary.smith619@email.com,Male,21,Biology,80.3,66,54,65.1,57.0,60,50,58.8,F,13,yes,Master's,medium,9
620,Anthony,Scott,anthony.scott620@email.com,Male,22,Psychology,81.8,73,89,81.8,73.4,71,66,79.5,C+,8,no,Doctorate,medium,1
621,Sean,Hunt,sean.hunt621@email.com,Female,19,Biology,87.3,83,76,96.8,71.8,72,70,79.2,C+,10,yes,Bachelor's,medium,5
622,Timothy,Jacobs,timothy.jacobs622@email.com,Male,20,Chemistry,84.0,53,58,75.3,65.7,60,68,59.8,F,5,yes,Master's,medium,5
623,Regina,Thompson,regina.thompson623@email.com,Female,24,Chemistry,94.6,90,66,93.1,66.0,84,77,78.0,C+,10,yes,Associate,low,6
624,Michael,Erickson,michael.erickson624@email.com,Male,22,English Literature,86.2,64,68,74.7,54.2,60,68,66.4,D,16,yes,High School,medium,7
625,Paul,Armstrong,paul.armstrong625@email.com,Female,22,Political Science,90.9,73,66,90.2,68.5,67,70,71.2,C-,10,no,Bachelor's,low,7
626,George,Durham,george.durham626@email.com,Male,24,Business,71.4,63,77,73.3,77.2,73,79,72.5,C-,19,yes,High School,medium,6
627,Renee,Moore,renee.moore627@email.com,Female,21,Physics,98.1,54,51,61.1,50.1,78,61,55.3,F,6,yes,High School,low,6
628,Tony,Smith,tony.smith628@email.com,Female,19,Business,71.3,40,55,53.9,59.2,60,50,50.4,F,5,yes,Doctorate,low,7
629,Emily,Adams,emily.adams629@email.com,Female,22,History,90.3,71,75,84.4,82.0,79,78,75.6,C,11,yes,Bachelor's,medium,8
630,Patricia,Brown,patricia.brown630@email.com,Female,19,Economics,87.3,73,65,76.1,70.8,66,70,69.4,D,11,yes,Doctorate,low,10
631,Benjamin,Stewart,benjamin.stewart631@email.com,Male,19,Engineering,88.2,40,45,50.0,54.7,60,50,45.7,F,7,yes,Bachelor's,medium,5
632,Dustin,Roberts,dustin.roberts632@email.com,Female,21,Mathematics,77.9,64,60,56.1,56.6,60,50,59.6,F,10,yes,High School,medium,4
633,Cynthia,Smith,cynthia.smith633@email.com,Female,19,Chemistry,92.7,67,83,92.9,77.2,82,55,76.2,C,5,no,Bachelor's,high,6
634,Christopher,Clark,christopher.clark634@email.com,Male,18,Engineering,91.0,51,61,50.0,57.6,62,50,55.7,F,14,yes,Associate,low,5
635,Rhonda,Rivers,rhonda.rivers635@email.com,Male,21,Psychology,75.6,60,55,60.9,55.6,66,54,57.6,F,16,yes,Associate,medium,6
636,Douglas,Vargas,douglas.vargas636@email.com,Male,18,Chemistry,78.8,99,74,87.2,88.8,60,88,84.3,B,20,yes,Bachelor's,high,4
637,Brian,Stuart,brian.stuart637@email.com,Female,23,Business,74.7,88,47,69.0,55.5,60,50,62.9,D,6,yes,High School,high,8
638,Nicholas,Montoya,nicholas.montoya638@email.com,Male,24,Chemistry,85.8,76,61,77.9,58.2,60,62,67.1,D,8,yes,Associate,medium,7
639,Andrew,Fitzpatrick,andrew.fitzpatrick639@email.com,Male,19,Economics,91.9,51,55,62.7,70.3,60,59,56.1,F,8,yes,Associate,medium,7
640,Douglas,Lopez,douglas.lopez640@email.com,Female,24,Political Science,83.3,64,58,57.8,58.6,60,50,59.1,F,14,yes,Associate,medium,7
641,Douglas,Underwood,douglas.underwood641@email.com,Female,23,Computer Science,85.1,74,40,64.8,65.8,62,66,57.7,F,9,yes,Associate,high,8
642,Brian,Park,brian.park642@email.com,Female,24,English Literature,91.6,83,73,80.9,69.8,67,66,75.6,C,15,no,Bachelor's,low,4
643,Caitlyn,Wilcox,caitlyn.wilcox643@email.com,Male,22,Economics,83.9,81,76,83.8,79.4,82,93,80.5,B-,19,yes,High School,low,6
644,Carl,Turner,carl.turner644@email.com,Female,19,Psychology,74.0,40,67,56.5,55.3,63,61,56.5,F,9,yes,Associate,low,6
645,Dustin,Carter,dustin.carter645@email.com,Male,21,Mathematics,80.7,81,72,80.8,85.6,76,74,76.7,C,20,yes,Associate,medium,8
646,Lisa,Ramos,lisa.ramos646@email.com,Male,23,Political Science,88.9,79,85,84.3,99.8,84,70,82.4,B-,17,yes,High School,medium,7
647,Jonathan,Murillo,jonathan.murillo647@email.com,Female,22,Business,62.3,97,66,62.4,65.9,61,67,74.9,C,16,yes,High School,low,5
648,Dustin,Garrison,dustin.garrison648@email.com,Female,22,Political Science,86.4,67,62,55.2,64.4,60,54,62.1,D,8,yes,High School,high,6
649,Joanne,Chavez,joanne.chavez649@email.com,Male,23,Economics,81.5,50,59,70.3,57.2,60,50,56.5,F,11,yes,High School,low,6
650,Christopher,Massey,christopher.massey650@email.com,Female,19,Engineering,84.8,47,77,51.3,57.2,66,62,62.5,D,12,yes,Master's,low,6
651,William,Woodard,william.woodard651@email.com,Female,20,History,86.7,73,53,64.4,66.4,61,50,61.0,D,5,yes,Associate,medium,6
652,Jeffrey,Garza,jeffrey.garza652@email.com,Male,18,Chemistry,78.4,81,82,79.7,67.0,78,88,81.2,B-,11,yes,Associate,medium,4
653,Justin,Oneal,justin.oneal653@email.com,Male,18,English Literature,92.2,63,66,75.5,71.7,68,74,67.3,D,8,no,Associate,medium,8
654,Jimmy,Kelly,jimmy.kelly654@email.com,Male,23,English Literature,93.6,44,45,50.0,50.0,60,56,47.3,F,11,yes,High School,low,5
655,Jacqueline,Yang,jacqueline.yang655@email.com,Female,21,Engineering,76.4,72,50,57.8,63.9,61,63,60.0,F,8,yes,Associate,low,7
656,Robert,Watson,robert.watson656@email.com,Female,19,Business,65.5,63,40,59.3,50.6,60,53,51.7,F,12,yes,Bachelor's,medium,6
657,Kristina,Newton,kristina.newton657@email.com,Female,18,Mathematics,100.0,74,99,77.8,96.2,69,80,85.9,B,16,yes,Bachelor's,medium,5
658,Jimmy,Walker,jimmy.walker658@email.com,Male,21,Economics,80.4,80,94,85.7,77.5,69,74,85.0,B,10,yes,High School,low,5
659,Alexandria,Perez,alexandria.perez659@email.com,Male,22,Chemistry,75.5,60,92,76.6,73.7,82,83,78.6,C+,17,yes,Master's,high,6
660,Stephen,Marshall,stephen.marshall660@email.com,Female,20,Computer Science,88.6,70,69,65.9,54.8,60,76,68.6,D,10,yes,High School,medium,5
661,Dylan,Santana,dylan.santana661@email.com,Female,23,Economics,65.9,92,76,80.9,76.9,72,80,81.6,B-,10,no,Associate,medium,5
662,Brianna,Taylor,brianna.taylor662@email.com,Female,19,Business,79.7,70,99,88.3,85.3,68,79,85.1,B,14,yes,Associate,medium,4
663,Hannah,Mason,hannah.mason663@email.com,Male,22,Engineering,76.2,86,85,89.7,92.0,80,88,86.2,B,9,yes,Bachelor's,medium,3
664,Jeffrey,Wilson,jeffrey.wilson664@email.com,Male,19,Biology,100.0,91,76,84.1,93.9,81,82,83.2,B,15,yes,High School,low,3
665,Donald,Webster,donald.webster665@email.com,Female,23,Mathematics,82.5,61,52,72.2,50.0,63,58,57.8,F,11,yes,Bachelor's,medium,5
666,Lisa,Lindsey,lisa.lindsey666@email.com,Female,22,Economics,79.1,67,78,75.2,83.0,75,74,74.2,C,12,no,Bachelor's,medium,4
667,Darryl,Burton,darryl.burton667@email.com,Female,24,Economics,99.1,54,56,55.7,64.7,60,69,57.3,F,5,yes,Bachelor's,high,8
668,Oscar,Romero,oscar.romero668@email.com,Male,23,Political Science,90.4,58,58,50.0,54.7,70,57,57.6,F,8,yes,Associate,medium,4
669,Nicholas,Brewer,nicholas.brewer669@email.com,Female,23,Engineering,76.5,58,59,74.3,59.2,80,50,60.4,D,5,yes,Bachelor's,medium,3
670,Robert,Kirk,robert.kirk670@email.com,Male,23,Biology,87.0,77,78,87.6,76.3,72,77,78.3,C+,5,yes,High School,high,4
671,Billy,Cisneros,billy.cisneros671@email.com,Female,22,Chemistry,87.8,41,59,80.9,63.6,71,72,58.0,F,10,yes,High School,high,8
672,Lisa,Davis,lisa.davis672@email.com,Male,23,Physics,84.1,57,75,88.6,71.3,75,64,69.8,D,14,yes,Bachelor's,low,6
673,John,Mccoy,john.mccoy673@email.com,Female,23,Political Science,86.3,75,75,80.1,70.0,84,74,75.7,C,9,yes,Associate,medium,3
674,Shannon,Taylor,shannon.taylor674@email.com,Male,24,Physics,89.5,61,77,70.7,57.6,60,80,70.1,C-,12,no,Master's,high,5
675,Philip,Ruiz,philip.ruiz675@email.com,Female,20,Economics,78.1,40,57,50.0,50.1,60,50,50.3,F,15,yes,Associate,low,5
676,Lisa,Henderson,lisa.henderson676@email.com,Female,22,Political Science,85.5,83,82,82.2,62.6,82,91,82.3,B-,19,yes,Associate,low,3
677,Phyllis,White,phyllis.white677@email.com,Male,18,Mathematics,96.9,62,77,64.8,61.6,60,57,67.7,D,10,no,Master's,high,7
678,Michael,Barrera,michael.barrera678@email.com,Male,19,Biology,83.7,40,40,50.0,50.0,60,50,43.5,F,9,yes,Associate,high,8
679,Adam,Houston,adam.houston679@email.com,Male,23,Physics,84.7,40,61,60.2,52.2,63,58,54.0,F,5,yes,High School,low,5
680,Dawn,Cooper,dawn.cooper680@email.com,Male,22,English Literature,86.7,62,50,59.3,68.3,60,50,55.9,F,13,yes,High School,medium,5
681,Sean,Matthews,sean.matthews681@email.com,Female,23,English Literature,95.3,66,72,69.0,57.6,64,56,67.2,D,7,yes,Associate,medium,7
682,Timothy,Sanchez,timothy.sanchez682@email.com,Male,19,Business,91.7,89,75,79.2,76.8,69,81,80.1,B-,16,yes,Associate,medium,2
683,Charles,Li,charles.li683@email.com,Female,19,Psychology,87.7,78,90,73.7,93.6,60,92,83.7,B,11,yes,Bachelor's,high,2
684,Spencer,Leonard,spencer.leonard684@email.com,Male,20,Political Science,81.4,62,64,86.1,77.2,76,89,69.4,D,7,yes,Doctorate,low,6
685,Tina,Potts,tina.potts685@email.com,Female,19,Engineering,74.8,47,40,61.7,50.0,60,51,46.9,F,5,no,Associate,medium,8
686,Stephanie,Villa,stephanie.villa686@email.com,Female,18,Physics,91.3,71,76,93.3,64.3,69,68,74.6,C,14,yes,Associate,medium,5
687,Johnny,Mata,johnny.mata687@email.com,Female,23,Chemistry,82.5,57,55,62.5,67.7,60,58,57.6,F,7,yes,High School,medium,5
688,Christopher,Maynard,christopher.maynard688@email.com,Female,23,Chemistry,75.3,95,79,77.9,86.5,71,88,84.6,B,10,yes,Master's,high,4
689,William,Jones,william.jones689@email.com,Male,24,Engineering,87.0,75,70,69.4,91.0,76,69,72.8,C-,21,yes,Master's,medium,7
690,Mark,Andrade,mark.andrade690@email.com,Male,24,Engineering,82.0,80,74,79.4,83.4,62,78,76.7,C,8,yes,Associate,high,5
691,Amy,Ellis,amy.ellis691@email.com,Female,23,Computer Science,94.0,79,74,81.4,83.6,95,65,77.0,C,8,no,Bachelor's,high,5
692,Megan,Cooper,megan.cooper692@email.com,Male,21,English Literature,98.2,72,81,90.5,78.9,77,80,79.0,C+,5,no,Master's,medium,2
693,Dennis,Horton,dennis.horton693@email.com,Female,18,Engineering,99.7,67,78,80.5,71.8,73,69,73.6,C,13,yes,Associate,medium,4
694,Lisa,Kim,lisa.kim694@email.com,Female,21,English Literature,81.7,40,40,50.0,50.0,60,50,43.5,F,5,yes,Associate,high,6
695,Sarah,Martinez,sarah.martinez695@email.com,Female,24,English Literature,100.0,40,54,51.5,50.0,60,57,50.0,F,8,yes,Bachelor's,medium,6
696,Jim,Sherman,jim.sherman696@email.com,Male,21,Business,72.5,88,76,73.5,65.9,65,83,79.1,C+,5,yes,Bachelor's,medium,4
697,Diane,Shannon,diane.shannon697@email.com,Male,21,Physics,82.0,63,98,85.9,89.3,78,73,82.4,B-,16,yes,High School,medium,4
698,Michelle,Robinson,michelle.robinson698@email.com,Male,22,Economics,74.0,60,87,94.8,79.1,75,89,78.9,C+,10,yes,High School,medium,3
699,Katrina,Mccormick,katrina.mccormick699@email.com,Female,18,Engineering,78.2,53,49,50.2,54.5,65,65,53.1,F,8,yes,Bachelor's,high,4
700,David,Stewart,david.stewart700@email.com,Male,22,Psychology,75.7,40,48,50.0,50.0,60,53,47.1,F,14,yes,High School,low,7
701,Danny,Payne,danny.payne701@email.com,Male,22,Engineering,90.1,52,63,60.7,65.3,60,50,58.1,F,15,yes,Master's,medium,10
702,John,Roberts,john.roberts702@email.com,Male,23,Business,90.0,70,61,68.8,82.7,64,68,66.5,D,11,yes,Bachelor's,medium,4
703,Nicholas,Patterson,nicholas.patterson703@email.com,Male,18,English Literature,81.7,77,83,89.3,72.7,67,69,79.2,C+,9,yes,Associate,high,3
704,James,Gray,james.gray704@email.com,Male,19,History,86.2,40,40,50.0,50.0,60,50,43.5,F,14,yes,Associate,medium,7
705,Stacey,Douglas,stacey.douglas705@email.com,Male,19,English Literature,100.0,90,74,68.2,63.3,60,60,75.6,C,9,yes,Master's,medium,3
706,Shelby,Harrell,shelby.harrell706@email.com,Female,20,Physics,69.4,47,58,53.1,50.0,60,50,53.1,F,5,yes,High School,low,7
707,Mary,Porter,mary.porter707@email.com,Male,24,History,79.5,79,70,82.1,68.8,64,84,75.0,C,5,yes,Associate,medium,3
708,Nicole,Morgan,nicole.morgan708@email.com,Female,24,Chemistry,83.3,60,68,72.5,59.7,83,62,65.9,D,13,yes,Associate,medium,6
709,Zachary,Garcia,zachary.garcia709@email.com,Male,23,Physics,84.3,86,81,90.1,72.3,85,68,82.0,B-,13,yes,Bachelor's,medium,5
710,Krista,Hernandez,krista.hernandez710@email.com,Female,22,Political Science,92.4,77,84,73.3,77.7,70,94,80.9,B-,13,yes,Bachelor's,low,5
711,Destiny,Jenkins,destiny.jenkins711@email.com,Female,22,Physics,84.1,55,59,77.2,81.9,91,70,63.5,D,15,no,Bachelor's,medium,5
712,Albert,Sutton,albert.sutton712@email.com,Female,22,Biology,93.3,47,52,56.8,50.0,60,50,51.1,F,18,yes,Bachelor's,medium,6
713,Amanda,Jones,amanda.jones713@email.com,Male,24,Psychology,100.0,98,77,78.4,71.5,88,69,83.0,B-,17,yes,Associate,medium,6
714,John,Kim,john.kim714@email.com,Male,21,Economics,63.3,40,40,50.0,56.8,60,50,43.8,F,11,yes,High School,high,6
715,Alexandra,Bruce,alexandra.bruce715@email.com,Female,21,Chemistry,76.5,40,40,50.0,50.0,60,50,43.5,F,9,yes,Master's,low,7
716,Michael,Wilkins,michael.wilkins716@email.com,Female,20,Chemistry,100.0,63,56,67.8,83.8,60,69,62.2,D,8,no,High School,medium,8
717,Douglas,West,douglas.west717@email.com,Female,24,Engineering,80.0,72,75,73.1,66.1,76,62,72.3,C-,11,yes,High School,low,6
718,Cody,Beard,cody.beard718@email.com,Female,24,Physics,60.0,72,74,76.1,72.3,74,92,75.4,C,8,yes,High School,low,4
719,Robert,Li,robert.li719@email.com,Female,20,Economics,83.0,58,67,57.1,78.2,60,68,63.7,D,15,yes,Bachelor's,low,5
720,Michael,Williams,michael.williams720@email.com,Female,24,Business,96.2,85,51,56.1,74.5,60,70,65.3,D,12,yes,High School,medium,6
721,Brian,Austin,brian.austin721@email.com,Male,20,Biology,83.2,52,51,51.6,50.0,60,50,51.7,F,11,yes,High School,low,7
722,Jon,Griffin,jon.griffin722@email.com,Male,19,Mathematics,84.2,94,79,97.8,90.3,76,86,86.6,B,14,yes,Associate,medium,5
723,Joseph,Castro,joseph.castro723@email.com,Male,23,Biology,97.7,61,82,81.2,95.2,79,75,75.5,C,14,yes,Bachelor's,medium,5
724,Brandi,Carson,brandi.carson724@email.com,Male,21,Computer Science,67.4,80,52,51.0,60.6,60,71,63.1,D,17,yes,Master's,low,5
725,Ralph,Allen,ralph.allen725@email.com,Male,18,Psychology,79.8,60,51,51.9,52.6,75,62,56.3,F,13,yes,High School,medium,8
726,David,Madden,david.madden726@email.com,Male,18,Engineering,80.0,87,80,85.9,70.3,70,69,80.7,B-,11,yes,High School,low,5
727,Douglas,Lucas,douglas.lucas727@email.com,Male,23,Mathematics,70.2,68,69,68.4,72.7,60,71,68.6,D,5,no,Associate,medium,5
728,Wesley,Martinez,wesley.martinez728@email.com,Female,22,Mathematics,94.8,78,63,77.9,79.4,60,67,70.1,C-,5,yes,Bachelor's,medium,6
729,Kaitlyn,Hudson,kaitlyn.hudson729@email.com,Female,19,Political Science,75.5,70,65,76.2,70.3,82,54,67.7,D,15,yes,Master's,high,6
730,Christopher,Davidson,christopher.davidson730@email.com,Male,24,Chemistry,81.6,50,69,56.8,72.3,60,53,60.3,D,17,no,Associate,high,5
731,Juan,Brown,juan.brown731@email.com,Male,21,Biology,92.9,40,40,50.0,50.0,60,50,43.5,F,9,yes,Bachelor's,medium,2
732,Jesse,Rogers,jesse.rogers732@email.com,Male,23,Psychology,76.9,60,68,85.0,78.0,60,80,68.7,D,24,yes,Associate,medium,9
733,Jennifer,Weber,jennifer.weber733@email.com,Female,24,History,96.2,96,86,83.7,54.8,78,80,86.3,B,10,yes,High School,low,5
734,Jeffrey,Alexander,jeffrey.alexander734@email.com,Male,22,History,78.5,76,55,62.8,62.8,60,57,63.0,D,14,yes,High School,medium,4
735,Bianca,Palmer,bianca.palmer735@email.com,Male,22,Computer Science,85.6,84,67,86.7,56.9,63,60,72.7,C-,9,yes,High School,high,4
736,Tiffany,Medina,tiffany.medina736@email.com,Male,19,Psychology,81.0,64,66,66.4,69.0,61,62,65.0,D,16,yes,Master's,medium,6
737,Zachary,Rivera,zachary.rivera737@email.com,Male,22,Computer Science,87.4,60,78,76.2,67.5,85,85,73.0,C,9,yes,Master's,medium,5
738,Donna,Rivers,donna.rivers738@email.com,Female,20,Physics,95.4,76,74,95.3,71.4,73,66,75.8,C,10,yes,Associate,medium,6
739,Mark,Fisher,mark.fisher739@email.com,Female,23,Biology,100.0,84,50,65.9,62.8,60,70,65.0,D,8,yes,Bachelor's,high,10
740,Julie,Rodriguez,julie.rodriguez740@email.com,Male,18,Economics,81.4,75,73,74.3,82.8,73,64,73.5,C,12,yes,High School,medium,5
741,Jesse,Higgins,jesse.higgins741@email.com,Male,19,Economics,84.1,40,40,50.0,50.0,60,50,43.5,F,11,yes,Doctorate,high,8
742,Lauren,Ruiz,lauren.ruiz742@email.com,Male,21,Psychology,98.0,66,69,59.7,74.6,60,50,65.1,D,13,no,Master's,high,7
743,Jessica,Parker,jessica.parker743@email.com,Female,18,Chemistry,78.7,40,61,50.0,50.0,60,50,51.9,F,16,yes,Associate,low,7
744,Joann,Miles,joann.miles744@email.com,Female,24,Physics,73.4,82,82,86.9,94.8,71,90,83.5,B,7,yes,Bachelor's,low,5
745,Matthew,Mcdowell,matthew.mcdowell745@email.com,Male,22,Psychology,100.0,52,47,77.2,57.0,60,62,54.2,F,6,yes,Doctorate,medium,8
746,Lisa,Lucas,lisa.lucas746@email.com,Male,20,Political Science,100.0,51,57,50.0,50.0,60,50,53.6,F,16,yes,Master's,high,7
747,Francisco,Myers,francisco.myers747@email.com,Male,23,Mathematics,93.1,85,86,84.7,94.8,88,76,85.2,B,10,yes,Associate,low,6
748,Christine,Williams,christine.williams748@email.com,Male,22,Economics,68.0,84,73,81.2,87.2,73,69,77.5,C+,10,yes,Master's,medium,4
749,Kelly,Wilson,kelly.wilson749@email.com,Male,20,Chemistry,88.2,90,66,78.8,81.5,81,97,79.2,C+,10,no,Associate,low,6
750,Mark,Pierce,mark.pierce750@email.com,Female,21,Engineering,88.1,65,65,63.5,65.4,60,68,64.9,D,6,yes,Doctorate,low,7
751,Lisa,Hart,lisa.hart751@email.com,Female,18,Psychology,69.0,75,71,71.9,81.6,60,83,73.6,C,7,yes,Doctorate,high,5
752,Brett,Richard,brett.richard752@email.com,Male,21,Political Science,96.9,75,56,62.4,67.4,69,75,65.5,D,22,yes,High School,low,9
753,Kathryn,Jordan,kathryn.jordan753@email.com,Male,18,Economics,60.0,49,74,62.3,50.0,60,65,62.6,D,10,yes,Master's,medium,7
754,Jeffrey,Andrews,jeffrey.andrews754@email.com,Female,19,Political Science,96.6,79,91,68.9,97.2,60,75,82.4,B-,12,yes,High School,low,4
755,Joseph,Mclaughlin,joseph.mclaughlin755@email.com,Male,19,English Literature,100.0,55,46,50.0,50.0,60,50,50.4,F,9,yes,High School,high,7
756,Robert,Ramirez,robert.ramirez756@email.com,Male,24,Business,79.6,81,79,85.8,73.2,72,68,78.6,C+,19,yes,High School,medium,5
757,Anthony,Irwin,anthony.irwin757@email.com,Female,21,Biology,86.5,72,70,78.7,64.6,80,68,71.6,C-,10,yes,Doctorate,high,3
758,David,Gross,david.gross758@email.com,Female,24,Political Science,79.1,68,55,64.3,50.0,66,53,60.0,D,11,yes,Bachelor's,high,7
759,Joan,Palmer,joan.palmer759@email.com,Female,23,Biology,83.6,49,40,50.0,50.0,60,50,46.2,F,13,yes,Master's,low,5
760,Robert,Richmond,robert.richmond760@email.com,Male,18,History,98.8,79,60,86.6,78.4,62,59,69.3,D,6,yes,High School,low,6
761,Joseph,Glover,joseph.glover761@email.com,Female,23,Psychology,86.2,64,60,69.8,50.0,60,54,61.2,D,10,yes,High School,medium,8
762,Justin,Stewart,justin.stewart762@email.com,Female,18,Physics,66.7,59,57,50.0,63.6,60,59,57.6,F,11,yes,Associate,medium,5
763,Susan,Lee,susan.lee763@email.com,Male,21,Engineering,90.9,73,69,75.1,64.3,66,59,69.5,D,9,yes,Associate,low,8
764,Ryan,Arroyo,ryan.arroyo764@email.com,Male,22,Physics,76.3,61,46,64.9,50.0,70,61,55.4,F,17,yes,Bachelor's,high,7
765,Hannah,Thompson,hannah.thompson765@email.com,Male,24,Political Science,79.9,74,94,93.5,77.0,79,85,85.5,B,10,yes,High School,low,6
766,Victoria,Hanson,victoria.hanson766@email.com,Male,20,English Literature,77.5,93,78,78.3,81.6,97,71,83.0,B,13,no,Bachelor's,low,4
767,Angela,Fernandez,angela.fernandez767@email.com,Male,20,Computer Science,81.9,40,48,50.0,51.8,60,50,46.8,F,10,yes,Doctorate,high,10
768,Holly,Cruz,holly.cruz768@email.com,Male,18,Engineering,99.3,57,59,54.3,56.2,71,50,57.5,F,12,no,Master's,medium,6
769,Amanda,Reilly,amanda.reilly769@email.com,Male,23,Engineering,82.1,80,72,81.5,72.1,74,80,76.3,C,12,yes,Bachelor's,low,7
770,Bryan,Jensen,bryan.jensen770@email.com,Male,19,Mathematics,93.3,73,75,51.0,50.7,60,74,70.0,D,8,yes,Associate,low,7
771,Sarah,Reyes,sarah.reyes771@email.com,Male,18,History,95.5,54,47,50.0,71.7,60,56,52.2,F,10,yes,Master's,medium,8
772,Matthew,Peterson,matthew.peterson772@email.com,Male,22,Computer Science,74.9,51,59,75.0,70.2,60,58,58.7,F,13,no,Associate,high,7
773,Hunter,Dunn,hunter.dunn773@email.com,Female,21,Mathematics,75.1,51,47,50.0,56.4,60,50,49.9,F,15,yes,Bachelor's,low,6
774,Robert,Johnson,robert.johnson774@email.com,Female,22,Engineering,83.1,58,40,50.0,50.0,60,50,48.9,F,12,no,Associate,low,8
775,Jesse,Baker,jesse.baker775@email.com,Male,20,History,73.5,84,85,74.1,65.1,65,67,79.9,C+,10,yes,Bachelor's,medium,5
776,Selena,Clark,selena.clark776@email.com,Female,20,Computer Science,73.3,80,64,69.0,82.8,60,71,70.8,C-,15,yes,Associate,medium,7
777,Anna,Green,anna.green777@email.com,Female,22,Physics,76.4,52,40,54.3,56.9,60,54,48.4,F,18,yes,Associate,high,9
778,Tammy,Mendoza,tammy.mendoza778@email.com,Female,24,Mathematics,100.0,70,78,84.5,81.9,80,84,77.2,C+,17,yes,Associate,low,6
779,Derek,Martinez,derek.martinez779@email.com,Male,21,English Literature,81.6,40,58,69.2,58.7,60,59,54.0,F,13,no,Associate,low,6
780,Linda,Long,linda.long780@email.com,Female,20,Computer Science,71.0,62,87,74.9,63.1,76,90,76.9,C,21,yes,High School,low,6
781,Spencer,Martinez,spencer.martinez781@email.com,Female,18,Physics,76.3,67,62,73.5,80.4,73,77,67.7,D,17,yes,Bachelor's,medium,7
782,Laura,Sullivan,laura.sullivan782@email.com,Male,18,English Literature,86.9,76,71,74.6,98.2,77,76,75.1,C,10,yes,Bachelor's,high,4
783,Gregory,Marshall,gregory.marshall783@email.com,Male,19,Business,82.3,71,68,84.3,77.5,60,65,70.4,C-,17,yes,Associate,medium,1
784,Carolyn,Owens,carolyn.owens784@email.com,Female,20,Chemistry,100.0,73,68,61.7,81.0,60,76,70.0,D,5,yes,Bachelor's,high,8
785,Allison,Wright,allison.wright785@email.com,Female,23,Biology,84.2,40,54,59.4,56.0,61,65,52.0,F,12,yes,High School,low,6
786,Danielle,Smith,danielle.smith786@email.com,Male,21,Computer Science,86.9,82,71,89.9,68.2,76,87,78.0,C+,16,no,Master's,high,2
787,Jeffrey,Moore,jeffrey.moore787@email.com,Male,23,Psychology,98.4,86,85,80.1,76.1,78,62,81.8,B-,17,yes,Bachelor's,medium,4
788,Joshua,Freeman,joshua.freeman788@email.com,Male,19,Mathematics,87.8,61,66,63.1,62.9,60,60,63.2,D,10,yes,Associate,low,7
789,Stacey,Case,stacey.case789@email.com,Female,24,Economics,82.0,77,83,77.0,70.2,82,87,80.4,B-,16,yes,Doctorate,high,4
790,Juan,Gonzalez,juan.gonzalez790@email.com,Male,23,Physics,85.6,50,66,69.6,68.0,62,84,63.3,D,9,yes,Doctorate,medium,8
791,Christian,Hill,christian.hill791@email.com,Female,22,Chemistry,75.3,62,58,86.8,65.3,62,81,65.1,D,9,yes,Doctorate,high,7
792,Brett,Ford,brett.ford792@email.com,Male,19,Mathematics,88.4,61,71,74.2,70.2,79,80,69.6,D,7,yes,High School,low,6
793,John,Smith,john.smith793@email.com,Female,22,History,91.8,41,41,53.8,51.1,60,50,44.6,F,14,no,Bachelor's,low,4
794,Emily,Brown,emily.brown794@email.com,Male,24,History,92.9,74,91,83.5,73.7,78,70,81.6,B-,11,yes,Master's,high,5
795,Amanda,Bowen,amanda.bowen795@email.com,Female,24,Economics,65.9,81,91,77.1,74.9,65,79,83.4,B,20,yes,Associate,medium,6
796,Julia,Olson,julia.olson796@email.com,Male,23,Computer Science,89.3,79,80,83.7,78.3,81,72,79.3,C+,18,yes,High School,low,4
797,Lori,Orozco,lori.orozco797@email.com,Female,24,Computer Science,70.1,47,64,63.7,70.9,60,64,59.1,F,14,yes,Bachelor's,medium,8
798,Jason,Smith,jason.smith798@email.com,Male,20,Chemistry,75.2,84,74,91.6,74.8,60,87,79.4,C+,7,yes,Master's,medium,7
799,Michael,Daugherty,michael.daugherty799@email.com,Female,22,Computer Science,82.3,66,72,69.5,76.8,60,78,70.3,C-,11,no,Associate,low,3
800,Clinton,Chambers,clinton.chambers800@email.com,Male,24,Engineering,83.6,68,77,83.4,73.4,60,75,73.7,C,10,no,Doctorate,high,5
801,Jose,Thornton,jose.thornton801@email.com,Male,22,Chemistry,88.8,64,60,61.4,56.9,60,50,60.2,D,8,yes,Bachelor's,medium,6
802,Anna,Ramirez,anna.ramirez802@email.com,Male,20,Chemistry,69.5,41,50,62.6,50.9,60,50,49.1,F,5,no,High School,medium,8
803,Katherine,Pierce,katherine.pierce803@email.com,Male,24,Political Science,89.2,79,88,85.4,89.7,68,65,81.9,B-,17,yes,Master's,high,3
804,Sean,Murray,sean.murray804@email.com,Female,18,English Literature,88.8,52,51,61.3,50.0,60,50,52.6,F,5,yes,Bachelor's,medium,6
805,Jeffrey,Olson,jeffrey.olson805@email.com,Female,21,Physics,78.9,76,93,91.7,79.5,60,80,84.2,B,9,no,Master's,medium,5
806,Julie,Wright,julie.wright806@email.com,Female,21,Biology,76.6,74,77,73.7,90.3,73,78,76.4,C,20,yes,Associate,medium,9
807,Kimberly,Giles,kimberly.giles807@email.com,Male,18,Political Science,82.5,51,51,50.0,56.2,60,64,53.0,F,8,yes,Bachelor's,low,6
808,Hunter,Anderson,hunter.anderson808@email.com,Female,24,History,93.5,75,82,80.2,94.4,84,73,79.6,C+,8,yes,Associate,low,1
809,Gerald,Andrews,gerald.andrews809@email.com,Male,18,English Literature,89.0,83,76,74.4,72.0,69,73,77.2,C+,11,yes,Master's,medium,2
810,Kevin,Melendez,kevin.melendez810@email.com,Male,20,Chemistry,100.0,80,59,77.4,59.4,67,65,68.2,D,15,yes,Associate,medium,4
811,Lindsey,Garcia,lindsey.garcia811@email.com,Female,23,Mathematics,76.1,74,74,85.2,78.8,65,88,76.4,C,11,no,Doctorate,medium,3
812,Brandi,Bell,brandi.bell812@email.com,Female,24,Psychology,71.9,75,62,70.9,66.3,74,60,67.5,D,15,yes,High School,low,4
813,Judith,Cox,judith.cox813@email.com,Male,21,Chemistry,79.8,59,61,58.4,50.0,60,50,58.4,F,15,yes,High School,low,4
814,Christopher,Gates,christopher.gates814@email.com,Male,22,Computer Science,96.2,59,68,76.3,67.7,60,70,65.9,D,15,yes,Bachelor's,medium,3
815,Michael,Little,michael.little815@email.com,Male,23,Business,75.3,59,68,66.0,71.8,60,50,63.1,D,10,no,Associate,medium,9
816,Christopher,Hall,christopher.hall816@email.com,Female,24,Engineering,91.6,89,75,81.2,59.2,60,75,78.3,C+,11,yes,Master's,high,2
817,Dorothy,Fisher,dorothy.fisher817@email.com,Male,18,Mathematics,81.8,82,86,82.6,72.6,82,53,80.4,B-,16,yes,Bachelor's,medium,2
818,Rachel,Harris,rachel.harris818@email.com,Male,20,Biology,90.4,87,76,90.5,69.6,60,56,77.7,C+,18,yes,High School,low,5
819,Erin,Dickerson,erin.dickerson819@email.com,Male,18,Engineering,81.2,77,73,85.4,74.2,85,73,76.1,C,14,yes,Master's,medium,4
820,Dana,Mcdonald,dana.mcdonald820@email.com,Male,20,Political Science,91.2,50,66,74.0,80.3,60,55,61.3,D,12,yes,Master's,low,7
821,Johnathan,Pugh,johnathan.pugh821@email.com,Male,22,Chemistry,95.7,80,70,78.5,82.9,79,70,75.1,C,14,yes,Bachelor's,medium,5
822,Emily,Middleton,emily.middleton822@email.com,Female,24,Political Science,83.5,81,82,84.0,79.7,75,82,81.5,B-,10,yes,Master's,low,5
823,Luis,Farmer,luis.farmer823@email.com,Male,23,History,95.7,59,68,74.3,53.9,64,77,66.0,D,9,yes,Associate,high,6
824,Willie,Giles,willie.giles824@email.com,Male,24,Chemistry,77.1,88,80,94.8,80.2,73,98,85.4,B,13,yes,High School,low,5
825,Samantha,Anderson,samantha.anderson825@email.com,Female,18,English Literature,66.6,83,62,72.5,84.3,75,68,71.8,C-,16,yes,High School,low,6
826,Christopher,Foster,christopher.foster826@email.com,Male,21,Business,67.1,40,40,50.0,50.0,60,50,43.5,F,6,no,Master's,medium,6
827,Megan,Erickson,megan.erickson827@email.com,Male,23,Computer Science,94.0,84,79,87.2,77.2,60,71,79.6,C+,6,yes,Associate,medium,4
828,Jose,Lopez,jose.lopez828@email.com,Female,24,English Literature,69.5,51,44,50.0,50.5,60,50,48.4,F,7,yes,Associate,medium,8
829,Jeremy,Munoz,jeremy.munoz829@email.com,Male,18,Computer Science,80.2,44,77,56.5,50.0,66,60,61.5,D,12,no,Associate,low,5
830,Dakota,Myers,dakota.myers830@email.com,Male,23,Psychology,74.0,73,85,83.0,93.1,73,65,79.1,C+,11,yes,Bachelor's,high,6
831,Mark,Haas,mark.haas831@email.com,Female,18,Psychology,80.7,82,77,91.4,74.3,76,83,80.4,B-,18,yes,Bachelor's,medium,6
832,Robin,Rosales,robin.rosales832@email.com,Male,18,English Literature,92.4,55,54,61.0,69.2,60,50,55.7,F,6,yes,High School,medium,8
833,Juan,Maldonado,juan.maldonado833@email.com,Female,21,Chemistry,95.1,75,86,92.9,76.3,60,83,81.4,B-,16,yes,High School,low,6
834,John,Lopez,john.lopez834@email.com,Female,20,Psychology,84.1,55,68,68.4,67.5,60,67,63.6,D,16,yes,Bachelor's,low,6
835,Jonathan,Robinson,jonathan.robinson835@email.com,Male,19,Mathematics,73.3,85,69,69.1,77.5,68,75,74.9,C,9,no,Bachelor's,medium,4
836,Shannon,Khan,shannon.khan836@email.com,Male,24,English Literature,81.6,74,84,90.4,83.4,85,76,80.9,B-,13,no,Bachelor's,medium,6
837,Stephanie,Sanders,stephanie.sanders837@email.com,Male,19,Economics,87.2,73,66,78.2,64.3,60,74,69.8,D,15,yes,High School,low,6
838,Dana,Archer,dana.archer838@email.com,Female,22,Economics,93.5,74,80,86.0,86.3,84,90,80.4,B-,14,yes,Master's,medium,6
839,Julie,Rogers,julie.rogers839@email.com,Male,18,Psychology,70.0,79,73,72.1,53.6,61,60,71.9,C-,16,yes,High School,low,5
840,Shannon,Baker,shannon.baker840@email.com,Male,21,Economics,77.0,58,41,50.0,50.0,60,50,49.3,F,20,yes,Bachelor's,medium,3
841,Paul,Collier,paul.collier841@email.com,Male,24,Engineering,78.1,87,59,79.7,70.5,80,83,73.6,C,18,yes,Bachelor's,high,6
842,Jeremiah,Ramirez,jeremiah.ramirez842@email.com,Male,18,Physics,100.0,76,84,100.0,86.8,81,75,82.4,B-,10,yes,Associate,high,7
843,Joseph,Anderson,joseph.anderson843@email.com,Female,22,Engineering,98.6,60,73,70.6,59.5,60,84,68.7,D,10,yes,Bachelor's,high,7
844,Zachary,Drake,zachary.drake844@email.com,Male,22,History,87.3,57,52,73.1,61.9,60,61,57.4,F,12,yes,Master's,low,7
845,Jill,Cameron,jill.cameron845@email.com,Male,21,Engineering,80.6,63,53,53.7,52.5,61,59,57.1,F,10,yes,Associate,medium,8
846,Michele,Soto,michele.soto846@email.com,Female,22,Biology,95.6,54,44,50.0,50.0,60,50,49.3,F,14,yes,Master's,medium,7
847,Michael,Johnson,michael.johnson847@email.com,Male,23,Political Science,92.4,70,60,71.4,72.2,60,72,66.0,D,10,yes,Bachelor's,medium,7
848,Catherine,Ross,catherine.ross848@email.com,Female,19,Engineering,86.3,72,63,74.3,61.0,60,77,68.0,D,17,yes,High School,medium,5
849,Jessica,Holmes,jessica.holmes849@email.com,Male,22,Engineering,89.2,62,41,50.0,50.9,60,50,50.6,F,11,yes,High School,medium,7
850,Brendan,Chandler,brendan.chandler850@email.com,Female,21,Economics,92.8,57,58,81.6,74.9,66,59,61.5,D,14,yes,Doctorate,high,6
851,Bryan,Gutierrez,bryan.gutierrez851@email.com,Female,20,Business,92.3,93,74,90.4,78.0,61,93,82.9,B-,16,yes,Bachelor's,medium,6
852,Patricia,Davis,patricia.davis852@email.com,Female,19,Computer Science,100.0,89,68,82.1,87.4,75,88,79.1,C+,8,yes,Associate,low,6
853,Kevin,Ray,kevin.ray853@email.com,Female,22,Computer Science,99.7,66,71,58.5,80.8,72,50,66.7,D,13,yes,Master's,medium,7
854,Ashley,Johnson,ashley.johnson854@email.com,Male,22,Computer Science,76.5,74,71,67.9,64.8,60,64,70.1,C-,16,yes,Master's,medium,3
855,Daniel,Taylor,daniel.taylor855@email.com,Female,19,Computer Science,95.2,42,48,50.0,52.0,60,58,48.2,F,8,yes,Bachelor's,medium,6
856,Darrell,Kelly,darrell.kelly856@email.com,Female,20,Biology,92.0,66,64,52.2,66.4,60,50,62.0,D,10,yes,Doctorate,high,7
857,Gary,Romero,gary.romero857@email.com,Male,23,Physics,75.5,73,73,87.1,83.2,86,81,76.5,C,8,yes,Doctorate,low,5
858,Catherine,Garcia,catherine.garcia858@email.com,Female,18,Chemistry,83.4,90,85,82.7,73.7,63,92,85.4,B,7,yes,Associate,low,5
859,Stephanie,Holt,stephanie.holt859@email.com,Male,19,Physics,70.9,49,55,50.0,50.0,60,50,52.2,F,17,yes,Master's,medium,8
860,Scott,Brooks,scott.brooks860@email.com,Female,24,Political Science,96.4,73,70,82.3,82.5,70,58,71.6,C-,17,no,Bachelor's,medium,6
861,Monica,Fuller,monica.fuller861@email.com,Female,20,Computer Science,91.4,80,80,89.0,84.8,65,82,80.7,B-,12,yes,High School,medium,5
862,William,Aguirre,william.aguirre862@email.com,Female,24,Political Science,85.0,40,57,68.4,58.2,60,76,55.2,F,13,yes,High School,medium,6
863,Carrie,Nash,carrie.nash863@email.com,Male,21,Mathematics,76.7,66,79,75.1,78.3,83,79,74.9,C,12,yes,Bachelor's,low,4
864,Alex,Shaffer,alex.shaffer864@email.com,Male,18,Physics,91.1,58,51,50.4,50.0,60,61,54.5,F,7,yes,High School,low,6
865,Michelle,Garcia,michelle.garcia865@email.com,Female,18,Political Science,81.2,55,53,58.2,50.0,60,57,54.8,F,11,yes,High School,low,9
866,Yvonne,Hopkins,yvonne.hopkins866@email.com,Female,24,Economics,91.1,92,90,87.7,70.5,60,77,86.7,B,7,yes,Master's,medium,6
867,Katelyn,Lopez,katelyn.lopez867@email.com,Male,19,Physics,100.0,79,75,78.4,71.9,65,83,76.8,C,11,yes,Bachelor's,medium,4
868,David,Hayes,david.hayes868@email.com,Male,18,Psychology,76.8,41,63,66.6,70.9,60,58,56.5,F,19,yes,Associate,medium,8
869,Michael,Gonzalez,michael.gonzalez869@email.com,Male,20,Biology,72.7,70,78,70.8,70.3,60,56,71.4,C-,13,yes,Bachelor's,medium,3
870,Douglas,Beck,douglas.beck870@email.com,Female,20,Computer Science,79.4,68,71,71.0,50.0,61,79,69.5,D,12,yes,High School,medium,6
871,Beverly,Gardner,beverly.gardner871@email.com,Male,19,Physics,96.5,61,51,66.0,56.5,67,67,58.2,F,9,no,Bachelor's,medium,6
872,Alexis,Deleon,alexis.deleon872@email.com,Female,22,English Literature,91.0,95,78,82.7,65.4,96,83,84.5,B,12,yes,High School,medium,6
873,Cory,Obrien,cory.obrien873@email.com,Male,20,Psychology,89.7,74,82,65.5,73.9,60,79,76.2,C,12,yes,Master's,high,3
874,Traci,Edwards,traci.edwards874@email.com,Male,18,Physics,66.3,54,73,67.6,50.0,60,50,62.7,D,13,yes,Bachelor's,low,4
875,Daniel,Green,daniel.green875@email.com,Female,20,Political Science,92.4,98,83,86.0,70.4,83,65,85.4,B,13,yes,Master's,high,8
876,Adam,Bean,adam.bean876@email.com,Female,24,Business,71.9,82,56,75.9,68.5,61,76,68.7,D,15,yes,Bachelor's,high,8
877,Timothy,Collins,timothy.collins877@email.com,Male,18,Psychology,88.6,83,79,81.8,92.3,74,100,83.0,B-,7,yes,Bachelor's,medium,3
878,Sharon,Rodriguez,sharon.rodriguez878@email.com,Female,20,History,79.6,40,40,50.0,50.0,60,50,43.5,F,10,no,Associate,low,5
879,Emma,Ross,emma.ross879@email.com,Female,21,Economics,100.0,53,63,69.4,50.0,66,54,59.3,F,10,yes,Bachelor's,medium,6
880,Joseph,Moss,joseph.moss880@email.com,Female,24,English Literature,87.5,63,51,58.9,62.1,60,51,56.4,F,13,yes,High School,low,7
881,Vanessa,Williams,vanessa.williams881@email.com,Female,23,English Literature,87.1,66,81,94.8,73.0,87,90,78.7,C+,14,yes,Associate,medium,3
882,Michael,Brady,michael.brady882@email.com,Female,24,Physics,69.7,59,47,55.9,54.0,60,64,54.2,F,11,yes,Bachelor's,low,8
883,Daniel,Bentley,daniel.bentley883@email.com,Male,22,History,94.9,68,67,73.0,64.6,60,64,67.2,D,13,yes,Associate,medium,7
884,John,Roberts,john.roberts884@email.com,Male,22,Political Science,80.8,82,89,96.4,69.1,85,92,86.8,B,7,yes,Associate,low,4
885,Jennifer,Nichols,jennifer.nichols885@email.com,Female,22,Biology,88.7,54,62,50.0,59.7,74,64,59.1,F,15,yes,Bachelor's,high,9
886,Allen,Kelly,allen.kelly886@email.com,Male,23,History,98.8,71,85,93.3,78.4,81,86,81.2,B-,9,yes,Bachelor's,medium,8
887,Tyler,Torres,tyler.torres887@email.com,Male,20,Chemistry,85.1,48,43,54.9,59.4,60,63,49.4,F,6,yes,Associate,medium,8
888,Janice,Smith,janice.smith888@email.com,Female,22,English Literature,88.6,66,44,52.7,64.6,60,50,53.9,F,14,yes,Associate,medium,7
889,Ross,Santos,ross.santos889@email.com,Male,23,English Literature,82.1,52,80,80.7,71.0,75,83,71.3,C-,8,yes,Associate,high,6
890,Jasmin,Davidson,jasmin.davidson890@email.com,Male,23,Psychology,97.3,85,86,97.3,74.3,90,100,87.9,B+,13,no,High School,low,4
891,Monica,Nguyen,monica.nguyen891@email.com,Male,20,English Literature,84.9,60,60,77.2,75.0,70,81,65.2,D,10,yes,Master's,high,6
892,Ronald,Williams,ronald.williams892@email.com,Male,19,Chemistry,80.1,58,60,55.9,50.0,60,50,57.5,F,9,yes,Master's,low,7
893,Matthew,Williams,matthew.williams893@email.com,Female,20,Chemistry,95.0,85,73,66.4,59.6,73,67,74.7,C,18,no,Bachelor's,medium,4
894,Howard,Williamson,howard.williamson894@email.com,Female,23,Engineering,94.1,61,66,64.3,65.2,68,76,65.5,D,17,yes,Master's,medium,6
895,Jeremiah,Flores,jeremiah.flores895@email.com,Male,20,Psychology,100.0,86,91,86.0,86.9,90,82,88.0,B+,9,yes,Bachelor's,high,4
896,Michael,Robinson,michael.robinson896@email.com,Female,20,Economics,88.1,71,76,94.1,78.8,67,62,74.7,C,9,yes,High School,low,3
897,Bradley,Clark,bradley.clark897@email.com,Male,24,Mathematics,86.4,89,80,80.0,82.2,80,82,83.1,B,7,yes,Bachelor's,high,6
898,Alexandria,Solis,alexandria.solis898@email.com,Female,20,Mathematics,64.3,71,72,80.8,72.0,62,65,71.5,C-,16,yes,Bachelor's,medium,6
899,Brittany,Booth,brittany.booth899@email.com,Male,23,Psychology,81.5,50,69,68.8,69.3,60,56,61.6,D,12,yes,Doctorate,medium,5
900,Robert,Jordan,robert.jordan900@email.com,Female,20,English Literature,66.6,40,40,50.0,50.0,60,50,43.5,F,13,yes,Associate,low,7
901,Tonya,Sanders,tonya.sanders901@email.com,Male,22,Mathematics,81.9,65,80,66.7,66.6,60,64,70.9,C-,7,yes,High School,medium,5
902,Marcus,James,marcus.james902@email.com,Male,23,Mathematics,100.0,73,74,75.3,70.0,69,71,73.2,C,11,yes,Bachelor's,medium,1
903,Tristan,Brooks,tristan.brooks903@email.com,Female,19,Business,89.3,47,78,59.0,64.5,60,56,63.1,D,13,no,Bachelor's,high,6
904,Lori,Mcknight,lori.mcknight904@email.com,Male,21,Economics,80.0,67,75,78.9,73.9,71,84,73.7,C,7,no,High School,low,6
905,Felicia,Stevens,felicia.stevens905@email.com,Male,21,Chemistry,73.9,40,41,50.0,50.0,60,50,43.9,F,10,yes,Bachelor's,medium,6
906,John,Heath,john.heath906@email.com,Male,18,English Literature,85.5,58,65,96.5,75.1,76,67,67.4,D,14,yes,Bachelor's,low,5
907,Tina,Hutchinson,tina.hutchinson907@email.com,Male,23,Political Science,97.1,46,50,50.0,50.0,60,61,50.5,F,14,yes,Bachelor's,high,7
908,Jackie,Cochran,jackie.cochran908@email.com,Male,20,Business,86.2,61,53,68.4,63.4,64,71,59.8,F,17,yes,Associate,medium,7
909,Karen,Lewis,karen.lewis909@email.com,Male,19,Computer Science,77.5,88,66,78.8,72.7,63,76,75.2,C,14,yes,High School,low,4
910,Mary,Friedman,mary.friedman910@email.com,Female,20,Business,99.2,80,48,53.9,60.4,68,51,60.2,D,5,yes,Doctorate,high,5
911,Mike,Sexton,mike.sexton911@email.com,Female,23,Psychology,95.3,83,83,87.0,84.7,76,80,82.9,B-,13,yes,High School,medium,6
912,Rebecca,Evans,rebecca.evans912@email.com,Female,20,Computer Science,85.5,94,84,87.1,85.8,61,79,85.9,B,14,no,Bachelor's,low,4
913,Shane,Stark,shane.stark913@email.com,Male,21,Physics,98.9,86,83,68.4,76.7,86,64,80.4,B-,11,yes,Bachelor's,medium,3
914,Robert,Gardner,robert.gardner914@email.com,Male,18,Engineering,91.4,94,80,73.3,73.0,60,82,82.4,B-,7,yes,Bachelor's,medium,7
915,Madeline,Rodriguez,madeline.rodriguez915@email.com,Male,24,Business,90.2,75,70,89.9,87.1,76,75,75.2,C,10,yes,Associate,high,6
916,Patricia,Patterson,patricia.patterson916@email.com,Male,23,History,74.5,65,66,66.3,73.4,60,64,65.7,D,13,yes,Master's,high,5
917,Daniel,Nelson,daniel.nelson917@email.com,Male,23,Computer Science,85.3,52,62,67.7,58.8,67,63,59.9,F,8,yes,Associate,medium,5
918,Courtney,Kent,courtney.kent918@email.com,Female,21,Engineering,84.1,73,83,74.6,85.5,83,98,80.9,B-,10,yes,Associate,medium,6
919,Yolanda,Jones,yolanda.jones919@email.com,Male,20,Physics,77.5,40,41,50.2,50.0,60,50,43.9,F,9,yes,Bachelor's,medium,9
920,Shannon,Ortega,shannon.ortega920@email.com,Female,18,Business,100.0,80,81,80.7,82.0,64,61,78.0,C+,19,no,Bachelor's,medium,7
921,Connor,Baker,connor.baker921@email.com,Female,20,History,91.1,71,71,78.8,78.0,76,93,74.6,C,5,yes,High School,medium,7
922,Kevin,Rivera,kevin.rivera922@email.com,Male,21,Economics,85.5,80,86,76.6,73.5,61,82,81.1,B-,5,yes,High School,medium,4
923,Adam,Webb,adam.webb923@email.com,Male,23,Engineering,84.3,72,51,51.3,52.3,60,50,57.8,F,12,yes,Bachelor's,medium,5
924,Jennifer,Jenkins,jennifer.jenkins924@email.com,Female,24,Economics,65.1,56,72,61.1,50.0,60,70,64.3,D,16,yes,Bachelor's,high,8
925,Douglas,Davis,douglas.davis925@email.com,Female,24,Biology,86.2,86,85,78.0,84.1,64,96,84.7,B,8,yes,Associate,low,3
926,Alicia,Hernandez,alicia.hernandez926@email.com,Male,23,Political Science,79.7,53,52,70.5,69.5,66,76,58.2,F,16,yes,Bachelor's,high,10
927,Stacy,Davenport,stacy.davenport927@email.com,Male,24,Computer Science,87.2,71,55,64.8,61.5,60,50,60.9,D,14,yes,Master's,medium,7
928,Christina,Edwards,christina.edwards928@email.com,Female,18,Mathematics,94.5,65,62,67.6,54.9,60,81,64.9,D,21,yes,Master's,high,8
929,Charlene,Thomas,charlene.thomas929@email.com,Male,20,Political Science,92.7,70,73,55.0,65.4,60,56,67.6,D,14,yes,Master's,medium,5
930,Carrie,Smith,carrie.smith930@email.com,Male,19,Psychology,90.4,60,68,70.9,52.9,60,55,63.5,D,11,yes,Associate,high,4
931,Renee,Henry,renee.henry931@email.com,Female,18,Computer Science,86.1,85,80,94.7,82.5,83,78,83.1,B,5,yes,High School,low,5
932,John,Adams,john.adams932@email.com,Male,19,Biology,80.7,61,47,62.1,65.4,66,54,55.4,F,14,yes,Bachelor's,medium,6
933,Richard,Ryan,richard.ryan933@email.com,Female,18,Political Science,81.5,74,78,81.7,80.1,70,85,77.6,C+,5,yes,Master's,low,5
934,Tiffany,Rollins,tiffany.rollins934@email.com,Male,22,Computer Science,77.9,81,61,71.7,90.6,60,71,70.6,C-,17,yes,Master's,high,4
935,Derrick,Armstrong,derrick.armstrong935@email.com,Male,24,Chemistry,75.1,42,48,50.0,50.0,60,61,48.5,F,6,yes,Associate,medium,8
936,Scott,Barnes,scott.barnes936@email.com,Female,20,Political Science,90.7,71,86,69.1,80.4,64,72,77.1,C+,8,no,Bachelor's,low,6
937,Bryan,Bowman,bryan.bowman937@email.com,Male,23,Engineering,90.4,68,77,68.4,61.8,62,76,71.9,C-,13,no,Doctorate,medium,2
938,Michael,Branch,michael.branch938@email.com,Female,24,Business,98.0,59,70,62.3,71.6,75,74,66.7,D,8,yes,Associate,medium,10
939,Richard,May,richard.may939@email.com,Female,20,English Literature,93.2,66,69,68.3,69.1,60,78,68.5,D,16,yes,Associate,high,8
940,Angela,Williams,angela.williams940@email.com,Male,20,Political Science,100.0,59,43,61.4,60.2,60,53,52.4,F,5,yes,Doctorate,medium,5
941,Patricia,Young,patricia.young941@email.com,Male,18,Engineering,90.0,44,43,65.0,54.0,60,52,47.9,F,11,yes,Bachelor's,medium,9
942,Anna,Nguyen,anna.nguyen942@email.com,Female,22,Mathematics,76.3,40,40,50.0,50.0,60,50,43.5,F,7,yes,Bachelor's,medium,7
943,David,Collins,david.collins943@email.com,Male,22,English Literature,86.9,82,86,81.3,84.4,71,79,82.8,B-,17,yes,Master's,high,5
944,Shane,Lee,shane.lee944@email.com,Male,19,Psychology,76.7,77,83,90.4,90.9,84,69,81.1,B-,11,yes,Associate,high,2
945,Kimberly,Dickerson,kimberly.dickerson945@email.com,Female,21,Psychology,100.0,40,52,53.6,65.6,60,62,50.7,F,7,no,High School,low,6
946,George,Gonzalez,george.gonzalez946@email.com,Female,23,Computer Science,94.8,92,73,92.7,66.1,60,66,79.1,C+,14,yes,Bachelor's,medium,6
947,Michael,Howard,michael.howard947@email.com,Male,19,English Literature,96.3,64,50,57.2,54.8,60,50,55.7,F,9,yes,Bachelor's,high,7
948,Colton,Perkins,colton.perkins948@email.com,Male,20,Business,84.2,66,45,60.5,57.9,62,51,55.0,F,5,yes,Associate,medium,8
949,Melvin,Spears,melvin.spears949@email.com,Female,21,English Literature,98.5,77,91,80.5,88.2,94,91,85.8,B,13,yes,Associate,medium,5
950,Sylvia,Merritt,sylvia.merritt950@email.com,Male,21,Computer Science,100.0,41,67,68.4,55.4,65,57,57.7,F,5,yes,High School,medium,7
951,Bridget,Chavez,bridget.chavez951@email.com,Female,24,Psychology,92.6,78,76,80.3,94.8,71,86,78.8,C+,7,no,High School,high,4
952,Stacey,Johnson,stacey.johnson952@email.com,Female,22,Chemistry,89.3,54,72,73.7,86.9,73,73,67.7,D,12,yes,Doctorate,low,7
953,Angela,Medina,angela.medina953@email.com,Male,23,Economics,84.9,89,81,81.3,87.0,75,72,82.6,B-,14,yes,Associate,low,3
954,Eric,Weeks,eric.weeks954@email.com,Female,20,Physics,95.3,69,72,78.4,70.7,78,60,70.8,C-,16,no,Associate,low,3
955,Katherine,Daniels,katherine.daniels955@email.com,Female,23,Engineering,88.3,98,89,86.7,78.5,68,92,90.3,A,11,yes,Bachelor's,high,4
956,Desiree,Brown,desiree.brown956@email.com,Male,18,Psychology,98.8,72,89,85.2,75.4,60,69,79.5,C+,18,yes,High School,medium,4
957,Matthew,Stanley,matthew.stanley957@email.com,Female,21,Business,92.5,82,79,71.7,81.0,76,86,79.9,C+,12,yes,Associate,low,3
958,Matthew,Torres,matthew.torres958@email.com,Male,18,History,83.1,96,76,84.3,88.5,95,86,85.5,B,15,yes,Master's,high,3
959,Shannon,Macdonald,shannon.macdonald959@email.com,Male,22,English Literature,92.3,60,78,90.6,80.5,64,76,73.2,C,7,yes,Doctorate,medium,5
960,Richard,Cantu,richard.cantu960@email.com,Female,21,Computer Science,81.8,83,85,93.0,76.5,77,78,83.8,B,10,yes,Master's,high,6
961,Karen,Kelly,karen.kelly961@email.com,Female,23,Economics,76.0,85,78,96.7,93.2,85,53,80.7,B-,13,yes,Bachelor's,medium,7
962,Gabrielle,Bean,gabrielle.bean962@email.com,Female,20,Political Science,80.6,40,56,50.0,50.0,60,50,50.0,F,7,yes,High School,medium,10
963,Crystal,Stevens,crystal.stevens963@email.com,Male,21,Computer Science,80.5,59,71,91.7,72.5,79,78,70.8,C-,6,yes,Master's,medium,4
964,Patrick,Robinson,patrick.robinson964@email.com,Female,23,Economics,88.0,57,56,66.8,54.3,60,50,56.9,F,8,yes,Bachelor's,medium,7
965,Kristina,Guerrero,kristina.guerrero965@email.com,Male,19,Mathematics,85.4,74,76,85.4,75.6,81,74,76.4,C,13,yes,Master's,medium,5
966,Christopher,Smith,christopher.smith966@email.com,Female,18,Engineering,69.0,60,58,71.0,72.0,61,64,61.4,D,7,yes,High School,low,6
967,Troy,Pittman,troy.pittman967@email.com,Male,24,Business,98.3,71,75,79.7,79.1,60,70,73.3,C,10,no,Bachelor's,low,6
968,Megan,White,megan.white968@email.com,Male,19,Political Science,81.5,40,40,50.0,50.0,60,50,43.5,F,7,yes,Bachelor's,medium,8
969,Christina,Medina,christina.medina969@email.com,Male,18,English Literature,90.9,58,70,72.9,58.1,60,52,63.9,D,8,no,Bachelor's,high,8
970,Jeremy,Williams,jeremy.williams970@email.com,Female,19,Psychology,77.3,56,77,70.4,68.8,60,69,68.1,D,8,no,Doctorate,medium,6
971,Susan,Mcgee,susan.mcgee971@email.com,Male,18,Psychology,76.8,72,66,50.0,58.9,62,54,64.5,D,6,yes,Bachelor's,low,5
972,James,Chen,james.chen972@email.com,Female,21,History,94.8,41,44,50.0,50.0,60,58,46.3,F,14,yes,Bachelor's,medium,8
973,David,Bryan,david.bryan973@email.com,Male,21,Political Science,75.5,49,66,63.3,50.0,68,54,58.9,F,13,yes,Bachelor's,medium,7
974,Emily,Carroll,emily.carroll974@email.com,Male,23,Engineering,82.3,63,68,73.6,92.6,69,74,69.0,D,12,yes,Bachelor's,medium,6
975,Maria,Miller,maria.miller975@email.com,Female,22,Economics,78.0,59,63,76.3,78.4,66,54,63.2,D,12,no,Bachelor's,high,6
976,Manuel,Rose,manuel.rose976@email.com,Male,20,Biology,84.3,86,75,89.6,94.5,60,76,80.2,B-,10,yes,Associate,medium,4
977,Nicole,Turner,nicole.turner977@email.com,Female,19,Psychology,91.6,40,49,50.0,51.5,60,50,47.2,F,5,yes,Associate,high,8
978,Angela,Booth,angela.booth978@email.com,Female,20,Political Science,66.7,83,68,86.6,73.5,66,71,74.9,C,14,yes,Associate,medium,4
979,Courtney,Dawson,courtney.dawson979@email.com,Male,24,Physics,80.6,77,80,80.9,67.4,75,72,77.5,C+,10,yes,Bachelor's,low,6
980,Margaret,Ray,margaret.ray980@email.com,Female,24,English Literature,77.1,40,43,50.0,51.3,60,54,45.2,F,6,yes,Bachelor's,low,2
981,Michael,Daniel,michael.daniel981@email.com,Male,20,Economics,90.4,82,94,84.2,85.7,84,79,87.1,B+,10,yes,Bachelor's,medium,6
982,James,Larson,james.larson982@email.com,Male,20,Chemistry,77.1,70,52,54.8,57.6,60,59,59.1,F,16,yes,Bachelor's,medium,6
983,Jake,Ellis,jake.ellis983@email.com,Female,18,English Literature,82.7,66,57,65.4,68.8,63,50,60.7,D,13,yes,Master's,medium,6
984,Marvin,Taylor,marvin.taylor984@email.com,Female,24,Business,87.3,69,70,79.5,86.4,77,67,71.6,C-,10,yes,Bachelor's,high,5
985,Christine,Silva,christine.silva985@email.com,Male,19,Business,93.0,70,50,58.5,51.7,60,50,57.4,F,15,yes,Associate,low,6
986,Michael,Collins,michael.collins986@email.com,Male,24,Biology,89.3,64,68,68.6,70.5,78,72,67.9,D,11,yes,High School,medium,8
987,Christopher,Allen,christopher.allen987@email.com,Female,21,English Literature,93.9,65,87,90.0,87.8,86,74,79.5,C+,12,yes,Bachelor's,low,4
988,Tara,Padilla,tara.padilla988@email.com,Female,20,Physics,81.6,41,58,50.0,65.5,60,53,52.1,F,13,yes,High School,medium,5
989,Jacqueline,Phillips,jacqueline.phillips989@email.com,Female,19,Engineering,75.0,65,80,86.1,80.5,72,95,77.3,C+,9,yes,Bachelor's,medium,1
990,Lisa,Goodwin,lisa.goodwin990@email.com,Male,18,Political Science,74.4,60,52,59.9,50.0,60,57,56.0,F,9,yes,Associate,medium,6
991,Stephen,Rodriguez,stephen.rodriguez991@email.com,Female,19,Political Science,86.8,76,74,71.4,59.4,60,52,70.7,C-,11,yes,Master's,medium,4
992,Tara,Rangel,tara.rangel992@email.com,Female,22,Business,74.4,98,77,80.1,70.2,78,75,83.2,B,9,yes,Doctorate,high,4
993,Patrick,Pitts,patrick.pitts993@email.com,Female,22,Economics,86.8,82,63,70.9,92.2,60,51,69.7,D,8,yes,Bachelor's,low,4
994,Victoria,Taylor,victoria.taylor994@email.com,Male,19,History,74.1,61,40,57.0,54.2,60,52,51.0,F,7,yes,Doctorate,high,4
995,Amy,Gomez,amy.gomez995@email.com,Female,20,Physics,85.9,45,54,50.0,50.0,60,50,50.6,F,11,yes,Master's,high,4
996,Erik,Russell,erik.russell996@email.com,Female,23,History,65.5,77,71,77.5,82.1,72,63,73.3,C,5,yes,Bachelor's,medium,6
997,Timothy,Allen,timothy.allen997@email.com,Male,19,Biology,69.6,86,87,85.1,82.6,72,88,85.8,B,12,yes,Doctorate,medium,4
998,Michael,Howard,michael.howard998@email.com,Male,19,Mathematics,86.8,40,40,50.0,50.0,60,50,43.5,F,10,yes,Master's,high,7
999,Peter,Rodriguez,peter.rodriguez999@email.com,Male,24,Business,73.5,68,79,68.9,61.7,70,50,70.5,C-,12,yes,High School,low,4
1000,Brandon,Herrera,brandon.herrera1000@email.com,Female,20,Mathematics,94.2,78,55,59.1,57.2,60,50,62.2,D,15,yes,Bachelor's,low,10
1001,Matthew,Jackson,matthew.jackson1001@email.com,Male,22,Chemistry,85.8,90,82,93.4,90.0,72,83,85.6,B,7,yes,Master's,medium,6
1002,Janet,Taylor,janet.taylor1002@email.com,Male,18,Mathematics,79.1,71,71,78.2,62.2,68,74,71.5,C-,13,yes,Bachelor's,high,5
1003,Charles,Page,charles.page1003@email.com,Female,21,Psychology,82.8,74,81,76.3,88.3,74,91,79.5,C+,10,yes,Bachelor's,medium,1
1004,Rhonda,Hill,rhonda.hill1004@email.com,Male,24,Political Science,90.0,58,65,79.8,71.1,70,66,65.1,D,11,yes,Associate,medium,4
1005,Tonya,Bartlett,tonya.bartlett1005@email.com,Male,22,Economics,94.0,93,87,80.3,67.6,62,75,84.8,B,14,yes,Associate,low,3
1006,Robert,Padilla,robert.padilla1006@email.com,Female,20,Economics,92.8,87,94,84.4,83.0,65,98,89.4,B+,9,no,High School,medium,4
1007,Stacey,Russell,stacey.russell1007@email.com,Male,23,Physics,77.7,42,50,73.4,62.3,62,67,52.9,F,9,yes,Associate,medium,9
1008,Brian,Blair,brian.blair1008@email.com,Female,23,Physics,68.0,85,77,96.9,81.6,77,78,81.8,B-,15,no,Master's,high,7
1009,Amanda,Montgomery,amanda.montgomery1009@email.com,Female,19,Economics,96.8,87,89,83.7,89.0,83,85,87.2,B+,15,yes,Doctorate,high,2
1010,Stacey,Jenkins,stacey.jenkins1010@email.com,Male,20,Engineering,96.2,78,81,85.0,86.3,81,85,81.3,B-,14,yes,Associate,medium,5
1011,Michelle,Smith,michelle.smith1011@email.com,Male,19,Computer Science,99.6,47,52,64.2,50.0,60,54,52.2,F,11,yes,Associate,medium,7
1012,Marcia,Benson,marcia.benson1012@email.com,Male,23,Business,75.3,58,92,73.1,65.0,60,61,73.9,C,6,no,Bachelor's,low,5
1013,Angela,Morales,angela.morales1013@email.com,Male,18,Economics,79.6,74,82,79.3,75.4,75,73,77.8,C+,12,yes,Bachelor's,high,5
1014,Christy,Bennett,christy.bennett1014@email.com,Female,20,Psychology,89.4,65,80,85.2,74.4,64,85,75.5,C,19,yes,Master's,low,4
1015,Robert,Jones,robert.jones1015@email.com,Male,19,Chemistry,80.6,73,67,80.9,66.3,61,88,72.1,C-,16,yes,Master's,medium,5
1016,Richard,Moore,richard.moore1016@email.com,Male,24,Economics,70.8,55,64,66.2,62.3,60,50,59.8,F,6,yes,Bachelor's,medium,7
1017,Kathy,Johnston,kathy.johnston1017@email.com,Male,20,English Literature,78.7,82,78,78.0,82.0,86,76,79.6,C+,12,yes,Associate,medium,4
1018,Victoria,Kerr,victoria.kerr1018@email.com,Female,22,Engineering,84.0,64,65,60.1,52.8,62,60,63.1,D,10,yes,Bachelor's,low,6
1019,Rodney,Johnson,rodney.johnson1019@email.com,Female,19,English Literature,89.8,88,80,84.3,85.5,78,77,82.8,B-,12,no,High School,high,5
1020,Brooke,Evans,brooke.evans1020@email.com,Male,21,Computer Science,81.3,40,40,50.0,50.0,60,50,43.5,F,7,yes,Associate,medium,6
1021,Tabitha,Miller,tabitha.miller1021@email.com,Male,22,Engineering,81.8,85,71,65.6,73.4,76,55,73.5,C,19,yes,Bachelor's,low,6
1022,Daniel,Mcguire,daniel.mcguire1022@email.com,Male,23,History,72.9,45,40,50.0,50.0,60,53,45.3,F,7,yes,Doctorate,high,9
1023,Monica,Long,monica.long1023@email.com,Female,21,Business,100.0,49,40,50.0,51.6,60,50,46.3,F,5,yes,Associate,medium,8
1024,Tristan,Campbell,tristan.campbell1024@email.com,Female,19,Computer Science,99.2,81,70,76.9,80.9,79,77,75.7,C,10,yes,High School,medium,4
1025,Jose,Abbott,jose.abbott1025@email.com,Male,23,English Literature,76.8,61,69,79.1,76.6,76,64,67.9,D,13,yes,High School,medium,6
1026,Tanya,Leonard,tanya.leonard1026@email.com,Male,23,Political Science,78.8,40,45,59.9,57.0,60,53,47.2,F,10,yes,Bachelor's,high,7
1027,Holly,Pacheco,holly.pacheco1027@email.com,Male,21,Biology,100.0,72,78,67.8,75.7,63,56,72.2,C-,13,yes,Associate,medium,2
1028,Kelsey,Kelly,kelsey.kelly1028@email.com,Male,22,Biology,83.4,55,49,50.0,50.0,60,50,51.6,F,10,yes,Associate,medium,7
1029,Derrick,Cook,derrick.cook1029@email.com,Female,23,English Literature,99.0,82,85,95.1,75.6,87,83,84.6,B,15,yes,High School,low,6
1030,Howard,Rodriguez,howard.rodriguez1030@email.com,Male,24,Mathematics,84.1,56,66,71.9,50.0,86,50,62.2,D,12,yes,Bachelor's,medium,6
1031,Renee,Allen,renee.allen1031@email.com,Female,21,English Literature,86.1,46,61,52.8,50.0,60,50,54.0,F,7,no,Associate,low,7
1032,Caitlin,Brown,caitlin.brown1032@email.com,Female,19,Computer Science,87.9,62,72,74.4,76.2,60,69,68.6,D,17,no,Bachelor's,medium,7
1033,Justin,Roberts,justin.roberts1033@email.com,Male,21,Computer Science,89.6,66,66,73.3,57.2,60,59,65.3,D,11,yes,Associate,low,5
1034,Stephanie,Salinas,stephanie.salinas1034@email.com,Male,19,Biology,100.0,41,46,69.0,50.0,60,65,49.7,F,19,yes,Bachelor's,low,8
1035,Angela,Richardson,angela.richardson1035@email.com,Female,19,Physics,86.0,44,49,60.4,50.0,60,61,50.5,F,7,yes,Bachelor's,medium,10
1036,Austin,Cooper,austin.cooper1036@email.com,Male,23,Mathematics,86.3,71,63,64.9,67.7,77,50,65.2,D,8,yes,Associate,low,5
1037,Wayne,Marsh,wayne.marsh1037@email.com,Female,19,Physics,83.2,40,40,50.0,50.0,60,50,43.5,F,8,yes,Associate,low,9
1038,Katrina,Velasquez,katrina.velasquez1038@email.com,Male,23,Economics,91.6,41,40,50.0,50.0,60,50,43.8,F,14,yes,Bachelor's,medium,7
1039,Leslie,Stephenson,leslie.stephenson1039@email.com,Female,24,English Literature,60.0,86,88,84.0,81.4,84,93,87.0,B+,18,yes,High School,low,5
1040,Erik,Jefferson,erik.jefferson1040@email.com,Female,19,Chemistry,100.0,56,69,90.3,76.3,60,81,68.4,D,22,yes,Bachelor's,medium,7
1041,Rodney,Huffman,rodney.huffman1041@email.com,Male,22,Engineering,89.8,81,74,50.0,75.5,60,54,71.1,C-,5,yes,High School,low,2
1042,Catherine,Bradford,catherine.bradford1042@email.com,Male,20,Chemistry,69.8,78,78,81.8,73.3,60,82,77.7,C+,11,yes,Associate,medium,4
1043,Michael,Booth,michael.booth1043@email.com,Female,18,Political Science,60.0,77,59,80.4,76.2,60,59,67.5,D,16,yes,Bachelor's,medium,5
1044,James,Wyatt,james.wyatt1044@email.com,Female,18,Chemistry,92.3,71,78,90.3,84.3,62,82,77.1,C+,6,yes,Associate,high,4
1045,Jennifer,Howard,jennifer.howard1045@email.com,Female,22,Physics,71.0,77,72,82.3,62.5,70,57,72.5,C-,11,yes,Bachelor's,medium,5
1046,Todd,Ortiz,todd.ortiz1046@email.com,Female,19,Biology,96.2,41,43,50.0,50.0,60,50,45.0,F,8,yes,Associate,high,9
1047,Sharon,Greene,sharon.greene1047@email.com,Female,22,Psychology,100.0,78,74,84.7,78.0,95,69,77.1,C+,7,no,Associate,medium,5
1048,Alison,Macdonald,alison.macdonald1048@email.com,Female,23,Psychology,83.4,42,46,50.8,50.7,60,51,46.7,F,9,no,High School,medium,4
1049,Bob,Cabrera,bob.cabrera1049@email.com,Male,19,Biology,88.1,65,52,50.1,60.6,60,65,57.9,F,18,yes,Associate,high,8
1050,Emily,Morris,emily.morris1050@email.com,Male,22,Biology,85.5,46,55,50.0,60.8,60,60,52.9,F,10,yes,Bachelor's,medium,6
1051,April,Watkins,april.watkins1051@email.com,Male,19,Computer Science,89.7,74,69,85.0,78.0,67,80,73.6,C,14,yes,Master's,high,4
1052,Steven,Barrett,steven.barrett1052@email.com,Female,22,History,84.1,73,88,84.0,74.0,72,85,81.4,B-,9,yes,High School,low,6
1053,Warren,Small,warren.small1053@email.com,Female,21,Economics,88.2,58,64,81.6,60.0,60,54,62.6,D,13,yes,Bachelor's,high,6
1054,Tracy,Malone,tracy.malone1054@email.com,Male,19,Chemistry,93.3,75,61,62.8,79.4,60,92,69.4,D,13,yes,Master's,medium,8
1055,Jeffrey,Carroll,jeffrey.carroll1055@email.com,Female,18,Mathematics,92.0,84,81,90.1,76.4,61,87,82.3,B-,14,yes,Bachelor's,medium,6
1056,Christine,Key,christine.key1056@email.com,Female,21,Chemistry,97.9,76,67,87.7,83.0,77,85,74.9,C,10,yes,Bachelor's,medium,7
1057,Gail,Luna,gail.luna1057@email.com,Male,23,Economics,84.1,86,66,82.8,65.3,79,71,74.9,C,16,yes,High School,low,5
1058,Kenneth,Roberts,kenneth.roberts1058@email.com,Male,24,Political Science,71.8,72,86,71.1,80.4,80,71,78.3,C+,15,no,Master's,medium,5
1059,Seth,Cooper,seth.cooper1059@email.com,Male,24,Physics,95.3,63,66,59.9,68.3,75,61,64.7,D,11,yes,Associate,medium,5
1060,Melissa,Sloan,melissa.sloan1060@email.com,Female,24,Chemistry,77.4,66,59,73.2,65.2,60,75,64.5,D,20,yes,Associate,low,5
1061,Patrick,Morrison,patrick.morrison1061@email.com,Female,19,Business,95.6,40,40,50.0,50.0,60,50,43.5,F,15,yes,Associate,medium,6
1062,James,Miller,james.miller1062@email.com,Male,19,Computer Science,82.8,70,62,81.3,78.1,71,83,69.7,D,9,yes,Bachelor's,high,5
1063,James,Blackburn,james.blackburn1063@email.com,Female,24,Political Science,100.0,64,65,84.9,96.0,82,80,70.7,C-,9,no,Associate,low,4
1064,Toni,Brown,toni.brown1064@email.com,Male,18,Business,80.7,57,71,69.3,57.8,88,72,67.0,D,13,yes,Associate,medium,5
1065,Tim,Russo,tim.russo1065@email.com,Male,19,Economics,80.0,83,81,81.2,76.8,76,100,83.1,B,14,yes,Doctorate,low,5
1066,Walter,Simpson,walter.simpson1066@email.com,Male,18,Economics,86.4,71,80,97.4,91.9,63,71,78.0,C+,13,yes,Master's,medium,7
1067,Julie,Bradley,julie.bradley1067@email.com,Female,23,Psychology,93.6,73,83,81.0,80.9,61,70,77.4,C+,14,yes,Master's,medium,6
1068,Margaret,Small,margaret.small1068@email.com,Male,22,Economics,76.1,54,71,60.9,66.2,60,50,62.0,D,16,yes,Bachelor's,high,5
1069,Oscar,Williams,oscar.williams1069@email.com,Male,21,Engineering,95.7,68,58,65.0,61.3,64,68,63.2,D,8,no,Associate,medium,9
1070,Jay,Cook,jay.cook1070@email.com,Male,19,Mathematics,94.4,48,46,50.0,50.0,60,52,48.6,F,15,no,Associate,low,4
1071,Madeline,Howard,madeline.howard1071@email.com,Male,23,English Literature,93.8,48,73,63.3,58.5,62,72,63.3,D,5,no,Bachelor's,low,7
1072,Earl,Ramirez,earl.ramirez1072@email.com,Male,22,Psychology,91.0,46,58,52.0,50.0,66,52,53.2,F,9,yes,Associate,medium,7
1073,Amanda,Brennan,amanda.brennan1073@email.com,Male,21,English Literature,75.5,61,73,83.8,72.8,60,84,70.9,C-,10,yes,High School,high,2
1074,Kimberly,Phillips,kimberly.phillips1074@email.com,Male,22,Mathematics,94.2,76,58,66.3,56.0,60,50,63.4,D,11,yes,High School,medium,8
1075,Carlos,Wiggins,carlos.wiggins1075@email.com,Male,23,History,79.7,92,82,94.0,98.2,70,72,85.5,B,13,yes,High School,low,4
1076,Tracy,Rodriguez,tracy.rodriguez1076@email.com,Male,21,Economics,98.3,77,77,84.4,83.1,86,74,78.3,C+,10,yes,Bachelor's,high,3
1077,Andrew,Stout,andrew.stout1077@email.com,Male,22,Political Science,93.1,83,85,87.8,88.9,71,90,84.7,B,11,yes,Master's,medium,6
1078,Anita,Wallace,anita.wallace1078@email.com,Male,21,Physics,86.8,69,62,76.5,50.0,68,50,64.1,D,10,yes,Doctorate,medium,5
1079,Kaitlyn,Lopez,kaitlyn.lopez1079@email.com,Female,18,Mathematics,90.0,71,90,87.1,77.5,78,97,83.6,B,8,yes,Associate,low,6
1080,Crystal,Fernandez,crystal.fernandez1080@email.com,Male,18,History,72.6,49,43,52.7,53.0,60,50,47.8,F,8,yes,Associate,high,6
1081,Amanda,Murphy,amanda.murphy1081@email.com,Female,24,Mathematics,100.0,85,90,71.4,85.5,62,80,84.1,B,8,yes,Associate,medium,4
1082,Brett,Maxwell,brett.maxwell1082@email.com,Female,21,History,86.7,90,53,90.1,73.6,81,75,72.6,C-,6,yes,Associate,medium,3
1083,Jessica,Allen,jessica.allen1083@email.com,Female,20,Mathematics,81.1,91,76,85.4,88.5,80,87,83.5,B,7,yes,High School,low,5
1084,Jacob,Reynolds,jacob.reynolds1084@email.com,Female,18,Mathematics,87.2,97,92,75.8,64.8,78,82,88.9,B+,13,yes,High School,medium,3
1085,David,Gomez,david.gomez1085@email.com,Male,20,Economics,79.8,83,72,88.1,77.7,80,80,78.4,C+,16,yes,High School,medium,5
1086,John,Brown,john.brown1086@email.com,Female,19,English Literature,71.9,49,53,51.5,50.0,60,50,51.5,F,12,yes,Associate,low,6
1087,Jason,Garza,jason.garza1087@email.com,Male,23,English Literature,91.8,73,87,84.3,78.3,60,72,79.3,C+,7,yes,Bachelor's,medium,5
1088,Cole,Collins,cole.collins1088@email.com,Female,18,Computer Science,72.1,70,69,81.1,76.0,83,78,72.5,C-,5,no,Associate,medium,5
1089,William,Snyder,william.snyder1089@email.com,Female,19,Business,81.7,40,40,50.0,50.0,60,50,43.5,F,5,yes,Master's,medium,4
1090,Krista,Fowler,krista.fowler1090@email.com,Male,18,Business,85.0,88,86,83.9,86.2,83,80,85.7,B,12,yes,Associate,low,5
1091,Nicholas,Johnson,nicholas.johnson1091@email.com,Male,24,Engineering,99.1,70,65,81.9,73.9,80,90,72.0,C-,13,yes,Master's,low,3
1092,Thomas,Wilson,thomas.wilson1092@email.com,Female,18,Biology,82.8,46,63,60.3,71.1,60,68,58.4,F,8,yes,Bachelor's,low,5
1093,Darrell,Horton,darrell.horton1093@email.com,Male,22,History,97.7,66,53,58.9,56.1,60,50,57.7,F,10,yes,Bachelor's,medium,3
1094,Andrew,Ramirez,andrew.ramirez1094@email.com,Female,18,English Literature,71.3,43,40,50.0,50.0,60,50,44.4,F,17,yes,Bachelor's,low,7
1095,Denise,Rodriguez,denise.rodriguez1095@email.com,Female,19,Chemistry,100.0,58,63,63.0,55.9,60,55,60.2,D,12,yes,Associate,low,7
1096,Andrew,Johnson,andrew.johnson1096@email.com,Female,23,Biology,100.0,79,85,84.4,88.9,84,74,82.3,B-,15,yes,Bachelor's,high,4
1097,Emily,Odom,emily.odom1097@email.com,Female,18,History,79.5,48,42,54.4,50.0,60,50,47.1,F,16,yes,Associate,low,7
1098,Kelli,Strickland,kelli.strickland1098@email.com,Male,22,Business,86.5,75,68,70.7,65.7,60,66,69.7,D,10,yes,Bachelor's,medium,6
1099,Kelly,Reyes,kelly.reyes1099@email.com,Male,18,Chemistry,80.5,47,40,50.0,50.0,60,50,45.6,F,6,yes,Associate,medium,6
1100,Darius,Foster,darius.foster1100@email.com,Female,18,History,82.9,57,70,93.6,73.2,71,91,70.8,C-,7,no,Bachelor's,medium,5
1101,Rebecca,Wright,rebecca.wright1101@email.com,Male,22,English Literature,100.0,85,74,76.3,77.7,83,97,80.5,B-,14,yes,High School,low,5
1102,Aaron,Robinson,aaron.robinson1102@email.com,Male,20,Engineering,87.4,70,61,74.4,54.7,70,61,65.3,D,5,yes,Associate,low,10
1103,Denise,Johnson,denise.johnson1103@email.com,Female,21,Economics,84.7,72,56,56.2,53.8,68,64,62.1,D,13,yes,Bachelor's,medium,6
1104,Kristi,Mccoy,kristi.mccoy1104@email.com,Male,22,Mathematics,97.3,92,75,74.8,77.4,80,78,80.8,B-,21,yes,Bachelor's,medium,2
1105,Michael,Burke,michael.burke1105@email.com,Male,23,Mathematics,83.0,83,73,82.3,73.0,74,91,78.8,C+,5,yes,Bachelor's,medium,6
1106,Lisa,Waller,lisa.waller1106@email.com,Male,18,Engineering,89.9,70,65,81.0,74.2,73,64,68.9,D,5,yes,High School,low,7
1107,Dana,Jefferson,dana.jefferson1107@email.com,Male,20,Political Science,87.5,67,86,74.0,73.2,78,78,77.3,C+,17,yes,Doctorate,medium,5
1108,Laura,Allen,laura.allen1108@email.com,Female,20,Political Science,75.4,40,40,50.0,50.0,60,50,43.5,F,11,yes,High School,high,8
1109,Gregory,Norris,gregory.norris1109@email.com,Male,19,English Literature,92.7,78,64,77.0,71.8,79,67,71.0,C-,8,yes,High School,medium,4
1110,Marcus,Pratt,marcus.pratt1110@email.com,Female,23,Physics,91.8,40,40,50.0,50.0,60,50,43.5,F,11,yes,Associate,low,5
1111,Joseph,Murray,joseph.murray1111@email.com,Male,24,History,83.5,67,76,68.6,58.3,60,54,68.8,D,18,no,High School,low,9
1112,Erin,Brown,erin.brown1112@email.com,Male,24,English Literature,78.9,55,52,56.0,65.5,66,50,54.5,F,10,yes,High School,low,7
1113,Isaac,Dillon,isaac.dillon1113@email.com,Female,24,Business,91.8,61,70,69.9,57.3,61,77,67.0,D,10,yes,Associate,medium,8
1114,Michael,Costa,michael.costa1114@email.com,Male,21,Economics,78.5,43,52,61.7,54.0,60,50,50.6,F,16,yes,Bachelor's,low,8
1115,Laura,Estes,laura.estes1115@email.com,Male,19,Economics,74.4,59,58,69.2,72.7,68,77,62.6,D,11,yes,Bachelor's,low,6
1116,Michael,Henderson,michael.henderson1116@email.com,Female,18,Chemistry,95.1,78,73,80.9,92.0,63,85,77.0,C,15,yes,Associate,high,5
1117,Carol,Rich,carol.rich1117@email.com,Male,22,Psychology,83.7,62,43,54.5,54.7,62,52,52.3,F,11,yes,Bachelor's,high,8
1118,Courtney,Ford,courtney.ford1118@email.com,Female,20,Mathematics,76.7,45,57,50.0,53.1,81,50,53.0,F,21,yes,High School,medium,7
1119,John,Sanchez,john.sanchez1119@email.com,Male,19,Economics,80.4,63,57,68.1,64.7,62,68,61.7,D,15,no,Master's,low,4
1120,Brian,Marquez,brian.marquez1120@email.com,Female,21,Economics,85.1,75,67,66.1,58.2,60,54,67.3,D,9,yes,Bachelor's,high,9
1121,Teresa,Boyer,teresa.boyer1121@email.com,Female,21,Business,79.8,46,45,59.8,50.0,62,58,49.3,F,12,no,Bachelor's,medium,7
1122,Alec,Blankenship,alec.blankenship1122@email.com,Female,23,Psychology,100.0,89,72,84.1,62.4,81,93,80.5,B-,10,yes,Master's,medium,2
1123,Shannon,Jefferson,shannon.jefferson1123@email.com,Male,22,Psychology,80.7,86,67,80.5,90.0,78,82,77.4,C+,10,yes,High School,low,5
1124,Daniel,Powell,daniel.powell1124@email.com,Male,21,English Literature,63.1,42,52,50.0,61.6,60,62,50.7,F,17,yes,Master's,medium,8
1125,Mark,Davis,mark.davis1125@email.com,Female,22,Chemistry,87.7,54,76,67.1,83.2,66,59,66.7,D,7,yes,High School,medium,5
1126,John,Bradford,john.bradford1126@email.com,Female,19,Physics,89.3,45,46,50.0,50.0,60,56,48.0,F,12,yes,High School,low,4
1127,Yvonne,Parker,yvonne.parker1127@email.com,Female,21,Engineering,84.0,78,72,76.6,81.5,69,76,75.0,C,10,yes,High School,medium,6
1128,Philip,Braun,philip.braun1128@email.com,Female,22,Chemistry,100.0,72,99,90.3,84.1,75,86,86.9,B,13,no,Associate,low,5
1129,Joe,Robinson,joe.robinson1129@email.com,Male,20,Political Science,86.7,94,72,77.9,84.3,68,91,81.6,B-,15,yes,Master's,medium,6
1130,Patrick,Hernandez,patrick.hernandez1130@email.com,Female,23,Political Science,70.7,79,79,78.7,80.9,89,90,80.7,B-,12,yes,Bachelor's,low,6
1131,Laura,Baker,laura.baker1131@email.com,Female,22,Physics,77.8,78,60,71.2,63.9,71,81,69.4,D,11,yes,Bachelor's,low,5
1132,Todd,Ramsey,todd.ramsey1132@email.com,Female,24,Mathematics,92.9,85,85,88.8,75.2,88,80,84.6,B,15,no,High School,medium,4
1133,Jessica,Cline,jessica.cline1133@email.com,Male,19,English Literature,89.9,90,80,86.2,68.1,86,88,84.2,B,11,yes,Bachelor's,high,5
1134,Chelsea,Roberson,chelsea.roberson1134@email.com,Male,20,Economics,100.0,70,56,63.6,77.8,60,67,63.4,D,7,yes,Master's,high,7
1135,Mark,Sandoval,mark.sandoval1135@email.com,Female,23,History,100.0,40,40,50.0,50.0,60,50,43.5,F,8,yes,Master's,medium,7
1136,Maria,Foster,maria.foster1136@email.com,Female,24,Psychology,82.7,89,85,98.0,82.2,70,61,84.3,B,16,yes,Bachelor's,low,1
1137,Douglas,Jones,douglas.jones1137@email.com,Female,22,Business,75.0,67,64,82.6,74.0,60,81,68.9,D,6,yes,Associate,low,7
1138,Andrew,Jackson,andrew.jackson1138@email.com,Male,22,Economics,80.7,53,43,50.0,50.0,60,50,48.6,F,10,yes,Associate,medium,6
1139,Todd,Diaz,todd.diaz1139@email.com,Male,20,Economics,82.9,46,52,56.7,53.5,60,50,50.9,F,6,yes,Master's,medium,7
1140,Mallory,Shepherd,mallory.shepherd1140@email.com,Male,19,Psychology,89.7,55,68,57.6,72.9,60,50,61.1,D,8,no,Master's,high,6
1141,Jonathan,Fisher,jonathan.fisher1141@email.com,Female,20,Chemistry,97.6,73,66,75.6,78.0,70,75,70.8,C-,11,yes,High School,medium,2
1142,Patrick,Adkins,patrick.adkins1142@email.com,Male,19,Business,79.4,55,58,61.3,50.0,62,53,56.8,F,9,yes,Associate,medium,5
1143,Kathleen,Armstrong,kathleen.armstrong1143@email.com,Female,19,Mathematics,85.8,76,70,75.5,68.1,67,81,73.3,C,9,yes,Associate,medium,5
1144,Elizabeth,Young,elizabeth.young1144@email.com,Female,24,History,81.4,46,40,51.9,50.0,60,54,45.9,F,9,yes,High School,medium,10
1145,Janet,Dean,janet.dean1145@email.com,Female,20,Physics,77.4,49,48,50.4,50.0,60,50,49.4,F,5,yes,Bachelor's,medium,7
1146,Manuel,Raymond,manuel.raymond1146@email.com,Female,19,Business,68.9,71,75,67.8,60.8,60,75,71.7,C-,11,yes,High School,low,7
1147,Jacqueline,Fernandez,jacqueline.fernandez1147@email.com,Male,20,History,85.2,56,45,78.0,75.8,60,61,55.5,F,22,yes,Master's,medium,8
1148,Kevin,Garner,kevin.garner1148@email.com,Female,23,Physics,78.6,70,89,79.8,89.0,61,90,81.2,B-,18,yes,Master's,medium,7
1149,Ethan,Green,ethan.green1149@email.com,Male,19,Mathematics,92.7,43,60,63.1,68.4,60,54,55.1,F,19,yes,Master's,high,7
1150,Tyler,Jones,tyler.jones1150@email.com,Female,23,Computer Science,94.1,80,64,78.4,71.9,71,79,72.6,C-,6,yes,Associate,low,4
1151,Steven,Vega,steven.vega1151@email.com,Female,22,Psychology,72.9,61,43,63.7,50.0,60,53,52.7,F,15,yes,Bachelor's,medium,5
1152,Becky,Kim,becky.kim1152@email.com,Male,18,Business,87.2,58,85,73.4,76.9,60,70,72.7,C-,14,yes,High School,low,5
1153,Andrew,Kidd,andrew.kidd1153@email.com,Male,21,Biology,92.4,81,82,79.5,86.0,72,74,80.5,B-,13,yes,Bachelor's,medium,6
1154,Robert,Underwood,robert.underwood1154@email.com,Female,20,Political Science,93.3,73,43,67.1,61.4,60,61,58.0,F,15,yes,Associate,medium,7
1155,Laura,Wilson,laura.wilson1155@email.com,Female,21,Chemistry,78.7,62,73,61.7,61.9,64,60,66.4,D,5,yes,High School,low,8
1156,Kenneth,Hess,kenneth.hess1156@email.com,Male,18,History,90.1,40,47,50.0,53.6,60,50,46.5,F,17,yes,Bachelor's,medium,5
1157,Yolanda,Flynn,yolanda.flynn1157@email.com,Male,20,Biology,86.7,52,60,50.0,50.0,60,50,55.1,F,18,yes,Bachelor's,medium,9
1158,Joseph,Becker,joseph.becker1158@email.com,Female,21,Political Science,72.7,67,59,75.0,70.0,60,59,63.6,D,5,yes,High School,medium,7
1159,Barbara,Chavez,barbara.chavez1159@email.com,Female,18,Psychology,91.7,90,83,95.7,84.1,75,94,87.1,B+,10,yes,High School,medium,6
1160,Angel,Pittman,angel.pittman1160@email.com,Male,24,English Literature,91.5,55,55,64.0,58.0,60,54,56.3,F,11,yes,Bachelor's,high,8
1161,Earl,Blankenship,earl.blankenship1161@email.com,Female,19,Engineering,92.9,68,89,92.8,73.2,91,67,80.3,B-,9,yes,High School,low,4
1162,Julie,Soto,julie.soto1162@email.com,Female,18,Chemistry,81.2,56,60,60.5,60.3,71,64,59.9,F,8,yes,Bachelor's,medium,10
1163,Michelle,Mcknight,michelle.mcknight1163@email.com,Female,20,Biology,93.1,63,59,68.5,54.3,66,62,61.6,D,8,yes,Master's,high,5
1164,Lori,Cantu,lori.cantu1164@email.com,Female,20,Political Science,92.3,58,54,66.9,67.3,60,66,58.8,F,14,yes,Doctorate,medium,6
1165,Scott,Olson,scott.olson1165@email.com,Female,23,Mathematics,79.7,68,80,89.2,67.9,66,79,76.0,C,11,yes,High School,low,3
1166,John,Rice,john.rice1166@email.com,Male,18,English Literature,71.7,40,57,71.8,64.9,60,51,53.4,F,11,yes,Bachelor's,low,7
1167,Jennifer,Flores,jennifer.flores1167@email.com,Male,23,Physics,75.3,80,71,100.0,82.3,79,85,79.1,C+,20,yes,High School,low,6
1168,Michael,Fleming,michael.fleming1168@email.com,Male,21,Psychology,90.6,81,82,80.1,84.3,80,78,81.1,B-,12,yes,High School,medium,5
1169,Dustin,Fisher,dustin.fisher1169@email.com,Female,19,Economics,89.3,69,76,89.4,75.9,91,65,75.0,C,16,yes,High School,medium,4
1170,Daniel,Walters,daniel.walters1170@email.com,Female,18,History,77.5,77,71,72.5,73.2,67,76,73.4,C,13,no,Associate,low,4
1171,Sara,Taylor,sara.taylor1171@email.com,Female,19,Biology,85.2,82,65,69.9,70.2,72,91,73.8,C,15,yes,Bachelor's,low,5
1172,Mark,Ross,mark.ross1172@email.com,Female,19,English Literature,71.5,58,76,70.2,79.5,76,70,69.7,D,14,yes,Associate,low,10
1173,Denise,Reid,denise.reid1173@email.com,Male,20,Computer Science,83.7,45,64,54.9,55.3,60,69,57.3,F,10,yes,High School,low,6
1174,Bradley,Kennedy,bradley.kennedy1174@email.com,Female,18,Psychology,93.2,44,64,59.6,61.1,60,78,58.6,F,5,yes,Master's,medium,6
1175,Michael,Peck,michael.peck1175@email.com,Female,18,Economics,92.4,40,41,50.0,50.0,60,50,43.9,F,10,yes,Doctorate,medium,7
1176,Evelyn,Oliver,evelyn.oliver1176@email.com,Male,23,History,95.6,75,72,57.4,73.2,72,80,72.3,C-,13,yes,Bachelor's,medium,4
1177,Katie,Valdez,katie.valdez1177@email.com,Female,19,Economics,89.0,75,53,60.5,62.0,60,69,62.8,D,7,yes,Bachelor's,medium,8
1178,Alisha,Barnes,alisha.barnes1178@email.com,Female,19,Psychology,87.5,70,43,66.3,50.0,72,50,56.0,F,15,no,Master's,medium,8
1179,Rebekah,Ortiz,rebekah.ortiz1179@email.com,Female,23,Biology,97.6,61,78,73.4,62.5,78,77,71.6,C-,12,no,Associate,medium,7
1180,Michele,Brown,michele.brown1180@email.com,Female,21,Computer Science,79.2,91,97,83.9,93.4,81,81,91.4,A,14,yes,Bachelor's,low,4
1181,David,Gibson,david.gibson1181@email.com,Male,22,Chemistry,91.4,62,50,59.3,50.0,60,58,55.9,F,15,yes,Associate,low,7
1182,Anthony,West,anthony.west1182@email.com,Female,24,Psychology,91.2,86,82,95.7,75.9,77,87,84.6,B,17,yes,Bachelor's,low,3
1183,Gary,Douglas,gary.douglas1183@email.com,Female,22,History,78.8,74,75,90.3,91.3,68,69,76.2,C,14,yes,High School,low,4
1184,James,Carlson,james.carlson1184@email.com,Female,19,Physics,94.4,58,69,63.0,59.7,60,65,63.8,D,12,yes,Bachelor's,medium,5
1185,Dawn,Patel,dawn.patel1185@email.com,Female,19,Physics,75.8,58,66,74.0,78.2,60,62,64.4,D,14,yes,Bachelor's,low,5
1186,Michael,Harper,michael.harper1186@email.com,Female,23,Business,69.3,63,55,63.5,61.0,60,79,61.3,D,17,yes,High School,low,7
1187,Brad,Powell,brad.powell1187@email.com,Male,21,Economics,75.8,82,73,67.4,72.3,74,76,75.6,C,24,yes,Master's,medium,6
1188,Christopher,Thomas,christopher.thomas1188@email.com,Female,18,Biology,77.8,64,47,63.7,59.5,60,60,56.4,F,12,no,Bachelor's,medium,5
1189,Alyssa,Watson,alyssa.watson1189@email.com,Female,21,Business,82.0,82,82,73.9,87.5,65,77,80.1,B-,14,no,High School,low,4
1190,Andrew,Burnett,andrew.burnett1190@email.com,Male,22,Biology,95.7,40,56,58.6,50.6,60,50,50.8,F,14,yes,Associate,low,6
1191,Matthew,Waller,matthew.waller1191@email.com,Female,19,Biology,82.5,81,81,81.4,79.6,73,92,81.8,B-,15,yes,Associate,medium,5
1192,Sharon,Shepherd,sharon.shepherd1192@email.com,Female,20,Computer Science,87.3,40,41,50.0,50.0,60,50,43.9,F,8,yes,Doctorate,low,10
1193,Annette,Williams,annette.williams1193@email.com,Male,19,Mathematics,88.6,74,75,79.2,60.3,80,83,75.5,C,15,yes,Associate,high,7
1194,Ryan,Dickson,ryan.dickson1194@email.com,Male,24,Political Science,80.1,40,40,50.0,50.0,60,50,43.5,F,8,yes,High School,medium,6
1195,Kimberly,Blair,kimberly.blair1195@email.com,Male,24,Mathematics,91.1,85,80,92.4,80.9,85,75,82.6,B-,9,yes,High School,low,4
1196,Dawn,Carr,dawn.carr1196@email.com,Female,20,Biology,80.0,40,41,50.0,51.5,60,50,44.0,F,8,yes,Associate,medium,6
1197,Albert,Wagner,albert.wagner1197@email.com,Female,18,Psychology,98.4,92,81,87.8,83.3,78,82,85.1,B,14,yes,High School,medium,7
1198,Amy,Holland,amy.holland1198@email.com,Male,19,Mathematics,80.1,86,87,94.1,85.0,85,66,85.2,B,10,yes,Bachelor's,low,5
1199,Brian,Marshall,brian.marshall1199@email.com,Male,20,Economics,75.1,58,57,70.4,50.0,60,55,58.3,F,12,yes,High School,medium,7
1200,Austin,Moore,austin.moore1200@email.com,Female,19,Business,92.9,75,98,72.6,76.7,66,82,84.3,B,10,yes,Associate,high,2
1201,Sarah,Smith,sarah.smith1201@email.com,Male,21,Business,70.8,90,81,83.9,91.3,76,88,85.1,B,13,yes,Associate,medium,4
1202,Kaitlyn,Keith,kaitlyn.keith1202@email.com,Male,18,Physics,87.6,52,63,64.9,50.0,60,51,58.0,F,8,yes,Bachelor's,medium,6
1203,Robert,King,robert.king1203@email.com,Male,19,Psychology,89.1,61,40,58.5,57.2,60,61,52.1,F,13,no,Doctorate,medium,6
1204,Kevin,Sexton,kevin.sexton1204@email.com,Female,23,Mathematics,88.4,94,86,79.1,81.9,67,88,86.8,B,12,yes,High School,medium,5
1205,Sean,Hayes,sean.hayes1205@email.com,Male,21,Biology,89.4,74,44,68.7,64.4,63,67,59.9,F,7,no,Associate,medium,7
1206,Kevin,Meyer,kevin.meyer1206@email.com,Female,21,Computer Science,88.1,99,77,92.3,97.7,85,87,87.6,B+,14,yes,Associate,high,2
1207,Mark,Simon,mark.simon1207@email.com,Male,22,Physics,98.1,44,73,71.1,71.6,70,62,62.9,D,12,yes,Associate,medium,6
1208,Emily,Wright,emily.wright1208@email.com,Male,18,Biology,79.0,62,53,57.9,57.5,60,50,56.5,F,13,no,Associate,medium,8
1209,Kenneth,Pierce,kenneth.pierce1209@email.com,Male,21,Computer Science,84.5,40,42,50.0,50.0,60,50,44.3,F,9,yes,Bachelor's,high,6
1210,Todd,Barnett,todd.barnett1210@email.com,Female,21,Political Science,99.2,54,45,50.0,57.0,60,57,50.8,F,11,yes,Associate,medium,5
1211,Tamara,Thompson,tamara.thompson1211@email.com,Male,24,Physics,88.5,67,74,72.3,65.4,60,53,68.5,D,12,yes,High School,low,7
1212,Emily,Garcia,emily.garcia1212@email.com,Female,24,English Literature,78.8,62,63,71.3,68.7,67,65,64.3,D,6,yes,High School,low,6
1213,Tanner,Hamilton,tanner.hamilton1213@email.com,Male,20,Political Science,92.6,40,40,50.0,50.0,60,50,43.5,F,9,yes,High School,medium,7
1214,Kerry,Hoover,kerry.hoover1214@email.com,Female,23,Physics,78.8,40,43,51.8,50.0,60,50,44.9,F,8,yes,Bachelor's,medium,6
1215,Elizabeth,Cook,elizabeth.cook1215@email.com,Female,23,Psychology,85.8,85,66,86.5,64.6,64,86,75.7,C,8,yes,High School,medium,9
1216,Shannon,Peck,shannon.peck1216@email.com,Female,21,Chemistry,83.6,44,46,58.3,50.0,60,50,47.9,F,7,yes,Associate,medium,6
1217,Troy,Sherman,troy.sherman1217@email.com,Male,23,Psychology,86.1,73,66,78.2,71.3,67,63,69.4,D,8,no,Bachelor's,medium,7
1218,Whitney,Moyer,whitney.moyer1218@email.com,Female,22,Physics,71.4,58,57,65.0,86.1,63,69,61.1,D,10,yes,Bachelor's,medium,5
1219,Donna,Stewart,donna.stewart1219@email.com,Female,24,Political Science,85.5,59,55,80.8,76.3,61,85,63.3,D,18,yes,Master's,medium,7
1220,Willie,Smith,willie.smith1220@email.com,Male,22,Engineering,76.3,40,40,50.0,50.0,60,50,43.5,F,9,yes,Associate,medium,5
1221,Brian,Watkins,brian.watkins1221@email.com,Female,20,Economics,93.4,56,51,55.6,50.0,60,56,53.9,F,15,yes,High School,medium,2
1222,Erin,Lloyd,erin.lloyd1222@email.com,Female,19,Political Science,91.1,40,40,50.0,50.0,60,50,43.5,F,6,yes,High School,low,5
1223,David,Miller,david.miller1223@email.com,Female,21,History,79.8,96,81,96.2,95.0,76,100,89.4,B+,13,yes,Bachelor's,low,4
1224,Kyle,Garcia,kyle.garcia1224@email.com,Female,20,Physics,87.9,78,75,81.9,57.0,67,62,74.0,C,8,yes,Associate,medium,4
1225,Jessica,White,jessica.white1225@email.com,Male,22,History,78.6,87,77,74.1,74.9,95,89,81.8,B-,8,no,Associate,low,7
1226,Ashley,Carter,ashley.carter1226@email.com,Female,23,Engineering,71.8,40,45,50.0,50.0,60,50,45.5,F,12,yes,Associate,low,9
1227,Julia,Schultz,julia.schultz1227@email.com,Male,18,Mathematics,91.3,44,61,54.0,52.3,60,63,55.0,F,7,yes,High School,low,8
1228,David,Cox,david.cox1228@email.com,Male,19,Psychology,79.1,74,85,79.6,87.8,60,80,79.6,C+,13,no,High School,low,4
1229,Peter,Ruiz,peter.ruiz1229@email.com,Female,23,English Literature,73.9,59,65,66.6,77.5,60,61,63.4,D,11,no,Bachelor's,medium,10
1230,David,Morgan,david.morgan1230@email.com,Female,23,Computer Science,84.7,40,40,50.0,50.0,60,50,43.5,F,8,yes,Bachelor's,medium,3
1231,Thomas,Morgan,thomas.morgan1231@email.com,Male,21,Computer Science,91.2,52,76,71.8,58.7,72,79,67.7,D,13,yes,Associate,high,6
1232,April,Mcclure,april.mcclure1232@email.com,Female,23,Engineering,91.0,86,62,67.9,89.3,69,76,72.9,C-,11,yes,Bachelor's,medium,7
1233,Vickie,Velez,vickie.velez1233@email.com,Female,22,Economics,82.9,77,86,86.0,88.5,62,60,79.7,C+,12,no,Master's,medium,5
1234,Kyle,Moore,kyle.moore1234@email.com,Female,21,Political Science,99.6,69,64,66.2,67.3,73,63,66.3,D,8,yes,Associate,low,6
1235,Thomas,Franco,thomas.franco1235@email.com,Male,23,Political Science,89.4,82,74,88.7,77.5,83,94,80.5,B-,8,yes,High School,low,1
1236,Tanya,Lopez,tanya.lopez1236@email.com,Male,23,Economics,67.6,76,86,85.3,74.3,66,95,82.3,B-,12,yes,Bachelor's,low,6
1237,Lindsay,Davila,lindsay.davila1237@email.com,Female,21,Physics,84.6,49,48,50.0,50.0,60,56,50.0,F,8,no,Associate,low,5
1238,Timothy,Sims,timothy.sims1238@email.com,Male,21,Economics,89.1,84,98,86.5,75.1,60,83,88.1,B+,10,yes,Associate,medium,1
1239,James,Wood,james.wood1239@email.com,Male,23,English Literature,86.9,87,90,85.4,62.7,87,78,86.0,B,11,yes,Bachelor's,medium,3
1240,Charles,Stewart,charles.stewart1240@email.com,Female,19,Engineering,100.0,85,81,90.3,85.8,78,72,82.4,B-,18,no,High School,low,6
1241,Kimberly,Charles,kimberly.charles1241@email.com,Female,19,Economics,82.6,40,40,50.0,50.0,60,50,43.5,F,12,yes,High School,medium,9
1242,Marcus,Caldwell,marcus.caldwell1242@email.com,Female,23,Chemistry,90.5,80,77,74.7,67.9,61,72,76.0,C,10,yes,Bachelor's,high,5
1243,Ashley,Simmons,ashley.simmons1243@email.com,Female,20,Chemistry,88.5,59,54,62.0,50.0,60,54,56.4,F,8,yes,Bachelor's,medium,6
1244,Tracey,Mclaughlin,tracey.mclaughlin1244@email.com,Female,18,History,85.0,84,74,80.6,90.3,80,81,79.5,C+,10,yes,Associate,low,4
1245,Bernard,Green,bernard.green1245@email.com,Female,23,Economics,70.6,92,79,79.3,72.6,85,92,84.2,B,5,yes,Associate,high,4
1246,Katherine,Morton,katherine.morton1246@email.com,Female,19,Psychology,84.0,57,67,70.8,63.6,63,65,63.9,D,8,yes,High School,high,8
1247,Karen,Goodwin,karen.goodwin1247@email.com,Male,23,Biology,89.5,64,62,72.9,66.6,60,63,63.9,D,10,yes,Bachelor's,medium,5
1248,Jessica,Johnson,jessica.johnson1248@email.com,Female,22,Computer Science,96.1,82,87,87.8,91.4,60,77,83.5,B,15,yes,Associate,medium,5
1249,Holly,Wood,holly.wood1249@email.com,Female,20,Computer Science,85.4,67,67,68.6,65.7,60,73,67.4,D,18,yes,Master's,medium,9
1250,John,Jenkins,john.jenkins1250@email.com,Female,18,Economics,98.2,85,64,59.9,61.9,60,63,69.5,D,13,yes,Bachelor's,medium,7
1251,Rachel,Wagner,rachel.wagner1251@email.com,Male,24,Engineering,89.1,44,40,50.0,50.0,60,50,44.7,F,14,yes,High School,low,7
1252,Andrew,Boyd,andrew.boyd1252@email.com,Male,19,Biology,83.1,46,70,78.6,64.9,60,61,62.0,D,7,yes,Bachelor's,medium,6
1253,Carl,Bullock,carl.bullock1253@email.com,Male,18,Biology,100.0,78,49,55.7,56.8,60,67,61.2,D,8,yes,High School,high,7
1254,Micheal,Miller,micheal.miller1254@email.com,Female,21,History,94.3,70,67,80.3,69.3,60,55,67.8,D,8,yes,Master's,high,5
1255,Amanda,Bolton,amanda.bolton1255@email.com,Female,20,Psychology,74.6,71,50,66.3,56.2,70,65,60.8,D,13,yes,Bachelor's,low,8
1256,Shirley,Hayes,shirley.hayes1256@email.com,Male,20,History,90.8,83,84,74.6,83.8,60,69,80.2,B-,6,yes,High School,medium,7
1257,Lori,Chen,lori.chen1257@email.com,Female,20,Engineering,75.4,60,62,66.7,68.6,74,82,64.9,D,8,yes,Master's,medium,5
1258,Kari,Lewis,kari.lewis1258@email.com,Female,18,Chemistry,73.1,68,55,70.6,58.1,64,84,64.1,D,13,yes,Bachelor's,high,6
1259,Stephanie,Dennis,stephanie.dennis1259@email.com,Male,23,Physics,94.9,72,82,70.6,75.9,61,85,76.9,C,7,yes,Master's,medium,5
1260,Christopher,Beasley,christopher.beasley1260@email.com,Male,18,English Literature,86.8,52,44,55.3,50.0,60,50,49.2,F,20,no,Associate,medium,10
1261,Brian,Williams,brian.williams1261@email.com,Female,23,Economics,81.0,54,66,70.7,60.1,60,50,60.7,D,6,yes,Associate,low,6
1262,Curtis,Ramirez,curtis.ramirez1262@email.com,Male,18,Chemistry,69.6,54,69,65.3,77.7,69,75,65.3,D,11,yes,Associate,medium,7
1263,Angela,Bray,angela.bray1263@email.com,Male,22,English Literature,88.9,87,65,70.1,50.5,64,80,72.9,C-,5,yes,Associate,medium,4
1264,Susan,Martin,susan.martin1264@email.com,Female,18,History,82.5,70,61,57.6,61.1,60,60,63.2,D,14,yes,High School,medium,7
1265,Francisco,Gardner,francisco.gardner1265@email.com,Female,22,Biology,95.8,59,67,63.4,61.3,60,59,62.9,D,12,yes,High School,medium,8
1266,Kristina,Bray,kristina.bray1266@email.com,Female,22,Engineering,88.6,69,85,66.8,74.8,84,70,76.4,C,11,yes,Bachelor's,medium,3
1267,Michael,Cooper,michael.cooper1267@email.com,Female,24,Biology,81.9,91,66,80.7,78.4,75,70,76.5,C,16,yes,Associate,low,8
1268,John,Floyd,john.floyd1268@email.com,Male,22,Mathematics,78.6,79,83,85.7,77.6,76,81,81.3,B-,13,yes,High School,medium,6
1269,Frank,Garcia,frank.garcia1269@email.com,Female,18,English Literature,96.4,65,72,56.5,71.3,67,55,66.4,D,8,no,Bachelor's,medium,4
1270,Mark,Cardenas,mark.cardenas1270@email.com,Male,20,Physics,99.3,45,56,55.8,50.0,60,50,52.0,F,8,yes,Bachelor's,low,5
1271,Matthew,Guerra,matthew.guerra1271@email.com,Female,18,English Literature,83.5,76,81,83.0,86.9,90,87,81.2,B-,16,yes,High School,high,6
1272,Lynn,Sanchez,lynn.sanchez1272@email.com,Female,19,Business,100.0,72,71,80.9,72.3,71,70,72.3,C-,13,yes,High School,medium,3
1273,Rose,Alexander,rose.alexander1273@email.com,Female,20,History,91.7,78,65,77.5,68.0,60,76,71.2,C-,8,yes,Bachelor's,medium,3
1274,Lynn,Tran,lynn.tran1274@email.com,Male,20,Chemistry,87.0,88,84,91.3,66.6,80,91,85.6,B,13,no,Doctorate,medium,2
1275,Thomas,Thomas,thomas.thomas1275@email.com,Female,23,History,96.5,49,42,58.3,50.7,60,50,47.9,F,11,no,High School,low,10
1276,Evan,Jones,evan.jones1276@email.com,Male,24,Physics,70.8,58,48,53.1,62.0,60,50,53.0,F,13,yes,High School,medium,8
1277,Louis,Harris,louis.harris1277@email.com,Male,18,Engineering,99.2,63,64,57.7,72.6,66,66,63.8,D,5,yes,Associate,medium,8
1278,Michael,Porter,michael.porter1278@email.com,Male,21,Biology,98.6,77,75,66.1,72.1,64,67,73.3,C,9,yes,Associate,low,4
1279,Jonathan,Rivas,jonathan.rivas1279@email.com,Male,21,Biology,80.5,55,47,50.0,53.4,60,50,51.0,F,11,no,High School,medium,7
1280,Melissa,Burns,melissa.burns1280@email.com,Male,23,Political Science,81.3,91,84,67.8,84.3,63,83,83.5,B,15,yes,Associate,medium,6
1281,Hunter,Morales,hunter.morales1281@email.com,Female,20,Economics,60.0,73,83,83.9,70.4,65,72,77.5,C+,12,no,Bachelor's,medium,6
1282,Rebecca,Morrison,rebecca.morrison1282@email.com,Male,22,Political Science,88.4,59,62,64.5,61.0,65,66,61.9,D,19,yes,High School,medium,9
1283,Kenneth,Wagner,kenneth.wagner1283@email.com,Male,22,Biology,91.0,91,83,85.2,69.8,79,90,85.5,B,15,yes,High School,low,3
1284,Meghan,Garcia,meghan.garcia1284@email.com,Female,21,Computer Science,100.0,77,86,91.4,81.7,75,83,82.9,B-,14,yes,Master's,medium,8
1285,Edward,Miller,edward.miller1285@email.com,Male,21,Business,73.8,53,73,78.4,66.9,65,55,65.1,D,17,yes,Bachelor's,medium,9
1286,Gregory,Burgess,gregory.burgess1286@email.com,Female,21,Engineering,79.7,52,53,68.7,53.4,60,58,55.2,F,20,yes,Master's,low,5
1287,Denise,Garrett,denise.garrett1287@email.com,Female,19,Physics,91.9,65,73,95.5,88.4,80,78,74.6,C,19,yes,Bachelor's,high,6
1288,Adam,Hernandez,adam.hernandez1288@email.com,Male,19,Chemistry,81.2,40,42,50.0,50.0,60,50,44.3,F,8,yes,Bachelor's,medium,8
1289,Barbara,Alvarado,barbara.alvarado1289@email.com,Male,21,Mathematics,81.6,80,56,58.2,54.2,67,50,63.3,D,10,no,Doctorate,low,5
1290,Gary,Foley,gary.foley1290@email.com,Male,22,Computer Science,83.3,46,42,50.0,57.2,60,61,47.6,F,5,yes,Associate,low,7
1291,Brittany,Adams,brittany.adams1291@email.com,Female,19,Psychology,82.8,79,75,86.0,63.8,67,91,78.1,C+,10,yes,High School,medium,4
1292,Christopher,Knight,christopher.knight1292@email.com,Female,24,English Literature,100.0,91,67,77.0,78.1,64,77,76.7,C,15,yes,Bachelor's,medium,6
1293,Marvin,Smith,marvin.smith1293@email.com,Male,19,Economics,81.3,45,40,53.6,53.6,60,50,45.5,F,15,yes,High School,low,8
1294,Tracy,Nelson,tracy.nelson1294@email.com,Female,20,Business,88.9,58,54,78.4,77.5,63,62,60.1,D,10,yes,Master's,high,6
1295,Lori,Mcguire,lori.mcguire1295@email.com,Male,24,Economics,83.0,74,75,98.6,76.8,60,90,77.9,C+,14,yes,Associate,high,7
1296,Michael,Wright,michael.wright1296@email.com,Female,22,Business,82.2,44,48,55.2,57.0,60,61,49.9,F,8,yes,High School,medium,8
1297,Julie,Williams,julie.williams1297@email.com,Female,21,Economics,82.4,81,63,65.6,66.2,60,61,68.6,D,5,yes,Master's,high,7
1298,Stephanie,Allison,stephanie.allison1298@email.com,Male,21,Business,90.2,48,40,62.4,58.4,60,52,47.8,F,9,yes,High School,low,7
1299,Patricia,Ramirez,patricia.ramirez1299@email.com,Female,20,History,93.4,47,55,66.9,60.1,72,68,56.2,F,19,yes,Bachelor's,medium,6
1300,Kaylee,Johnson,kaylee.johnson1300@email.com,Male,22,English Literature,93.6,55,55,82.0,61.1,61,80,60.9,D,18,yes,Associate,low,5
1301,Christopher,Tate,christopher.tate1301@email.com,Male,20,Mathematics,77.2,70,78,89.6,80.9,85,86,78.2,C+,15,no,Bachelor's,medium,4
1302,Michael,Simmons,michael.simmons1302@email.com,Male,23,Business,92.0,62,65,87.3,60.1,64,72,66.9,D,19,no,Doctorate,high,9
1303,Sydney,Hansen,sydney.hansen1303@email.com,Male,22,English Literature,82.6,72,78,87.0,88.0,79,89,78.9,C+,14,yes,Doctorate,high,2
1304,Evan,Spencer,evan.spencer1304@email.com,Female,21,Engineering,90.1,56,40,50.0,50.0,60,55,48.8,F,13,yes,Master's,medium,7
1305,Sharon,Wong,sharon.wong1305@email.com,Male,24,Mathematics,78.4,70,59,72.0,74.8,73,66,65.9,D,11,yes,Master's,medium,7
1306,John,Anderson,john.anderson1306@email.com,Male,21,Chemistry,85.8,58,88,84.9,92.3,67,68,75.9,C,8,yes,Bachelor's,high,4
1307,Cole,Cabrera,cole.cabrera1307@email.com,Female,18,Biology,96.9,83,85,92.9,83.2,88,86,85.5,B,11,yes,Master's,medium,4
1308,Jamie,Wright,jamie.wright1308@email.com,Female,23,Mathematics,75.8,80,90,77.4,61.6,61,51,79.1,C+,16,yes,High School,medium,8
1309,Jeffrey,Rogers,jeffrey.rogers1309@email.com,Male,18,Computer Science,89.0,72,74,77.1,78.5,63,63,72.4,C-,5,yes,Bachelor's,medium,6
1310,Jesus,Mayo,jesus.mayo1310@email.com,Female,19,History,85.2,45,43,56.3,58.3,60,50,47.3,F,7,yes,Associate,medium,6
1311,Joan,Lewis,joan.lewis1311@email.com,Male,22,Physics,93.0,62,46,63.2,50.0,60,60,54.8,F,10,yes,Associate,medium,5
1312,Taylor,Martinez,taylor.martinez1312@email.com,Female,24,Mathematics,79.5,79,69,89.2,82.4,60,80,75.4,C,16,yes,Bachelor's,medium,3
1313,Joel,Ray,joel.ray1313@email.com,Female,22,Mathematics,84.8,63,93,88.6,71.1,85,78,80.6,B-,11,yes,Bachelor's,high,2
1314,Amanda,Reed,amanda.reed1314@email.com,Male,21,Mathematics,92.4,64,70,97.2,82.9,73,73,72.1,C-,11,yes,High School,low,5
1315,Thomas,Bradford,thomas.bradford1315@email.com,Male,23,Biology,82.3,66,42,56.8,66.7,60,59,54.5,F,8,yes,Associate,high,9
1316,Lori,Smith,lori.smith1316@email.com,Male,19,Physics,89.2,40,40,50.0,50.0,60,50,43.5,F,13,yes,Master's,low,5
1317,Michael,Cantu,michael.cantu1317@email.com,Female,23,History,94.2,57,68,75.1,61.6,63,81,66.2,D,16,yes,Associate,medium,7
1318,Justin,Marks,justin.marks1318@email.com,Female,19,Physics,85.8,88,80,87.4,80.6,78,77,82.8,B-,7,yes,Bachelor's,medium,5
1319,Michael,Klein,michael.klein1319@email.com,Female,22,Political Science,100.0,84,84,80.7,80.1,74,83,83.0,B-,10,yes,Bachelor's,medium,4
1320,Sara,Phillips,sara.phillips1320@email.com,Male,24,Economics,93.6,72,88,82.7,90.4,65,79,80.8,B-,10,yes,Associate,low,4
1321,Marie,Mccullough,marie.mccullough1321@email.com,Male,18,Physics,79.8,56,49,55.3,57.5,72,66,55.1,F,11,yes,Associate,medium,8
1322,Joshua,Hogan,joshua.hogan1322@email.com,Male,19,Economics,83.2,80,83,92.5,80.8,83,79,82.6,B-,11,yes,Bachelor's,medium,6
1323,Michael,Lara,michael.lara1323@email.com,Male,24,Physics,100.0,73,66,85.2,80.0,70,90,73.4,C,11,yes,High School,low,4
1324,Robert,Ramirez,robert.ramirez1324@email.com,Female,19,Biology,78.7,51,50,64.1,50.1,60,71,54.4,F,12,no,Associate,medium,8
1325,Vincent,Delacruz,vincent.delacruz1325@email.com,Male,22,Political Science,77.4,68,52,76.8,71.5,65,77,63.5,D,5,yes,High School,medium,7
1326,Geoffrey,Wall,geoffrey.wall1326@email.com,Female,21,Engineering,97.6,67,63,68.0,63.1,60,69,65.2,D,11,yes,High School,medium,7
1327,Joshua,Scott,joshua.scott1327@email.com,Male,19,Business,71.1,89,94,90.6,80.8,80,78,89.2,B+,19,yes,Associate,medium,7
1328,Tiffany,Peterson,tiffany.peterson1328@email.com,Male,24,Psychology,96.7,64,71,74.5,70.2,64,68,68.6,D,13,yes,Bachelor's,medium,4
1329,Elizabeth,Moss,elizabeth.moss1329@email.com,Male,23,Psychology,100.0,40,46,50.0,55.3,60,50,46.2,F,9,yes,High School,low,8
1330,Faith,Howard,faith.howard1330@email.com,Male,18,Political Science,78.8,46,64,62.0,64.8,66,62,58.4,F,10,yes,High School,medium,4
1331,Travis,Brewer,travis.brewer1331@email.com,Female,23,English Literature,67.0,56,67,81.4,78.8,62,71,66.0,D,9,no,Bachelor's,medium,5
1332,Ariana,Hall,ariana.hall1332@email.com,Female,19,Political Science,78.4,40,40,50.0,50.0,60,50,43.5,F,14,yes,Bachelor's,medium,4
1333,Martha,Ward,martha.ward1333@email.com,Male,22,Business,80.2,69,57,60.4,54.6,60,55,60.8,D,15,yes,High School,medium,2
1334,Jeff,Walter,jeff.walter1334@email.com,Male,18,Chemistry,73.8,76,84,92.4,92.8,75,71,81.2,B-,17,no,Bachelor's,medium,4
1335,Amanda,Thomas,amanda.thomas1335@email.com,Male,18,Mathematics,91.0,45,63,50.0,50.0,60,54,54.7,F,14,yes,Associate,high,6
1336,Rachel,Davis,rachel.davis1336@email.com,Male,20,Business,82.0,85,70,87.7,92.4,81,83,79.3,C+,14,yes,Bachelor's,medium,4
1337,Tricia,Diaz,tricia.diaz1337@email.com,Female,24,Biology,93.2,61,60,64.1,69.6,60,52,60.4,D,11,yes,High School,medium,5
1338,Gregory,Young,gregory.young1338@email.com,Male,21,Physics,98.3,62,58,71.8,65.1,90,58,62.7,D,17,yes,Bachelor's,low,7
1339,Matthew,Vang,matthew.vang1339@email.com,Male,19,Psychology,81.7,60,47,63.7,50.0,60,50,53.7,F,16,yes,Associate,medium,10
1340,Samuel,Allen,samuel.allen1340@email.com,Male,24,History,78.9,45,56,55.4,70.2,60,55,53.5,F,12,yes,Associate,high,4
1341,David,Holden,david.holden1341@email.com,Female,19,Psychology,73.4,84,79,77.8,79.0,67,91,81.1,B-,17,no,High School,medium,5
1342,Daniel,Ryan,daniel.ryan1342@email.com,Male,22,Physics,96.3,78,79,73.6,58.8,60,71,75.5,C,14,yes,Associate,high,3
1343,James,Johnson,james.johnson1343@email.com,Male,23,Computer Science,82.9,77,86,72.9,80.4,60,77,79.5,C+,8,yes,High School,low,6
1344,Allison,Hughes,allison.hughes1344@email.com,Female,23,Computer Science,100.0,42,51,59.6,56.4,60,63,51.1,F,10,yes,High School,low,7
1345,Holly,Farrell,holly.farrell1345@email.com,Female,24,Chemistry,92.1,60,57,55.6,50.0,60,50,56.9,F,12,yes,High School,high,5
1346,Ashley,Davis,ashley.davis1346@email.com,Female,19,Mathematics,96.8,65,52,64.3,60.1,60,55,58.3,F,12,yes,High School,low,7
1347,Corey,King,corey.king1347@email.com,Male,22,Psychology,74.1,70,61,61.1,66.0,79,69,65.7,D,8,yes,Associate,medium,8
1348,Gordon,Hudson,gordon.hudson1348@email.com,Male,23,Engineering,84.3,70,49,72.9,50.9,72,63,60.4,D,11,yes,Associate,medium,3
1349,Kathryn,Pope,kathryn.pope1349@email.com,Female,24,Engineering,85.0,85,79,85.6,69.9,60,85,80.7,B-,9,yes,Master's,medium,3
1350,Seth,Johnson,seth.johnson1350@email.com,Male,19,Biology,94.5,47,47,50.4,50.0,60,50,48.4,F,6,yes,High School,medium,5
1351,Michael,Hoffman,michael.hoffman1351@email.com,Female,20,Chemistry,92.7,70,96,87.7,77.6,80,75,83.6,B,18,no,Bachelor's,medium,6
1352,David,Reese,david.reese1352@email.com,Male,24,History,78.0,46,53,56.1,60.4,64,62,53.1,F,12,yes,Associate,low,8
1353,Elizabeth,Pham,elizabeth.pham1353@email.com,Male,23,Psychology,73.5,54,56,69.6,50.0,60,56,56.7,F,10,yes,Bachelor's,medium,8
1354,Katherine,Castillo,katherine.castillo1354@email.com,Female,20,Business,88.1,43,43,58.0,65.8,60,59,48.1,F,5,no,Associate,medium,6
1355,Janet,Branch,janet.branch1355@email.com,Female,22,Mathematics,82.8,43,45,50.0,50.0,60,50,46.4,F,17,yes,Associate,medium,6
1356,Lisa,Watkins,lisa.watkins1356@email.com,Female,18,Psychology,79.9,40,40,50.0,50.0,60,50,43.5,F,8,yes,Doctorate,high,4
1357,Sue,Brewer,sue.brewer1357@email.com,Male,24,Political Science,94.6,85,73,87.4,77.0,74,79,79.0,C+,10,yes,High School,low,8
1358,Barbara,Payne,barbara.payne1358@email.com,Male,22,Computer Science,89.7,40,40,50.0,53.9,60,50,43.7,F,16,yes,Bachelor's,medium,5
1359,Melissa,Ferguson,melissa.ferguson1359@email.com,Male,24,History,87.4,70,73,78.9,69.8,64,80,72.9,C-,19,yes,Bachelor's,high,5
1360,Tonya,Dean,tonya.dean1360@email.com,Female,23,Chemistry,92.9,63,72,72.6,82.6,77,77,70.7,C-,12,yes,Bachelor's,medium,6
1361,Roger,Ward,roger.ward1361@email.com,Male,24,English Literature,86.2,47,65,54.6,53.4,60,50,56.2,F,12,yes,High School,low,7
1362,Dawn,Wallace,dawn.wallace1362@email.com,Male,23,Biology,76.0,44,48,50.0,50.0,60,50,47.9,F,15,yes,Bachelor's,medium,4
1363,Gary,Palmer,gary.palmer1363@email.com,Male,19,Engineering,89.2,52,44,52.0,50.0,60,50,48.9,F,10,yes,Associate,medium,8
1364,Justin,Molina,justin.molina1364@email.com,Male,18,Mathematics,86.9,82,76,100.0,84.1,85,86,82.1,B-,15,yes,Bachelor's,low,5
1365,Christine,Underwood,christine.underwood1365@email.com,Female,24,Psychology,72.6,44,58,56.0,50.0,60,50,52.5,F,12,yes,Bachelor's,medium,8
1366,Alyssa,Fitzgerald,alyssa.fitzgerald1366@email.com,Female,18,Mathematics,91.8,83,68,90.3,80.4,71,75,76.3,C,10,yes,Master's,medium,4
1367,Bruce,Richardson,bruce.richardson1367@email.com,Female,21,Psychology,82.7,40,40,50.0,50.0,60,50,43.5,F,5,no,Associate,medium,7
1368,Alyssa,Cruz,alyssa.cruz1368@email.com,Male,19,Economics,60.0,40,45,50.0,50.0,60,50,45.5,F,13,yes,Bachelor's,low,8
1369,Nicole,Sullivan,nicole.sullivan1369@email.com,Female,20,Economics,88.7,49,40,50.0,50.0,60,52,46.5,F,6,yes,Associate,medium,7
1370,John,Pennington,john.pennington1370@email.com,Female,22,Chemistry,78.3,55,64,78.4,82.1,75,87,66.6,D,12,no,High School,low,7
1371,Megan,Caldwell,megan.caldwell1371@email.com,Male,23,Chemistry,89.8,70,44,53.0,54.5,61,55,55.3,F,13,yes,Master's,high,4
1372,Andres,Howard,andres.howard1372@email.com,Male,22,History,88.5,85,77,81.6,77.6,60,81,79.5,C+,14,yes,High School,medium,6
1373,Kimberly,Wright,kimberly.wright1373@email.com,Male,20,Biology,79.8,69,79,64.9,71.4,65,60,71.7,C-,16,yes,Associate,medium,6
1374,Kenneth,Cochran,kenneth.cochran1374@email.com,Male,24,Biology,88.3,77,68,74.3,73.9,73,69,72.0,C-,16,no,Associate,medium,3
1375,Elizabeth,Wright,elizabeth.wright1375@email.com,Male,19,Chemistry,93.6,66,75,69.9,67.9,60,78,71.1,C-,10,yes,Doctorate,medium,4
1376,Jay,Russell,jay.russell1376@email.com,Male,22,Economics,99.7,73,74,87.4,86.1,61,68,74.5,C,7,yes,High School,medium,4
1377,David,Walters,david.walters1377@email.com,Male,18,Physics,96.5,69,83,90.2,66.4,64,88,78.4,C+,16,yes,Bachelor's,high,6
1378,Daniel,Sanders,daniel.sanders1378@email.com,Male,24,Psychology,92.3,89,78,77.2,79.7,66,78,80.7,B-,15,no,Associate,high,3
1379,Kathryn,Powell,kathryn.powell1379@email.com,Female,24,Psychology,83.0,95,86,84.8,96.3,75,81,88.1,B+,15,yes,Bachelor's,medium,4
1380,Scott,Savage,scott.savage1380@email.com,Female,24,Mathematics,87.6,84,66,73.1,86.2,66,77,74.3,C,15,yes,High School,medium,3
1381,Ryan,Hernandez,ryan.hernandez1381@email.com,Male,23,Physics,90.9,55,44,53.0,53.8,69,55,51.1,F,9,no,Associate,medium,9
1382,David,Best,david.best1382@email.com,Male,20,Computer Science,76.3,40,43,59.7,51.9,60,50,45.8,F,14,yes,High School,medium,7
1383,Zachary,Burgess,zachary.burgess1383@email.com,Male,18,Chemistry,80.0,64,58,56.9,64.6,60,72,61.5,D,18,yes,High School,medium,6
1384,Tyler,Williams,tyler.williams1384@email.com,Female,20,Computer Science,77.9,68,87,80.1,84.9,81,63,77.9,C+,17,yes,Associate,medium,5
1385,Matthew,Ruiz,matthew.ruiz1385@email.com,Male,24,Chemistry,100.0,85,62,76.2,69.9,62,77,72.3,C-,7,yes,High School,low,6
1386,Victoria,Dennis,victoria.dennis1386@email.com,Female,22,Psychology,94.0,82,90,82.8,94.7,69,63,83.4,B,10,yes,Associate,medium,3
1387,Sandra,Le,sandra.le1387@email.com,Male,22,Biology,88.7,79,80,93.1,94.1,89,71,81.3,B-,19,yes,Doctorate,low,5
1388,Taylor,Atkins,taylor.atkins1388@email.com,Male,23,Physics,78.5,52,40,50.0,50.0,60,53,47.4,F,7,yes,Bachelor's,medium,8
1389,Chelsea,Daniel,chelsea.daniel1389@email.com,Female,23,Mathematics,87.2,77,75,84.3,93.5,69,85,78.3,C+,5,yes,Master's,high,3
1390,Jennifer,Rogers,jennifer.rogers1390@email.com,Male,24,Mathematics,81.1,43,40,52.7,50.0,60,50,44.7,F,9,yes,Associate,low,7
1391,Jeremy,Cook,jeremy.cook1391@email.com,Female,22,Economics,81.5,63,56,65.3,50.0,62,50,58.5,F,8,yes,High School,medium,6
1392,Cheryl,Lee,cheryl.lee1392@email.com,Female,21,English Literature,69.0,85,72,76.6,63.0,78,72,76.3,C,11,yes,High School,low,1
1393,Alicia,Thomas,alicia.thomas1393@email.com,Male,18,Business,67.1,49,79,75.3,76.8,70,75,68.7,D,6,yes,Bachelor's,medium,7
1394,John,Young,john.young1394@email.com,Female,23,History,85.5,43,64,52.0,56.2,60,50,54.5,F,13,yes,Associate,medium,5
1395,John,Boyd,john.boyd1395@email.com,Male,23,Political Science,84.5,40,46,54.9,50.0,60,64,47.9,F,5,yes,Master's,medium,8
1396,Jesse,Sanders,jesse.sanders1396@email.com,Male,20,Psychology,77.3,95,74,84.6,82.7,84,81,83.0,B,12,yes,High School,medium,3
1397,Heather,Hayes,heather.hayes1397@email.com,Female,19,Engineering,89.3,68,58,71.7,82.0,60,69,64.8,D,16,yes,Bachelor's,medium,5
1398,Erika,Hernandez,erika.hernandez1398@email.com,Female,23,Psychology,85.3,75,63,52.9,51.7,60,66,65.2,D,10,yes,High School,low,6
1399,Ronald,Robbins,ronald.robbins1399@email.com,Female,23,Chemistry,93.5,72,81,82.2,76.8,60,74,76.5,C,7,yes,Bachelor's,medium,3
1400,Jeremiah,Perry,jeremiah.perry1400@email.com,Female,24,Chemistry,90.1,47,63,77.5,72.1,60,74,61.1,D,16,yes,High School,medium,6
1401,Cheryl,Murray,cheryl.murray1401@email.com,Female,22,Engineering,79.2,55,70,62.4,65.1,60,70,64.0,D,6,yes,Associate,medium,8
1402,Kelly,Miller,kelly.miller1402@email.com,Male,22,Biology,63.0,76,61,65.6,70.9,61,60,66.4,D,6,yes,Bachelor's,medium,7
1403,Brittany,Hatfield,brittany.hatfield1403@email.com,Male,24,Economics,73.3,75,78,90.2,73.5,72,67,76.7,C,13,yes,Bachelor's,low,6
1404,Gregory,Valdez,gregory.valdez1404@email.com,Male,22,Chemistry,70.0,50,56,57.0,50.0,60,50,53.6,F,14,yes,High School,medium,6
1405,Melanie,Parker,melanie.parker1405@email.com,Female,23,Economics,85.7,63,40,50.0,50.0,60,64,51.8,F,8,no,Bachelor's,medium,7
1406,Daniel,Miller,daniel.miller1406@email.com,Male,24,History,76.8,72,75,90.8,87.7,81,71,76.3,C,15,no,High School,low,4
1407,Rachel,Nelson,rachel.nelson1407@email.com,Female,21,Business,83.0,71,86,80.3,79.3,65,74,78.4,C+,10,yes,High School,low,5
1408,Jennifer,Russo,jennifer.russo1408@email.com,Female,20,Business,94.9,84,85,78.7,82.5,72,87,83.6,B,11,yes,Associate,medium,2
1409,Lauren,Mathis,lauren.mathis1409@email.com,Male,20,Mathematics,80.7,55,58,54.3,50.0,60,66,57.3,F,15,yes,High School,medium,7
1410,Dillon,Cummings,dillon.cummings1410@email.com,Female,19,Engineering,82.0,77,92,88.5,80.6,67,79,84.1,B,14,yes,Associate,medium,4
1411,Sarah,Wong,sarah.wong1411@email.com,Male,23,Psychology,90.3,59,73,81.7,79.5,71,75,70.1,C-,10,yes,Doctorate,low,3
1412,Mark,Roberson,mark.roberson1412@email.com,Male,20,History,72.1,71,67,73.5,60.9,60,56,67.2,D,7,yes,Bachelor's,low,5
1413,Brandy,Thomas,brandy.thomas1413@email.com,Female,20,Chemistry,74.9,68,64,85.1,71.5,76,87,70.6,C-,11,yes,Bachelor's,medium,6
1414,Eric,Sanders,eric.sanders1414@email.com,Male,23,Physics,85.1,57,62,76.1,70.5,60,75,63.6,D,9,yes,Doctorate,high,5
1415,Heidi,Romero,heidi.romero1415@email.com,Male,21,Mathematics,100.0,51,57,63.2,71.3,60,63,57.3,F,5,yes,Associate,medium,8
1416,Joseph,Schroeder,joseph.schroeder1416@email.com,Female,22,Business,100.0,67,82,83.4,75.0,68,71,75.5,C,14,yes,Associate,medium,4
1417,Paul,Ritter,paul.ritter1417@email.com,Male,18,English Literature,100.0,74,81,79.5,75.4,100,89,80.3,B-,12,yes,Associate,high,6
1418,Carmen,Cox,carmen.cox1418@email.com,Female,21,Business,86.2,56,52,72.5,66.4,60,55,56.8,F,10,yes,Master's,medium,7
1419,Anna,Nelson,anna.nelson1419@email.com,Male,23,History,84.3,84,76,88.6,58.1,76,64,77.7,C+,14,yes,Doctorate,low,4
1420,Sharon,Little,sharon.little1420@email.com,Female,21,Mathematics,83.2,60,99,89.5,77.3,80,79,82.4,B-,15,yes,High School,high,1
1421,Michele,Williams,michele.williams1421@email.com,Male,23,Computer Science,79.4,64,49,59.6,69.0,60,63,57.5,F,9,yes,Master's,medium,9
1422,Jose,Ingram,jose.ingram1422@email.com,Female,24,Engineering,92.0,69,70,75.7,79.3,76,78,71.9,C-,6,yes,Doctorate,high,2
1423,Nathaniel,Wright,nathaniel.wright1423@email.com,Male,22,Business,67.8,75,58,57.8,66.6,60,61,64.0,D,10,yes,Associate,medium,7
1424,Paul,Caldwell,paul.caldwell1424@email.com,Female,18,Political Science,86.0,81,70,78.6,61.7,68,83,75.0,C,7,yes,Associate,medium,4
1425,Noah,Roberts,noah.roberts1425@email.com,Male,19,English Literature,78.9,47,44,55.2,52.9,60,50,47.9,F,11,yes,High School,low,7
1426,Debbie,Duran,debbie.duran1426@email.com,Female,21,Chemistry,67.3,76,74,81.5,95.3,89,78,77.6,C+,9,yes,Associate,high,6
1427,Karen,Kramer,karen.kramer1427@email.com,Male,18,Mathematics,77.3,75,74,92.1,72.4,66,85,76.8,C,12,yes,Associate,low,7
1428,Andrew,Walker,andrew.walker1428@email.com,Male,22,Political Science,79.1,76,89,82.6,75.2,60,74,80.9,B-,14,yes,Master's,high,5
1429,Christopher,Gutierrez,christopher.gutierrez1429@email.com,Male,22,Engineering,68.9,97,82,90.3,82.5,85,84,87.8,B+,17,no,Bachelor's,low,1
1430,Jose,Gibson,jose.gibson1430@email.com,Female,24,Political Science,81.4,70,54,56.8,63.9,60,50,59.5,F,16,yes,Associate,medium,7
1431,William,Rollins,william.rollins1431@email.com,Male,21,Psychology,89.7,77,85,89.5,87.8,76,72,81.5,B-,10,yes,Bachelor's,medium,4
1432,Sarah,Berry,sarah.berry1432@email.com,Female,24,Business,93.0,64,75,72.1,53.1,60,74,69.5,D,10,yes,High School,medium,7
1433,Allison,Clark,allison.clark1433@email.com,Male,22,History,85.6,46,58,62.5,50.0,60,50,53.7,F,5,yes,Bachelor's,medium,9
1434,Samantha,Porter,samantha.porter1434@email.com,Female,19,Business,88.9,54,61,71.2,50.0,60,68,60.1,D,10,yes,Bachelor's,high,8
1435,Brianna,Mcdaniel,brianna.mcdaniel1435@email.com,Male,20,Computer Science,97.0,48,49,50.0,50.0,60,50,49.5,F,10,no,Bachelor's,medium,6
1436,Kristina,Peterson,kristina.peterson1436@email.com,Male,23,History,71.8,59,84,78.0,62.3,65,78,73.3,C,8,yes,Bachelor's,medium,4
1437,Eric,Carlson,eric.carlson1437@email.com,Male,23,Political Science,81.4,69,76,71.5,95.3,82,80,75.2,C,8,yes,Doctorate,medium,3
1438,Denise,Carter,denise.carter1438@email.com,Female,21,Psychology,74.6,65,81,85.2,87.0,77,79,76.6,C,7,no,Bachelor's,medium,4
1439,Jacqueline,Davis,jacqueline.davis1439@email.com,Male,23,Physics,83.3,77,92,90.6,84.6,74,75,84.4,B,8,yes,Bachelor's,medium,7
1440,Jane,Ryan,jane.ryan1440@email.com,Male,22,English Literature,76.7,56,40,52.8,50.0,60,50,48.6,F,10,yes,Bachelor's,medium,7
1441,Jonathan,Scott,jonathan.scott1441@email.com,Female,23,History,92.1,76,89,100.0,81.3,83,75,84.2,B,10,no,High School,low,5
1442,Jessica,Pena,jessica.pena1442@email.com,Male,21,Psychology,97.0,61,61,82.7,88.3,60,62,64.7,D,6,yes,Master's,medium,7
1443,Danielle,Bailey,danielle.bailey1443@email.com,Female,19,Business,91.7,57,55,50.2,55.8,60,64,56.4,F,7,yes,Doctorate,medium,9
1444,John,Jordan,john.jordan1444@email.com,Female,18,Biology,80.4,75,64,58.0,76.9,71,67,68.1,D,5,yes,Associate,low,6
1445,Joshua,Miller,joshua.miller1445@email.com,Female,21,Political Science,82.3,78,94,95.5,76.1,64,80,85.6,B,8,yes,Associate,medium,6
1446,Robert,Nelson,robert.nelson1446@email.com,Female,21,History,87.8,87,83,79.5,88.1,74,82,83.7,B,13,no,High School,low,5
1447,Megan,Levy,megan.levy1447@email.com,Female,19,Political Science,79.9,90,72,77.4,71.1,66,87,79.1,C+,5,yes,Associate,medium,7
1448,Thomas,Guzman,thomas.guzman1448@email.com,Male,19,Mathematics,76.3,73,80,75.8,74.4,60,71,75.4,C,13,yes,Master's,medium,6
1449,Jason,Morales,jason.morales1449@email.com,Female,23,Biology,69.9,41,60,50.0,50.0,60,50,51.8,F,13,yes,High School,low,7
1450,Nicholas,Beasley,nicholas.beasley1450@email.com,Female,18,Computer Science,100.0,75,67,73.2,79.2,61,66,70.3,C-,8,no,Bachelor's,medium,7
1451,Mikayla,Foley,mikayla.foley1451@email.com,Male,19,English Literature,82.2,40,40,50.0,50.0,60,50,43.5,F,14,yes,Master's,medium,10
1452,Tiffany,Gibson,tiffany.gibson1452@email.com,Female,22,Political Science,90.1,95,81,83.2,69.5,60,72,83.0,B-,17,yes,High School,low,2
1453,Melissa,Tran,melissa.tran1453@email.com,Male,19,Chemistry,83.8,74,84,82.0,96.4,72,79,80.4,B-,18,yes,Doctorate,high,7
1454,Marc,Wagner,marc.wagner1454@email.com,Male,23,Psychology,93.5,72,84,92.8,80.8,60,82,79.8,C+,10,yes,Associate,medium,6
1455,Michael,Arias,michael.arias1455@email.com,Female,18,Physics,92.4,59,67,73.9,72.6,62,72,65.9,D,5,yes,Bachelor's,medium,7
1456,Gregory,Smith,gregory.smith1456@email.com,Male,22,Physics,89.7,59,59,59.1,63.4,60,53,58.8,F,15,yes,Master's,medium,6
1457,Ronnie,Franklin,ronnie.franklin1457@email.com,Male,22,English Literature,76.5,65,63,66.2,65.6,78,75,66.1,D,11,yes,Bachelor's,low,6
1458,Jennifer,Martin,jennifer.martin1458@email.com,Male,19,Mathematics,91.0,61,67,73.7,75.2,85,66,67.2,D,15,yes,Associate,medium,5
1459,Timothy,Fuller,timothy.fuller1459@email.com,Female,22,Political Science,88.6,83,72,88.8,90.8,93,79,79.8,C+,12,yes,Doctorate,high,4
1460,Andrew,Rodriguez,andrew.rodriguez1460@email.com,Male,22,Business,60.3,40,43,57.9,50.0,60,50,45.5,F,9,yes,Associate,medium,7
1461,Kyle,Graham,kyle.graham1461@email.com,Female,23,Mathematics,86.3,54,68,58.8,60.9,60,57,61.1,D,15,yes,Associate,medium,5
1462,Katherine,Schultz,katherine.schultz1462@email.com,Female,24,Psychology,85.7,48,51,50.0,50.0,60,50,50.3,F,15,yes,Associate,medium,5
1463,Raven,James,raven.james1463@email.com,Male,19,Engineering,70.7,55,70,86.7,83.2,91,82,70.1,C-,15,no,Master's,high,4
1464,Michael,Wolfe,michael.wolfe1464@email.com,Female,21,History,61.6,40,57,61.9,64.8,60,57,53.0,F,13,yes,Doctorate,high,7
1465,Alyssa,Horne,alyssa.horne1465@email.com,Female,19,Biology,73.2,50,40,50.0,50.0,60,50,46.5,F,13,no,High School,low,8
1466,William,Black,william.black1466@email.com,Female,24,Psychology,83.6,70,72,66.2,58.1,74,69,70.0,C-,10,yes,Bachelor's,medium,6
1467,Jeremy,Johnson,jeremy.johnson1467@email.com,Male,22,Economics,89.0,80,84,83.2,68.4,85,88,82.5,B-,8,yes,Bachelor's,medium,6
1468,Leah,Burton,leah.burton1468@email.com,Male,18,Chemistry,91.1,42,40,50.0,50.0,60,50,44.1,F,13,yes,Bachelor's,medium,5
1469,Jacob,Rice,jacob.rice1469@email.com,Male,18,Computer Science,98.3,50,52,71.2,51.9,60,75,56.1,F,11,yes,Bachelor's,medium,7
1470,Amy,Owens,amy.owens1470@email.com,Female,19,Chemistry,94.3,65,59,65.5,76.5,70,59,62.9,D,9,yes,High School,low,5
1471,Vincent,Summers,vincent.summers1471@email.com,Male,19,Computer Science,91.3,43,47,50.0,50.0,60,50,47.2,F,9,yes,High School,low,9
1472,Michael,Hebert,michael.hebert1472@email.com,Male,19,History,77.6,79,69,81.7,83.2,70,81,75.3,C,16,yes,Bachelor's,medium,3
1473,Heather,Glenn,heather.glenn1473@email.com,Male,22,Engineering,86.1,63,67,65.6,66.1,60,55,64.2,D,9,yes,Associate,high,5
1474,Mark,Boone,mark.boone1474@email.com,Male,23,Engineering,83.9,45,47,52.7,58.0,60,51,48.6,F,13,yes,Associate,medium,8
1475,Kayla,Patterson,kayla.patterson1475@email.com,Female,22,English Literature,89.0,92,73,84.3,100.0,75,90,83.1,B,19,yes,Master's,high,7
1476,Hector,Booth,hector.booth1476@email.com,Female,19,Business,82.6,75,74,69.3,89.1,63,81,74.8,C,8,yes,Bachelor's,medium,8
1477,Susan,Tran,susan.tran1477@email.com,Female,23,Biology,88.1,75,50,76.4,73.1,91,69,65.3,D,10,yes,High School,low,7
1478,Bobby,Figueroa,bobby.figueroa1478@email.com,Male,19,Business,100.0,74,77,71.9,77.0,66,81,75.6,C,13,yes,Doctorate,medium,3
1479,David,Gordon,david.gordon1479@email.com,Female,24,Biology,82.6,89,67,88.3,70.9,63,79,77.0,C+,7,yes,High School,low,7
1480,Lawrence,Allen,lawrence.allen1480@email.com,Male,19,History,83.5,64,40,50.0,54.1,67,57,52.0,F,7,yes,Bachelor's,medium,4
1481,John,Mason,john.mason1481@email.com,Male,24,Mathematics,100.0,46,68,66.7,66.5,60,50,59.0,F,7,yes,Associate,medium,7
1482,Maureen,Higgins,maureen.higgins1482@email.com,Male,22,Psychology,67.7,69,87,82.2,74.2,69,67,77.7,C+,17,yes,High School,medium,5
1483,Paul,Williams,paul.williams1483@email.com,Male,24,Engineering,88.3,40,52,50.0,57.4,60,50,48.7,F,15,yes,Associate,medium,9
1484,Brian,Key,brian.key1484@email.com,Female,22,Computer Science,66.4,40,44,50.0,50.0,60,50,45.1,F,9,yes,Associate,high,5
1485,Matthew,Dunlap,matthew.dunlap1485@email.com,Male,22,Computer Science,76.2,92,84,75.0,67.8,81,76,83.8,B,13,no,Associate,medium,5
1486,Laura,Lopez,laura.lopez1486@email.com,Female,21,Business,80.8,64,57,52.7,76.9,60,55,59.7,F,20,yes,Bachelor's,medium,8
1487,Michael,Chapman,michael.chapman1487@email.com,Female,19,Psychology,86.1,63,68,88.9,87.9,85,75,71.2,C-,13,yes,Master's,medium,3
1488,Deborah,Jefferson,deborah.jefferson1488@email.com,Male,23,Economics,100.0,52,72,75.2,64.6,73,62,65.1,D,6,yes,High School,low,7
1489,Scott,Sanchez,scott.sanchez1489@email.com,Female,22,Engineering,73.0,80,90,82.7,77.7,71,53,81.1,B-,7,yes,Master's,medium,5
1490,Paul,Walker,paul.walker1490@email.com,Female,24,Chemistry,87.0,92,82,74.9,95.0,81,75,84.2,B,13,yes,Associate,medium,5
1491,Jasmin,Walker,jasmin.walker1491@email.com,Male,22,Chemistry,73.4,76,75,89.5,77.4,66,87,77.6,C+,11,yes,Doctorate,medium,4
1492,Ricardo,Riley,ricardo.riley1492@email.com,Male,19,Psychology,100.0,49,46,50.0,54.7,60,52,49.1,F,9,yes,Associate,medium,7
1493,Kayla,Goodman,kayla.goodman1493@email.com,Male,18,Mathematics,99.6,66,78,79.0,73.8,69,69,73.0,C,14,yes,Doctorate,medium,1
1494,Robert,Simpson,robert.simpson1494@email.com,Male,20,Biology,94.6,63,87,89.7,73.7,78,90,79.3,C+,16,yes,Master's,medium,3
1495,Sherri,Bailey,sherri.bailey1495@email.com,Female,21,Psychology,87.8,63,64,71.4,73.8,69,92,68.1,D,7,yes,Associate,low,3
1496,Craig,Haynes,craig.haynes1496@email.com,Male,21,Mathematics,81.6,50,69,74.0,76.6,63,58,62.8,D,16,no,High School,low,7
1497,Victoria,Graham,victoria.graham1497@email.com,Male,20,Psychology,78.1,66,62,71.5,74.1,71,52,64.3,D,14,yes,Bachelor's,medium,7
1498,Mary,Davis,mary.davis1498@email.com,Female,20,Psychology,89.6,46,56,61.9,50.0,60,66,54.6,F,12,yes,Master's,medium,8
1499,Jose,Long,jose.long1499@email.com,Female,20,Computer Science,91.8,74,53,57.5,58.8,60,68,61.9,D,14,yes,High School,low,10
1500,Teresa,Kelly,teresa.kelly1500@email.com,Male,20,Business,65.4,40,65,68.4,60.8,60,59,56.8,F,5,no,Bachelor's,low,7
1501,Rachel,Willis,rachel.willis1501@email.com,Female,23,English Literature,86.2,80,88,90.1,75.1,82,85,84.7,B,10,yes,Bachelor's,high,4
1502,Susan,Smith,susan.smith1502@email.com,Male,23,Engineering,84.0,94,82,80.0,64.1,65,81,83.7,B,13,yes,High School,low,3
1503,David,Norris,david.norris1503@email.com,Male,18,Psychology,86.7,40,53,50.0,50.0,60,56,49.3,F,7,yes,Master's,high,6
1504,Diana,Valdez,diana.valdez1504@email.com,Male,23,Political Science,87.5,73,65,69.9,75.1,60,65,68.2,D,6,yes,High School,medium,6
1505,Susan,Snyder,susan.snyder1505@email.com,Male,20,Biology,83.7,40,40,50.0,50.0,60,50,43.5,F,12,yes,High School,high,8
1506,Pamela,Ross,pamela.ross1506@email.com,Male,23,History,77.0,82,84,80.7,81.8,67,61,79.9,C+,14,yes,Bachelor's,low,6
1507,William,Scott,william.scott1507@email.com,Male,19,Psychology,81.8,57,73,70.4,66.5,60,60,65.8,D,11,yes,Bachelor's,medium,4
1508,Lindsey,Roberts,lindsey.roberts1508@email.com,Male,22,Physics,87.6,40,40,50.0,50.0,60,50,43.5,F,10,yes,Master's,medium,5
1509,Michelle,Barnes,michelle.barnes1509@email.com,Female,21,Chemistry,99.2,58,57,69.3,59.3,60,65,59.6,F,8,no,Associate,low,6
1510,Christina,Garcia,christina.garcia1510@email.com,Male,23,Chemistry,82.4,40,52,50.0,50.0,60,50,48.3,F,5,yes,Master's,high,6
1511,Theresa,Parker,theresa.parker1511@email.com,Male,23,History,72.2,40,44,50.0,50.0,60,50,45.1,F,9,yes,High School,low,5
1512,John,Blake,john.blake1512@email.com,Female,20,Mathematics,96.9,90,90,90.5,68.1,80,93,88.8,B+,17,yes,High School,medium,3
1513,Justin,Vance,justin.vance1513@email.com,Female,22,Economics,87.2,72,62,78.6,87.7,74,76,70.0,C-,13,yes,High School,low,2
1514,Melissa,Smith,melissa.smith1514@email.com,Male,23,Mathematics,91.8,91,83,84.4,74.6,72,76,83.9,B,16,yes,Bachelor's,low,6
1515,Tyler,Hartman,tyler.hartman1515@email.com,Female,18,Mathematics,96.9,63,52,58.5,58.5,60,60,57.6,F,9,no,Associate,low,6
1516,Sarah,Wolfe,sarah.wolfe1516@email.com,Male,23,Computer Science,77.6,73,58,62.1,62.1,68,60,63.9,D,12,yes,High School,low,6
1517,Lisa,Powell,lisa.powell1517@email.com,Female,21,Business,70.9,76,75,79.3,74.6,60,67,74.2,C,13,yes,Bachelor's,medium,6
1518,Timothy,Johnson,timothy.johnson1518@email.com,Female,22,Political Science,92.2,69,78,67.1,80.4,60,63,72.0,C-,8,yes,High School,low,3
1519,Jeffrey,Lewis,jeffrey.lewis1519@email.com,Female,23,Economics,86.6,70,48,65.1,61.8,66,70,60.1,D,10,yes,Associate,medium,7
1520,Cheryl,Wilson,cheryl.wilson1520@email.com,Male,19,History,96.6,69,60,72.5,68.4,73,81,67.2,D,11,yes,Bachelor's,medium,8
1521,Robert,Howard,robert.howard1521@email.com,Female,23,History,91.5,83,66,82.2,84.0,60,74,74.2,C,13,yes,Master's,high,5
1522,Julie,Ramirez,julie.ramirez1522@email.com,Female,24,Chemistry,77.8,69,65,87.4,85.1,76,61,69.7,D,12,yes,Bachelor's,medium,9
1523,Kathleen,Franklin,kathleen.franklin1523@email.com,Male,20,Engineering,83.7,67,63,68.9,62.3,60,62,64.6,D,10,no,Doctorate,high,7
1524,Sean,Barajas,sean.barajas1524@email.com,Female,19,Economics,100.0,77,72,89.8,89.2,69,83,77.1,C+,16,yes,Associate,medium,4
1525,Maxwell,Powers,maxwell.powers1525@email.com,Male,18,Biology,91.6,40,72,70.4,50.0,63,73,60.9,D,7,no,High School,low,6
1526,William,Ball,william.ball1526@email.com,Male,23,English Literature,100.0,53,75,68.5,74.4,61,67,66.3,D,10,yes,Doctorate,high,8
1527,Mary,Glover,mary.glover1527@email.com,Female,24,Mathematics,89.9,72,75,64.6,68.3,63,62,70.9,C-,12,yes,Master's,low,2
1528,Samantha,Nguyen,samantha.nguyen1528@email.com,Male,21,English Literature,84.1,45,67,60.8,60.3,76,71,60.4,D,10,yes,Associate,medium,9
1529,Warren,Newman,warren.newman1529@email.com,Female,18,Chemistry,87.5,71,75,75.7,56.7,89,82,74.4,C,14,yes,Master's,medium,3
1530,Christopher,Winters,christopher.winters1530@email.com,Female,18,Computer Science,84.3,79,78,93.0,81.1,74,72,79.3,C+,10,yes,High School,low,6
1531,Nicole,Mejia,nicole.mejia1531@email.com,Male,18,Mathematics,88.8,55,71,70.7,72.2,60,77,66.4,D,18,yes,Associate,medium,5
1532,Joanna,Marshall,joanna.marshall1532@email.com,Male,23,Engineering,91.1,63,85,76.9,80.4,74,87,77.1,C+,8,yes,Master's,high,5
1533,Gabriella,Evans,gabriella.evans1533@email.com,Female,18,Business,82.7,95,86,99.7,73.5,90,71,88.2,B+,14,yes,Associate,low,5
1534,Misty,Ryan,misty.ryan1534@email.com,Female,18,Physics,83.9,93,74,80.0,84.9,82,91,83.0,B,6,yes,Associate,medium,2
1535,Scott,Patterson,scott.patterson1535@email.com,Male,19,Physics,80.6,41,53,53.5,50.0,60,50,49.4,F,8,no,Master's,medium,8
1536,Kenneth,Baker,kenneth.baker1536@email.com,Female,24,Physics,83.3,72,85,73.2,75.5,77,83,79.0,C+,5,yes,Associate,low,8
1537,Joel,Walker,joel.walker1537@email.com,Male,23,Business,79.1,87,78,86.9,73.1,67,80,81.1,B-,14,no,Master's,low,6
1538,Charlene,Thompson,charlene.thompson1538@email.com,Female,20,Mathematics,93.9,75,75,71.7,64.2,68,82,74.6,C,5,yes,High School,medium,7
1539,Patricia,Frost,patricia.frost1539@email.com,Male,22,English Literature,66.3,40,49,50.0,50.0,60,52,47.4,F,8,yes,Associate,medium,5
1540,William,Irwin,william.irwin1540@email.com,Female,18,Mathematics,73.2,81,72,88.0,96.2,68,87,78.9,C+,12,yes,Associate,low,5
1541,Tyler,Buck,tyler.buck1541@email.com,Female,20,Mathematics,79.7,50,40,50.0,50.0,60,50,46.5,F,12,yes,Associate,low,4
1542,Linda,Austin,linda.austin1542@email.com,Female,19,Mathematics,78.1,79,66,86.2,62.0,62,78,72.8,C-,9,no,Associate,medium,4
1543,Jennifer,Roberts,jennifer.roberts1543@email.com,Female,18,History,100.0,72,69,80.3,68.5,82,60,70.8,C-,10,yes,Bachelor's,low,4
1544,Virginia,Montgomery,virginia.montgomery1544@email.com,Male,24,History,82.7,80,71,80.6,100.0,74,66,75.8,C,14,yes,Doctorate,high,3
1545,Angelica,Jones,angelica.jones1545@email.com,Male,18,Business,74.4,89,86,98.9,83.3,86,82,87.7,B+,17,yes,Bachelor's,high,6
1546,Bryan,Contreras,bryan.contreras1546@email.com,Male,19,History,89.4,56,70,73.1,80.2,60,80,67.2,D,7,no,Associate,medium,9
1547,Rebekah,Wiggins,rebekah.wiggins1547@email.com,Male,18,Political Science,88.5,60,65,61.7,50.7,60,74,63.1,D,9,yes,Master's,medium,6
1548,Timothy,White,timothy.white1548@email.com,Male,24,Chemistry,89.4,81,65,85.0,85.6,77,83,75.3,C,5,yes,Associate,medium,5
1549,Derrick,Richards,derrick.richards1549@email.com,Male,21,History,69.4,89,76,94.5,92.3,74,76,82.6,B-,11,yes,Bachelor's,high,8
1550,Carl,Edwards,carl.edwards1550@email.com,Male,21,Computer Science,90.5,40,40,50.0,50.0,60,64,44.9,F,11,yes,Master's,high,5
1551,Ashley,Klein,ashley.klein1551@email.com,Male,18,Business,60.0,61,52,50.0,63.8,60,67,57.1,F,10,yes,Associate,medium,8
1552,Alison,Wilson,alison.wilson1552@email.com,Male,23,Psychology,81.0,57,62,63.5,65.0,62,72,61.9,D,14,yes,High School,medium,5
1553,Melinda,Morgan,melinda.morgan1553@email.com,Male,19,Political Science,92.0,80,69,88.3,84.1,73,97,78.1,C+,9,yes,Master's,medium,2
1554,Sabrina,Combs,sabrina.combs1554@email.com,Male,18,Chemistry,81.8,77,82,80.9,78.9,80,86,80.6,B-,8,yes,Associate,low,5
1555,Dennis,Nelson,dennis.nelson1555@email.com,Male,22,Computer Science,67.5,78,86,83.3,85.1,99,70,82.4,B-,8,yes,Associate,medium,3
1556,Connie,Baker,connie.baker1556@email.com,Female,20,History,88.6,80,80,86.5,88.6,73,84,81.3,B-,10,yes,High School,medium,5
1557,Willie,Walker,willie.walker1557@email.com,Female,21,Psychology,78.5,58,66,64.9,57.8,66,71,63.7,D,13,yes,Master's,medium,6
1558,Natalie,Wood,natalie.wood1558@email.com,Female,19,Mathematics,84.9,83,68,85.2,60.8,68,67,73.9,C,7,yes,Associate,medium,3
1559,Sherri,Herrera,sherri.herrera1559@email.com,Female,22,Political Science,72.8,40,40,50.0,50.0,60,50,43.5,F,5,yes,Master's,medium,7
1560,William,Jones,william.jones1560@email.com,Male,20,Business,67.4,65,49,70.2,75.8,71,61,59.7,F,16,yes,Bachelor's,high,8
1561,Joshua,Wise,joshua.wise1561@email.com,Male,20,Biology,83.5,73,57,66.7,67.4,60,70,64.8,D,10,yes,Associate,medium,8
1562,Amber,Jones,amber.jones1562@email.com,Male,23,English Literature,84.4,51,40,50.0,50.0,60,50,46.8,F,5,yes,Master's,low,4
1563,Robert,Palmer,robert.palmer1563@email.com,Male,19,Economics,98.9,40,40,50.0,50.0,60,53,43.9,F,10,yes,Master's,high,6
1564,Katrina,Russell,katrina.russell1564@email.com,Male,21,Engineering,86.9,40,47,62.3,50.0,60,50,47.5,F,9,yes,Associate,medium,6
1565,Jeffrey,Roberts,jeffrey.roberts1565@email.com,Male,18,Chemistry,75.8,48,40,50.0,54.4,60,50,46.1,F,14,yes,Bachelor's,medium,6
1566,Sarah,Simpson,sarah.simpson1566@email.com,Male,20,Economics,90.0,54,54,69.2,61.3,70,62,57.5,F,9,yes,Associate,medium,9
1567,Rachel,Smith,rachel.smith1567@email.com,Female,22,Physics,77.0,75,74,74.1,67.9,72,65,73.0,C,12,yes,Bachelor's,medium,4
1568,Jessica,Nelson,jessica.nelson1568@email.com,Male,24,Political Science,75.8,65,62,64.3,50.0,66,50,61.6,D,12,yes,Associate,medium,9
1569,Steven,Williams,steven.williams1569@email.com,Female,18,Economics,100.0,47,40,50.0,50.0,60,50,45.6,F,8,yes,Associate,medium,8
1570,Kristen,Jackson,kristen.jackson1570@email.com,Male,22,Chemistry,84.8,72,83,84.9,83.9,60,64,76.9,C,11,yes,Associate,medium,5
1571,Nicholas,Shannon,nicholas.shannon1571@email.com,Male,23,Psychology,99.6,73,66,59.3,51.9,74,50,65.6,D,11,yes,Bachelor's,medium,7
1572,John,Jackson,john.jackson1572@email.com,Female,24,Psychology,82.3,43,54,56.9,63.0,66,68,53.5,F,17,yes,Bachelor's,medium,5
1573,Joshua,Lopez,joshua.lopez1573@email.com,Male,23,Physics,89.0,76,69,74.2,97.2,70,79,74.1,C,10,yes,Bachelor's,high,3
1574,Mark,Jackson,mark.jackson1574@email.com,Male,22,Business,88.0,47,60,55.5,50.7,60,50,54.2,F,10,yes,Associate,high,9
1575,David,Pennington,david.pennington1575@email.com,Male,24,Engineering,83.4,62,51,56.9,55.8,60,69,57.4,F,5,yes,High School,low,8
1576,Daniel,Hayden,daniel.hayden1576@email.com,Male,18,Psychology,94.3,46,53,50.0,50.0,60,50,50.5,F,11,yes,High School,low,5
1577,William,Salazar,william.salazar1577@email.com,Male,22,Biology,80.7,74,79,91.0,78.1,71,88,79.2,C+,10,yes,Bachelor's,medium,6
1578,Dean,Munoz,dean.munoz1578@email.com,Male,24,Psychology,94.4,99,75,87.3,93.1,90,63,83.9,B,12,yes,Associate,medium,4
1579,Brian,Gonzalez,brian.gonzalez1579@email.com,Male,19,Biology,81.3,76,60,51.5,52.7,60,59,63.5,D,14,yes,High School,low,5
1580,Michael,Webb,michael.webb1580@email.com,Male,20,Economics,92.2,40,41,50.0,50.0,60,53,44.2,F,9,no,Associate,medium,5
1581,Jonathan,Nguyen,jonathan.nguyen1581@email.com,Female,22,English Literature,87.3,99,84,88.1,90.5,79,71,87.8,B+,11,yes,Associate,medium,3
1582,Lisa,Jordan,lisa.jordan1582@email.com,Female,20,Psychology,86.2,47,55,59.1,50.0,60,53,52.9,F,9,yes,High School,medium,6
1583,Adrian,Villegas,adrian.villegas1583@email.com,Female,22,Mathematics,90.7,74,79,87.8,73.3,74,85,78.5,C+,13,yes,Associate,medium,4
1584,Amy,George,amy.george1584@email.com,Female,20,Biology,82.1,41,40,59.3,55.6,60,51,45.2,F,8,yes,High School,medium,4
1585,Nicole,Holland,nicole.holland1585@email.com,Female,20,Biology,79.6,74,82,81.5,88.1,88,74,79.5,C+,10,yes,High School,medium,5
1586,Cassie,Weaver,cassie.weaver1586@email.com,Male,23,Political Science,85.2,91,95,78.1,95.1,74,79,89.5,B+,12,yes,High School,medium,5
1587,Deborah,Stark,deborah.stark1587@email.com,Male,22,Political Science,91.9,66,43,50.0,51.0,64,56,53.4,F,11,no,Bachelor's,medium,8
1588,Benjamin,Simpson,benjamin.simpson1588@email.com,Male,22,Mathematics,88.7,73,73,86.6,61.9,77,77,74.5,C,5,yes,High School,low,6
1589,Jesse,Allison,jesse.allison1589@email.com,Female,24,History,94.2,40,44,62.0,66.4,60,50,47.1,F,7,yes,High School,low,7
1590,Alicia,Cook,alicia.cook1590@email.com,Male,24,Physics,68.7,55,54,50.4,54.2,63,50,54.0,F,9,yes,High School,medium,5
1591,Christopher,Anderson,christopher.anderson1591@email.com,Female,18,Chemistry,99.9,73,83,85.9,70.1,79,97,80.9,B-,14,yes,Associate,low,5
1592,Michael,Ramirez,michael.ramirez1592@email.com,Male,22,Economics,98.0,73,69,55.8,55.4,74,51,66.7,D,5,yes,Master's,medium,7
1593,Larry,Mueller,larry.mueller1593@email.com,Female,18,Psychology,90.5,74,77,80.0,79.8,65,67,75.1,C,11,no,Master's,medium,5
1594,Rick,Nelson,rick.nelson1594@email.com,Female,20,Mathematics,76.2,99,70,72.5,73.7,62,71,78.9,C+,17,yes,Bachelor's,low,4
1595,Victoria,Mcpherson,victoria.mcpherson1595@email.com,Female,20,English Literature,96.3,72,71,74.0,63.9,60,72,70.8,C-,15,yes,Associate,medium,2
1596,John,West,john.west1596@email.com,Female,20,History,94.0,60,40,58.8,53.8,60,50,50.6,F,8,yes,Bachelor's,medium,8
1597,Cindy,Garcia,cindy.garcia1597@email.com,Female,20,Chemistry,94.8,81,77,87.4,64.1,89,65,78.1,C+,14,no,Bachelor's,medium,3
1598,Heather,Jones,heather.jones1598@email.com,Male,18,Mathematics,94.0,59,71,81.9,74.4,68,88,70.3,C-,15,yes,High School,medium,5
1599,Kirsten,Robbins,kirsten.robbins1599@email.com,Male,24,Business,85.2,50,64,50.2,72.7,60,75,59.8,F,9,yes,Associate,medium,8
1600,David,Adams,david.adams1600@email.com,Female,24,Engineering,87.9,96,60,79.7,78.3,80,65,75.3,C,9,yes,Bachelor's,medium,3
1601,Jessica,Maddox,jessica.maddox1601@email.com,Male,21,History,89.4,79,77,86.4,59.3,88,57,76.3,C,13,yes,Bachelor's,medium,3
1602,Brooke,Butler,brooke.butler1602@email.com,Female,23,Physics,95.6,76,62,77.4,74.4,78,59,68.9,D,9,yes,Associate,low,5
1603,Glenn,Odonnell,glenn.odonnell1603@email.com,Female,21,English Literature,87.5,75,67,60.2,59.0,65,60,67.6,D,12,yes,High School,medium,9
1604,Amy,Henry,amy.henry1604@email.com,Female,20,Physics,86.7,62,73,75.5,72.1,66,76,69.9,D,14,yes,Bachelor's,medium,7
1605,Jody,Fisher,jody.fisher1605@email.com,Male,22,English Literature,85.9,68,77,72.8,82.6,76,81,74.6,C,10,yes,High School,medium,3
1606,Jillian,Lucas,jillian.lucas1606@email.com,Female,18,Chemistry,98.5,69,82,82.5,75.2,78,91,78.6,C+,10,yes,High School,medium,5
1607,Adam,Barajas,adam.barajas1607@email.com,Female,24,Chemistry,72.8,61,63,70.9,64.8,60,64,63.3,D,11,no,Associate,medium,7
1608,Cameron,David,cameron.david1608@email.com,Male,22,Physics,80.8,73,48,50.0,50.0,60,66,58.2,F,9,yes,Associate,medium,7
1609,William,Byrd,william.byrd1609@email.com,Female,23,Psychology,100.0,91,70,89.7,66.4,66,100,80.9,B-,15,yes,Bachelor's,low,4
1610,William,Miller,william.miller1610@email.com,Female,23,Political Science,85.4,63,69,72.4,58.2,61,50,64.7,D,16,yes,Associate,high,8
1611,Kenneth,Sandoval,kenneth.sandoval1611@email.com,Male,20,Mathematics,95.3,63,77,71.8,77.7,64,56,69.6,D,7,yes,Associate,low,5
1612,Travis,Murphy,travis.murphy1612@email.com,Female,20,Engineering,91.6,46,49,54.5,50.0,60,50,49.3,F,11,no,Bachelor's,high,7
1613,Debra,Atkinson,debra.atkinson1613@email.com,Female,24,Engineering,82.6,80,97,85.3,82.0,81,78,87.3,B+,7,yes,Associate,low,5
1614,Tony,Ramos,tony.ramos1614@email.com,Female,21,Business,79.2,67,62,66.8,65.0,60,76,65.5,D,6,yes,Associate,low,6
1615,Breanna,Casey,breanna.casey1615@email.com,Male,20,Physics,73.3,69,54,71.5,72.0,60,78,63.9,D,7,yes,High School,low,8
1616,Kristin,Wallace,kristin.wallace1616@email.com,Female,22,Computer Science,96.9,59,73,87.9,72.7,61,90,71.5,C-,11,no,Bachelor's,high,3
1617,Christopher,Hoffman,christopher.hoffman1617@email.com,Female,18,Psychology,77.0,55,51,67.1,50.0,60,59,55.0,F,13,yes,Associate,medium,4
1618,Ryan,Gardner,ryan.gardner1618@email.com,Male,21,Computer Science,83.0,79,80,87.3,88.2,69,76,79.9,C+,13,yes,High School,low,3
1619,Justin,Russell,justin.russell1619@email.com,Female,24,Engineering,81.6,49,40,50.0,50.0,60,61,47.3,F,10,yes,Master's,medium,7
1620,Nicole,Cardenas,nicole.cardenas1620@email.com,Female,20,Mathematics,83.4,86,72,85.0,84.5,65,80,78.6,C+,9,yes,Bachelor's,medium,6
1621,Nicole,Estes,nicole.estes1621@email.com,Male,22,Computer Science,83.5,56,72,64.1,78.0,60,56,64.5,D,16,yes,High School,low,4
1622,Tina,Patrick,tina.patrick1622@email.com,Male,22,History,85.7,65,60,50.0,63.7,60,72,62.0,D,9,yes,Bachelor's,medium,7
1623,Katrina,Fernandez,katrina.fernandez1623@email.com,Female,24,Biology,95.6,49,57,50.0,55.8,60,56,53.9,F,7,no,Associate,medium,8
1624,Thomas,Hicks,thomas.hicks1624@email.com,Male,18,Chemistry,87.7,63,64,84.5,83.8,60,75,67.7,D,11,yes,Bachelor's,medium,5
1625,April,Hogan,april.hogan1625@email.com,Female,21,Mathematics,82.7,64,73,78.4,56.6,67,64,68.9,D,18,yes,High School,medium,10
1626,Jennifer,Avery,jennifer.avery1626@email.com,Female,22,Political Science,97.5,54,57,59.3,66.7,60,55,56.8,F,9,no,High School,low,8
1627,Alexander,Andersen,alexander.andersen1627@email.com,Female,22,Chemistry,90.5,71,83,86.6,86.0,66,80,78.8,C+,11,no,Master's,medium,3
1628,Mark,Thompson,mark.thompson1628@email.com,Female,19,Computer Science,88.8,69,80,77.4,82.3,60,85,76.1,C,6,yes,Associate,low,4
1629,Jesus,Robertson,jesus.robertson1629@email.com,Male,21,Economics,84.7,72,83,70.6,77.6,77,77,77.4,C+,14,yes,Associate,low,3
1630,Kyle,Terrell,kyle.terrell1630@email.com,Male,20,History,94.1,59,46,63.6,50.0,63,50,53.1,F,9,no,Bachelor's,medium,6
1631,Taylor,Smith,taylor.smith1631@email.com,Female,24,English Literature,77.6,60,48,53.6,50.0,60,67,54.8,F,11,yes,Associate,medium,5
1632,Aaron,Murray,aaron.murray1632@email.com,Female,19,Engineering,80.0,60,68,79.8,73.7,64,68,67.0,D,11,no,Associate,medium,6
1633,Jessica,Strong,jessica.strong1633@email.com,Male,22,Computer Science,88.0,59,87,73.4,76.6,60,86,75.3,C,10,yes,High School,low,5
1634,James,Howard,james.howard1634@email.com,Female,21,Business,65.5,72,60,66.4,56.4,60,56,63.7,D,10,yes,Master's,medium,7
1635,Alisha,Abbott,alisha.abbott1635@email.com,Male,23,Physics,80.5,92,72,69.2,65.3,69,65,76.6,C,10,yes,High School,low,4
1636,Matthew,Jones,matthew.jones1636@email.com,Male,19,Economics,83.4,57,48,53.5,63.1,60,50,52.8,F,6,yes,Master's,medium,7
1637,Kristen,Franklin,kristen.franklin1637@email.com,Male,19,Business,100.0,70,85,76.8,75.8,70,99,79.9,C+,18,yes,High School,medium,8
1638,Thomas,Smith,thomas.smith1638@email.com,Male,18,Computer Science,82.6,64,98,83.9,76.8,73,72,81.5,B-,16,yes,Associate,medium,3
1639,Willie,Davis,willie.davis1639@email.com,Female,20,Mathematics,83.7,62,66,53.5,57.1,60,50,61.2,D,16,yes,Doctorate,high,7
1640,Aaron,Butler,aaron.butler1640@email.com,Female,23,Mathematics,89.8,58,44,50.0,50.0,60,50,50.5,F,5,yes,High School,medium,8
1641,Gabrielle,Moran,gabrielle.moran1641@email.com,Male,21,Physics,87.5,86,72,84.6,61.1,79,55,75.7,C,17,yes,Associate,low,6
1642,Jessica,Weeks,jessica.weeks1642@email.com,Male,21,Biology,91.6,55,59,62.1,51.0,72,50,57.5,F,14,yes,High School,low,9
1643,Shannon,Martin,shannon.martin1643@email.com,Male,23,Business,71.5,41,50,50.0,57.1,60,50,48.2,F,11,yes,Bachelor's,medium,6
1644,Stephen,Sherman,stephen.sherman1644@email.com,Male,18,Computer Science,82.5,70,79,75.1,79.5,72,71,74.9,C,12,yes,Bachelor's,medium,5
1645,Tina,Green,tina.green1645@email.com,Male,24,Physics,88.0,72,54,63.7,60.6,63,56,61.5,D,8,yes,Bachelor's,low,5
1646,Natalie,York,natalie.york1646@email.com,Male,19,Psychology,72.5,91,81,94.8,86.4,64,75,84.2,B,11,yes,High School,low,6
1647,Ann,Doyle,ann.doyle1647@email.com,Male,19,Biology,95.1,91,80,87.0,70.0,74,83,83.5,B,9,yes,Bachelor's,medium,5
1648,Donald,Huynh,donald.huynh1648@email.com,Male,19,History,83.2,77,82,66.3,65.1,60,69,75.8,C,11,yes,Master's,low,4
1649,Brandon,Rios,brandon.rios1649@email.com,Male,19,English Literature,98.6,52,59,63.0,50.0,60,52,56.3,F,9,yes,High School,medium,4
1650,Tiffany,Thompson,tiffany.thompson1650@email.com,Female,20,History,74.5,69,68,70.6,58.0,60,63,67.3,D,16,yes,High School,medium,6
1651,Hailey,Peters,hailey.peters1651@email.com,Male,21,Economics,62.5,59,56,50.0,64.5,60,64,57.8,F,5,yes,High School,medium,6
1652,Brett,Simon,brett.simon1652@email.com,Male,18,Economics,75.3,40,40,50.0,50.0,60,50,43.5,F,7,yes,High School,low,8
1653,Terri,Mullen,terri.mullen1653@email.com,Female,21,Mathematics,79.4,66,90,81.3,77.4,75,69,78.5,C+,15,yes,Bachelor's,high,7
1654,Ryan,Ryan,ryan.ryan1654@email.com,Male,18,Physics,83.7,43,62,67.4,88.0,65,71,59.2,F,10,yes,Doctorate,high,4
1655,Bernard,Patrick,bernard.patrick1655@email.com,Female,20,Chemistry,100.0,84,97,89.0,83.9,77,76,88.7,B+,15,yes,High School,medium,6
1656,Anthony,Fry,anthony.fry1656@email.com,Male,20,Mathematics,80.9,82,77,77.4,72.6,78,78,78.5,C+,10,yes,Doctorate,high,5
1657,Ricardo,Hayes,ricardo.hayes1657@email.com,Female,18,Physics,78.2,87,75,79.4,75.6,66,78,79.0,C+,12,yes,Associate,medium,3
1658,Stephen,Larson,stephen.larson1658@email.com,Female,21,Engineering,91.5,72,84,69.6,63.9,60,75,75.9,C,11,yes,Bachelor's,medium,5
1659,David,Crawford,david.crawford1659@email.com,Female,18,Chemistry,91.6,75,80,78.1,82.2,60,100,79.4,C+,10,yes,Bachelor's,medium,6
1660,Christine,Fisher,christine.fisher1660@email.com,Male,19,Engineering,83.1,82,75,77.5,66.1,79,86,78.3,C+,9,no,High School,medium,4
1661,Brittany,Swanson,brittany.swanson1661@email.com,Female,21,Psychology,75.8,58,63,67.1,77.6,60,54,61.7,D,18,yes,Associate,medium,7
1662,Jerry,Johnson,jerry.johnson1662@email.com,Female,23,Physics,89.5,73,58,59.8,69.8,67,59,63.9,D,13,yes,Associate,medium,7
1663,Angela,Kane,angela.kane1663@email.com,Female,22,Physics,86.8,78,76,80.7,74.6,75,75,77.0,C,14,yes,Doctorate,high,5
1664,Holly,Callahan,holly.callahan1664@email.com,Female,24,English Literature,88.2,40,55,50.0,50.0,60,50,49.5,F,10,yes,High School,medium,5
1665,Melissa,Young,melissa.young1665@email.com,Female,18,English Literature,83.8,64,67,65.5,57.9,70,73,66.3,D,15,yes,Associate,low,5
1666,George,Barnes,george.barnes1666@email.com,Male,21,Engineering,79.2,78,70,79.5,74.1,74,72,74.0,C,5,yes,Associate,low,7
1667,Travis,Hill,travis.hill1667@email.com,Male,22,Political Science,89.0,65,65,80.4,74.3,78,78,69.1,D,16,yes,Doctorate,high,5
1668,Joseph,Pugh,joseph.pugh1668@email.com,Male,22,Chemistry,84.8,74,75,90.4,76.0,73,70,75.8,C,12,yes,Bachelor's,high,5
1669,Robert,Fletcher,robert.fletcher1669@email.com,Female,20,Engineering,75.2,70,65,96.2,58.4,79,78,71.4,C-,11,yes,Associate,low,4
1670,Mindy,Ross,mindy.ross1670@email.com,Female,18,Biology,98.3,44,51,55.8,64.5,60,50,50.4,F,12,no,Bachelor's,medium,7
1671,Charles,Bowers,charles.bowers1671@email.com,Female,24,English Literature,100.0,74,77,94.3,76.2,73,74,77.3,C+,8,yes,Bachelor's,high,3
1672,Stephen,Clark,stephen.clark1672@email.com,Female,23,Psychology,98.1,53,40,57.5,63.2,60,50,48.8,F,5,yes,High School,medium,8
1673,Rachel,Maynard,rachel.maynard1673@email.com,Female,24,Engineering,88.5,89,86,91.4,71.1,74,71,84.7,B,13,yes,Associate,low,4
1674,Ashley,Adams,ashley.adams1674@email.com,Male,22,English Literature,94.8,77,68,92.3,68.4,66,65,72.8,C-,9,yes,High School,high,6
1675,Michael,Trujillo,michael.trujillo1675@email.com,Male,18,Engineering,74.6,59,78,75.1,74.6,60,74,70.6,C-,10,yes,High School,medium,6
1676,Dawn,Humphrey,dawn.humphrey1676@email.com,Male,18,Business,91.0,73,83,88.5,86.3,87,74,80.1,B-,15,yes,Associate,medium,4
1677,Mark,Poole,mark.poole1677@email.com,Female,20,History,92.9,44,43,64.6,65.0,60,50,48.1,F,8,yes,Bachelor's,medium,7
1678,Mariah,Horton,mariah.horton1678@email.com,Female,23,Psychology,67.9,57,75,81.8,72.5,60,61,68.1,D,15,yes,Associate,low,6
1679,Virginia,Hernandez,virginia.hernandez1679@email.com,Female,24,Economics,71.2,74,83,71.3,55.1,74,78,76.9,C,8,yes,High School,low,6
1680,Raymond,Nelson,raymond.nelson1680@email.com,Male,22,Computer Science,73.9,40,53,70.1,64.1,60,51,51.6,F,15,yes,Doctorate,high,7
1681,Jessica,Brown,jessica.brown1681@email.com,Male,22,Business,89.4,45,48,50.0,50.0,60,83,51.6,F,12,no,Master's,medium,5
1682,Stephanie,Hunt,stephanie.hunt1682@email.com,Female,22,Psychology,82.6,40,40,50.0,50.0,60,50,43.5,F,15,yes,High School,low,6
1683,Robert,Marsh,robert.marsh1683@email.com,Female,21,Political Science,73.3,56,62,69.7,57.5,78,71,62.5,D,8,yes,Associate,low,5
1684,Lindsay,Barton,lindsay.barton1684@email.com,Female,19,Political Science,64.4,69,87,90.4,74.2,95,81,81.2,B-,8,yes,Bachelor's,medium,5
1685,Kenneth,Jones,kenneth.jones1685@email.com,Female,24,English Literature,84.3,61,49,70.2,54.2,69,59,57.0,F,5,yes,Bachelor's,medium,8
1686,Anthony,Anderson,anthony.anderson1686@email.com,Female,20,Psychology,84.6,77,63,71.4,80.1,79,76,71.1,C-,12,yes,High School,medium,4
1687,Sandra,Sparks,sandra.sparks1687@email.com,Male,23,Business,73.6,58,68,88.8,70.6,70,62,66.8,D,5,yes,Associate,low,10
1688,Joseph,Kaufman,joseph.kaufman1688@email.com,Female,18,History,100.0,67,60,54.5,54.4,60,52,60.5,D,14,yes,Bachelor's,medium,4
1689,Joseph,Ellis,joseph.ellis1689@email.com,Female,22,Chemistry,97.0,40,40,57.1,52.2,60,50,44.3,F,7,yes,Associate,low,8
1690,Brittany,Rodriguez,brittany.rodriguez1690@email.com,Male,19,Chemistry,90.8,40,40,50.0,50.0,60,50,43.5,F,5,no,Bachelor's,medium,4
1691,Becky,Tucker,becky.tucker1691@email.com,Male,22,English Literature,75.4,69,65,57.8,59.4,60,56,64.1,D,9,yes,High School,medium,8
1692,Julie,Rice,julie.rice1692@email.com,Female,19,Chemistry,100.0,75,65,72.2,67.4,60,54,67.6,D,12,yes,High School,medium,7
1693,Matthew,Johnson,matthew.johnson1693@email.com,Male,20,Physics,80.7,68,81,70.0,71.0,60,69,73.3,C,11,yes,High School,low,2
1694,Robert,Grant,robert.grant1694@email.com,Male,18,Political Science,91.9,82,97,94.4,71.0,61,70,86.5,B,12,yes,High School,low,6
1695,Traci,Lopez,traci.lopez1695@email.com,Female,20,Mathematics,92.2,55,66,71.6,76.8,68,57,63.1,D,17,yes,High School,low,8
1696,Stephanie,Larson,stephanie.larson1696@email.com,Female,19,English Literature,100.0,65,76,71.2,69.6,60,66,70.1,C-,13,no,Bachelor's,high,3
1697,Brendan,Petersen,brendan.petersen1697@email.com,Female,20,Biology,99.6,94,87,86.8,68.7,73,77,86.6,B,19,yes,Associate,low,4
1698,Lisa,Morris,lisa.morris1698@email.com,Male,19,Chemistry,92.4,81,92,90.5,76.2,71,80,85.6,B,10,yes,Associate,medium,2
1699,Shelly,Miller,shelly.miller1699@email.com,Male,18,Psychology,81.2,99,57,84.4,94.7,67,78,76.9,C,12,yes,Associate,low,6
1700,Marc,Romero,marc.romero1700@email.com,Female,19,Psychology,84.5,68,60,72.5,67.8,64,61,64.4,D,14,yes,Bachelor's,medium,6
1701,Joseph,Rangel,joseph.rangel1701@email.com,Female,19,Mathematics,90.1,96,72,83.5,95.2,66,77,81.8,B-,11,no,Associate,medium,3
1702,Natasha,Curry,natasha.curry1702@email.com,Female,20,Physics,85.5,52,52,57.6,54.9,60,58,53.8,F,11,yes,Master's,medium,5
1703,Ronald,Collins,ronald.collins1703@email.com,Male,20,Economics,73.6,76,64,76.1,66.4,60,71,69.5,D,7,yes,High School,low,6
1704,Levi,Le,levi.le1704@email.com,Female,22,History,96.0,74,56,57.6,58.9,61,75,63.9,D,8,yes,Associate,medium,3
1705,Jesus,Watson,jesus.watson1705@email.com,Male,19,Political Science,79.4,69,52,58.7,76.3,60,62,60.4,D,7,yes,High School,high,8
1706,Lindsay,May,lindsay.may1706@email.com,Female,20,Biology,66.5,78,78,80.6,67.2,74,81,77.9,C+,8,no,Bachelor's,low,3
1707,Daryl,Williams,daryl.williams1707@email.com,Female,24,Business,91.5,83,70,82.6,68.4,60,64,74.0,C,12,no,Bachelor's,low,4
1708,Zachary,Thompson,zachary.thompson1708@email.com,Female,22,Economics,67.0,58,54,73.8,62.6,60,50,57.5,F,8,yes,Bachelor's,high,10
1709,Lisa,Simon,lisa.simon1709@email.com,Female,22,Physics,82.2,50,55,50.0,54.6,60,50,52.7,F,9,yes,Associate,medium,4
1710,Shannon,Garcia,shannon.garcia1710@email.com,Female,23,English Literature,70.1,67,85,99.6,71.6,73,92,80.6,B-,8,yes,High School,medium,4
1711,Michael,Baker,michael.baker1711@email.com,Male,19,English Literature,82.9,79,69,89.8,83.2,88,85,77.4,C+,11,yes,Master's,medium,4
1712,Brenda,Knapp,brenda.knapp1712@email.com,Female,20,Physics,89.1,59,58,71.3,55.4,60,50,58.8,F,10,yes,Master's,medium,7
1713,Christina,Tran,christina.tran1713@email.com,Female,20,Biology,95.3,64,77,77.0,78.2,60,71,71.7,C-,5,yes,Bachelor's,high,6
1714,Tammy,Dorsey,tammy.dorsey1714@email.com,Female,18,History,92.5,75,77,69.6,69.4,72,73,74.7,C,7,no,High School,medium,6
1715,Erik,Taylor,erik.taylor1715@email.com,Male,24,Chemistry,70.5,89,55,54.3,74.9,64,66,67.7,D,10,yes,Associate,medium,6
1716,Nathaniel,Brown,nathaniel.brown1716@email.com,Female,18,Business,95.3,84,64,80.5,93.0,69,78,74.8,C,8,yes,Master's,medium,6
1717,Dawn,Wood,dawn.wood1717@email.com,Male,23,English Literature,83.1,49,49,59.4,55.7,60,51,51.2,F,6,yes,Associate,low,6
1718,Jennifer,Maldonado,jennifer.maldonado1718@email.com,Female,23,English Literature,82.0,76,70,62.2,54.7,60,74,70.2,C-,10,no,Associate,low,1
1719,Kevin,Martinez,kevin.martinez1719@email.com,Male,21,Business,100.0,75,77,78.0,62.0,72,74,75.2,C,5,yes,High School,low,2
1720,Corey,Pittman,corey.pittman1720@email.com,Male,19,Physics,88.5,75,72,74.3,50.0,63,65,70.9,C-,10,yes,Associate,medium,5
1721,Adam,Mccoy,adam.mccoy1721@email.com,Female,21,Economics,91.8,81,70,87.2,75.6,78,91,77.8,C+,13,yes,Bachelor's,high,5
1722,Randy,Rodriguez,randy.rodriguez1722@email.com,Male,23,Physics,92.0,78,74,77.7,57.0,78,59,73.5,C,7,yes,High School,low,6
1723,Christopher,Johnson,christopher.johnson1723@email.com,Female,21,Biology,89.1,72,87,75.7,81.3,73,74,79.1,C+,12,yes,High School,medium,6
1724,Michael,Davis,michael.davis1724@email.com,Male,23,Political Science,83.8,76,96,78.7,84.9,69,90,85.9,B,16,no,High School,medium,4
1725,Richard,Parker,richard.parker1725@email.com,Male,18,Chemistry,78.4,70,69,92.2,76.0,75,77,73.2,C,15,yes,Master's,medium,3
1726,Heather,Bender,heather.bender1726@email.com,Female,21,Chemistry,84.3,74,76,72.1,69.9,60,72,73.6,C,7,yes,Master's,medium,3
1727,Donna,Rodriguez,donna.rodriguez1727@email.com,Female,23,Political Science,91.9,63,68,69.1,67.2,69,59,65.8,D,10,no,Associate,high,8
1728,Kathryn,Murphy,kathryn.murphy1728@email.com,Male,21,Economics,77.8,74,60,73.3,64.3,66,65,66.7,D,5,yes,Bachelor's,medium,5
1729,Isaiah,Evans,isaiah.evans1729@email.com,Female,22,Psychology,94.5,51,85,85.7,70.3,84,100,75.6,C,11,yes,Associate,high,5
1730,Steven,Clark,steven.clark1730@email.com,Male,20,Chemistry,86.5,81,86,75.6,87.5,76,90,83.5,B,16,yes,Bachelor's,medium,4
1731,Jeffrey,Griffin,jeffrey.griffin1731@email.com,Female,21,Political Science,83.6,72,63,65.6,54.8,61,76,66.9,D,11,yes,Master's,medium,6
1732,Nancy,Spence,nancy.spence1732@email.com,Male,20,Mathematics,85.6,72,79,86.6,77.4,68,88,78.0,C+,13,yes,High School,low,5
1733,Susan,Bishop,susan.bishop1733@email.com,Female,18,Psychology,86.7,75,79,80.0,58.9,60,92,77.3,C+,11,yes,Master's,medium,5
1734,Kelly,Aguilar,kelly.aguilar1734@email.com,Male,23,Psychology,85.9,79,80,80.8,65.2,73,79,78.7,C+,14,yes,Bachelor's,medium,4
1735,Frank,Gonzalez,frank.gonzalez1735@email.com,Male,18,Chemistry,66.0,76,67,80.1,58.3,73,73,71.6,C-,10,no,Associate,medium,3
1736,Jason,Wise,jason.wise1736@email.com,Male,20,Biology,90.3,76,86,93.9,93.6,70,88,83.6,B,16,yes,Doctorate,high,7
1737,Emily,Nichols,emily.nichols1737@email.com,Female,24,Psychology,95.9,65,72,73.9,73.3,71,75,70.5,C-,24,yes,Master's,medium,2
1738,Eric,Moreno,eric.moreno1738@email.com,Male,20,English Literature,85.4,48,72,64.3,50.0,60,50,60.1,D,9,no,Master's,high,5
1739,Eric,Torres,eric.torres1739@email.com,Male,24,Political Science,84.8,40,49,55.4,58.6,60,68,49.9,F,12,yes,Master's,high,5
1740,Steven,Lamb,steven.lamb1740@email.com,Female,18,Economics,91.4,66,53,61.4,77.0,60,62,60.2,D,8,yes,Bachelor's,medium,7
1741,Kenneth,Davis,kenneth.davis1741@email.com,Female,22,English Literature,92.5,47,56,61.9,55.2,60,53,53.8,F,15,yes,Master's,low,6
1742,Patricia,Brown,patricia.brown1742@email.com,Female,24,Business,90.9,41,70,59.9,50.0,60,51,56.9,F,7,yes,Doctorate,low,5
1743,Bridget,Jimenez,bridget.jimenez1743@email.com,Female,23,Biology,82.2,58,75,78.1,64.5,90,57,68.7,D,5,yes,Bachelor's,low,4
1744,Eric,Davis,eric.davis1744@email.com,Male,18,Biology,97.5,76,81,91.7,78.0,60,63,77.6,C+,5,no,Master's,low,3
1745,Aaron,Lewis,aaron.lewis1745@email.com,Female,20,English Literature,61.8,54,40,51.1,50.0,60,50,47.8,F,5,yes,Master's,medium,7
1746,Brianna,Taylor,brianna.taylor1746@email.com,Female,24,Computer Science,71.6,40,40,50.0,50.0,60,50,43.5,F,11,yes,High School,low,7
1747,Melissa,Jacobs,melissa.jacobs1747@email.com,Female,22,Psychology,94.8,54,80,64.5,62.7,60,76,68.4,D,23,yes,Master's,medium,8
1748,Randy,Santiago,randy.santiago1748@email.com,Female,23,Political Science,80.5,87,63,88.4,97.5,77,76,76.5,C,11,yes,Master's,medium,4
1749,Tracy,Fisher,tracy.fisher1749@email.com,Male,18,Mathematics,82.3,73,78,83.0,93.4,82,72,77.4,C+,10,yes,Bachelor's,medium,5
1750,Lindsay,Carrillo,lindsay.carrillo1750@email.com,Female,22,Business,90.7,40,40,50.0,50.0,60,50,43.5,F,6,yes,Master's,medium,7
1751,Ryan,Ryan,ryan.ryan1751@email.com,Female,23,Psychology,86.1,60,41,50.0,50.9,60,50,49.9,F,14,yes,Bachelor's,medium,5
1752,Daniel,Ballard,daniel.ballard1752@email.com,Male,24,English Literature,81.0,49,56,75.8,81.8,68,62,58.5,F,12,yes,Bachelor's,medium,4
1753,Anthony,Lewis,anthony.lewis1753@email.com,Male,23,Business,96.0,40,48,54.1,50.0,60,50,47.1,F,14,yes,High School,low,5
1754,Stacey,Williamson,stacey.williamson1754@email.com,Male,24,Engineering,65.7,69,81,87.8,77.1,78,73,77.0,C+,11,yes,Associate,low,8
1755,Brittany,Gordon,brittany.gordon1755@email.com,Male,22,History,100.0,68,53,81.1,61.9,60,67,62.6,D,11,yes,Bachelor's,medium,6
1756,Jennifer,Brown,jennifer.brown1756@email.com,Female,21,Psychology,90.9,85,71,64.1,58.2,75,50,72.0,C-,5,yes,Bachelor's,medium,5
1757,Kayla,Johnson,kayla.johnson1757@email.com,Female,23,Mathematics,81.6,75,77,79.4,77.4,70,68,75.5,C,11,yes,Master's,medium,5
1758,Michael,Taylor,michael.taylor1758@email.com,Female,18,Physics,83.8,77,64,73.6,69.2,60,68,69.4,D,10,yes,High School,low,8
1759,Michael,Hamilton,michael.hamilton1759@email.com,Female,23,Business,83.5,70,81,90.9,89.6,69,72,77.6,C+,12,yes,Doctorate,high,3
1760,Howard,Thomas,howard.thomas1760@email.com,Male,19,Computer Science,87.9,76,85,100.0,67.3,65,85,82.0,B-,6,yes,Doctorate,high,8
1761,Matthew,Rodriguez,matthew.rodriguez1761@email.com,Male,20,Engineering,99.8,40,40,50.0,50.0,60,50,43.5,F,12,no,Associate,high,5
1762,Sydney,Crane,sydney.crane1762@email.com,Male,19,Computer Science,79.0,68,67,50.4,64.9,61,70,65.7,D,9,yes,Associate,medium,7
1763,Christine,Haynes,christine.haynes1763@email.com,Female,23,Mathematics,72.4,75,84,75.8,68.5,60,72,77.3,C+,13,yes,High School,low,4
1764,Brett,Hinton,brett.hinton1764@email.com,Male,21,Computer Science,94.0,58,77,51.6,56.9,62,56,64.9,D,16,yes,Associate,medium,6
1765,Bryan,George,bryan.george1765@email.com,Female,24,English Literature,75.5,73,49,61.6,62.2,60,63,60.1,D,6,yes,Associate,medium,7
1766,Rose,Hicks,rose.hicks1766@email.com,Male,20,Physics,92.2,69,68,73.6,56.8,60,71,68.3,D,6,yes,Master's,high,7
1767,Pamela,Reed,pamela.reed1767@email.com,Female,20,Biology,100.0,81,73,91.8,82.4,81,96,80.5,B-,19,yes,Associate,medium,4
1768,Jose,Wolf,jose.wolf1768@email.com,Female,18,Physics,89.4,82,72,87.0,79.0,74,72,77.0,C,13,yes,Doctorate,medium,2
1769,Tina,Ray,tina.ray1769@email.com,Female,24,Political Science,83.2,40,50,50.0,50.0,60,50,47.5,F,17,yes,Associate,medium,7
1770,Monica,Becker,monica.becker1770@email.com,Female,24,Mathematics,84.9,53,69,64.6,66.7,65,55,62.2,D,14,yes,Doctorate,low,5
1771,Madison,Kelly,madison.kelly1771@email.com,Male,21,History,99.1,67,90,90.6,79.8,60,89,81.1,B-,16,yes,Associate,medium,4
1772,David,Hanson,david.hanson1772@email.com,Female,24,Engineering,83.7,90,69,85.1,73.4,60,75,77.3,C+,18,yes,High School,low,7
1773,Melissa,Hart,melissa.hart1773@email.com,Female,19,Political Science,91.5,64,59,65.5,55.0,60,70,62.1,D,14,yes,Associate,medium,4
1774,Christopher,Jackson,christopher.jackson1774@email.com,Female,22,Political Science,93.6,74,75,90.8,61.5,60,84,75.8,C,7,no,Bachelor's,medium,5
1775,Stephen,Robbins,stephen.robbins1775@email.com,Male,18,Engineering,75.4,67,67,63.2,64.6,66,52,65.1,D,14,yes,High School,medium,5
1776,Alexis,Ferrell,alexis.ferrell1776@email.com,Male,23,Psychology,91.0,40,40,50.0,50.0,60,50,43.5,F,5,yes,Doctorate,high,9
1777,Stephanie,West,stephanie.west1777@email.com,Male,24,Computer Science,93.0,88,82,76.8,78.0,70,72,81.6,B-,16,yes,Associate,low,4
1778,Stephanie,Martin,stephanie.martin1778@email.com,Female,22,Business,90.7,73,81,90.8,78.6,73,76,78.6,C+,15,yes,High School,medium,4
1779,Kimberly,Ramirez,kimberly.ramirez1779@email.com,Male,20,History,83.2,60,71,73.4,67.5,73,67,67.6,D,10,yes,High School,low,7
1780,Lindsay,Riley,lindsay.riley1780@email.com,Female,24,Chemistry,81.7,76,73,78.5,72.2,82,74,75.0,C,17,yes,Associate,high,3
1781,Jerry,Shaw,jerry.shaw1781@email.com,Female,23,Political Science,76.9,57,68,60.9,58.0,68,60,62.8,D,12,yes,High School,medium,9
1782,Kenneth,Thompson,kenneth.thompson1782@email.com,Male,24,Chemistry,93.0,67,82,93.2,77.5,89,75,78.1,C+,14,yes,High School,low,5
1783,Kelly,Alvarez,kelly.alvarez1783@email.com,Female,21,Political Science,90.0,87,79,82.0,66.9,60,88,81.1,B-,12,yes,Associate,medium,2
1784,Daniel,Woods,daniel.woods1784@email.com,Female,21,History,74.5,73,63,67.6,66.2,87,93,70.9,C-,9,no,Doctorate,high,5
1785,Stacy,York,stacy.york1785@email.com,Female,23,Business,99.0,52,73,78.4,83.9,64,76,67.7,D,10,yes,Bachelor's,high,4
1786,Travis,Nguyen,travis.nguyen1786@email.com,Female,21,Mathematics,92.5,63,57,84.0,68.0,60,82,64.7,D,12,yes,Master's,medium,6
1787,Christian,Harris,christian.harris1787@email.com,Female,20,Computer Science,92.8,52,50,50.0,56.3,60,61,52.6,F,11,yes,High School,low,1
1788,Maria,Anderson,maria.anderson1788@email.com,Male,19,Computer Science,63.7,72,72,86.8,64.4,60,83,73.7,C,16,no,High School,medium,5
1789,Kayla,Gonzales,kayla.gonzales1789@email.com,Female,20,Business,100.0,64,71,81.9,71.2,86,79,71.6,C-,15,yes,Master's,low,5
1790,Stephen,Carroll,stephen.carroll1790@email.com,Female,21,Computer Science,91.8,74,47,60.7,63.0,81,59,60.3,D,7,yes,Doctorate,medium,6
1791,Veronica,Nielsen,veronica.nielsen1791@email.com,Female,18,Psychology,88.5,48,50,56.5,51.4,67,53,51.3,F,6,yes,Master's,medium,7
1792,Sara,Webster,sara.webster1792@email.com,Male,19,Engineering,91.4,51,40,50.0,50.0,60,50,46.8,F,8,no,Associate,medium,6
1793,Deborah,Smith,deborah.smith1793@email.com,Female,18,Mathematics,90.6,52,40,50.0,50.0,60,50,47.1,F,7,yes,Master's,high,10
1794,Donna,Tran,donna.tran1794@email.com,Female,22,History,77.2,40,40,50.0,50.0,60,50,43.5,F,6,yes,Bachelor's,high,3
1795,William,Barnes,william.barnes1795@email.com,Male,24,Economics,79.2,87,63,68.9,73.0,60,68,71.7,C-,5,yes,High School,medium,2
1796,Aaron,Carter,aaron.carter1796@email.com,Male,21,Physics,87.2,75,78,81.9,81.8,82,83,78.5,C+,12,yes,Bachelor's,medium,4
1797,Joel,Lang,joel.lang1797@email.com,Female,21,Computer Science,98.8,63,72,68.7,71.8,71,75,69.2,D,16,yes,Doctorate,low,7
1798,Sabrina,Terry,sabrina.terry1798@email.com,Male,24,Business,75.4,72,67,83.3,89.2,60,82,72.4,C-,13,yes,Master's,medium,3
1799,Cindy,Houston,cindy.houston1799@email.com,Male,23,Chemistry,97.4,40,40,50.0,50.0,60,50,43.5,F,12,yes,High School,low,8
1800,Daniel,Perez,daniel.perez1800@email.com,Female,24,Psychology,93.7,70,48,65.4,64.9,60,69,59.9,F,5,yes,Associate,medium,6
1801,Juan,Roberts,juan.roberts1801@email.com,Male,24,Chemistry,75.9,64,52,77.1,75.2,76,68,62.2,D,13,yes,Master's,high,7
1802,Chase,Nguyen,chase.nguyen1802@email.com,Female,21,Chemistry,85.4,47,50,64.3,50.0,60,85,54.6,F,8,no,Doctorate,high,6
1803,Debra,Santana,debra.santana1803@email.com,Male,19,Physics,89.4,63,61,54.9,56.1,60,53,60.0,F,10,yes,Master's,high,5
1804,Eric,Kennedy,eric.kennedy1804@email.com,Female,24,Chemistry,66.9,49,40,50.0,50.0,60,50,46.2,F,8,yes,Bachelor's,medium,7
1805,Michael,Carpenter,michael.carpenter1805@email.com,Female,21,Engineering,85.0,78,90,90.5,74.3,75,73,83.3,B,12,yes,High School,medium,7
1806,Susan,Terrell,susan.terrell1806@email.com,Female,19,Engineering,74.3,65,49,61.5,58.5,60,63,57.5,F,10,no,High School,low,7
1807,Melissa,Thompson,melissa.thompson1807@email.com,Female,22,Business,73.0,40,40,50.0,50.0,60,50,43.5,F,14,yes,Bachelor's,low,7
1808,Tracy,Clark,tracy.clark1808@email.com,Male,20,Engineering,78.7,99,81,92.1,83.5,83,70,86.7,B,11,yes,Bachelor's,low,4
1809,Brandon,Jones,brandon.jones1809@email.com,Female,24,English Literature,86.7,78,75,79.5,65.9,60,83,76.0,C,15,yes,Associate,medium,5
1810,Michael,Rodriguez,michael.rodriguez1810@email.com,Male,24,Chemistry,75.1,71,77,88.2,90.2,72,84,77.5,C+,19,yes,Associate,medium,5
1811,Andrea,Schmidt,andrea.schmidt1811@email.com,Female,20,Psychology,92.8,81,58,77.6,61.1,77,80,70.2,C-,10,yes,Associate,low,2
1812,Jonathan,Swanson,jonathan.swanson1812@email.com,Male,23,Business,79.1,74,89,93.7,94.1,74,80,83.7,B,17,yes,Master's,high,4
1813,Stacie,Sanchez,stacie.sanchez1813@email.com,Female,21,English Literature,67.5,98,82,76.1,68.4,62,95,85.9,B,11,yes,High School,medium,4
1814,Brian,West,brian.west1814@email.com,Female,19,Psychology,72.5,82,84,85.7,85.5,79,76,82.6,B-,10,yes,Bachelor's,medium,6
1815,Christine,Matthews,christine.matthews1815@email.com,Male,21,Psychology,75.0,83,81,57.2,76.2,64,68,76.9,C,23,no,Bachelor's,medium,7
1816,Matthew,Phillips,matthew.phillips1816@email.com,Male,22,Biology,78.4,74,63,73.9,61.5,60,65,67.4,D,11,yes,High School,medium,7
1817,Billy,Alvarez,billy.alvarez1817@email.com,Female,21,Biology,79.8,47,57,55.3,72.2,60,67,55.8,F,20,no,High School,low,7
1818,Amy,Murray,amy.murray1818@email.com,Female,24,Physics,87.4,42,55,68.7,58.9,68,64,54.3,F,12,yes,Associate,medium,6
1819,Raymond,Ferguson,raymond.ferguson1819@email.com,Male,23,Economics,94.1,72,54,85.7,70.8,70,74,66.3,D,12,no,High School,low,5
1820,Nathaniel,Barnes,nathaniel.barnes1820@email.com,Male,20,Economics,94.3,45,47,61.6,50.8,60,58,49.8,F,10,yes,High School,medium,6
1821,Lauren,Perez,lauren.perez1821@email.com,Female,24,Chemistry,81.2,70,68,78.0,66.9,60,80,70.4,C-,16,yes,High School,low,7
1822,Blake,Stanley,blake.stanley1822@email.com,Male,24,Engineering,76.3,45,70,75.0,52.1,60,67,61.3,D,7,yes,Associate,medium,6
1823,Edward,Ramsey,edward.ramsey1823@email.com,Male,20,Business,97.9,77,64,72.6,70.5,74,84,71.6,C-,5,yes,Associate,low,4
1824,Jason,Wilkins,jason.wilkins1824@email.com,Female,21,Chemistry,100.0,67,45,50.0,50.0,60,50,53.6,F,9,yes,Associate,medium,9
1825,Joseph,Duncan,joseph.duncan1825@email.com,Female,24,History,78.4,66,79,72.3,65.0,60,64,71.3,C-,11,yes,Bachelor's,high,6
1826,Luis,Haynes,luis.haynes1826@email.com,Male,24,Physics,85.8,61,44,50.0,57.3,60,50,51.8,F,20,yes,Bachelor's,low,10
1827,Samantha,Wade,samantha.wade1827@email.com,Female,24,English Literature,69.1,45,55,50.0,61.6,60,70,53.6,F,7,yes,Associate,low,9
1828,Jorge,Morris,jorge.morris1828@email.com,Male,18,Business,75.2,79,70,91.6,74.9,70,75,75.6,C,9,yes,High School,low,3
1829,Patricia,Bray,patricia.bray1829@email.com,Female,24,Psychology,71.6,82,77,78.0,85.3,62,72,77.8,C+,14,no,Master's,medium,5
1830,Martin,Turner,martin.turner1830@email.com,Female,22,Biology,95.0,48,51,50.0,50.0,60,68,52.2,F,5,yes,Doctorate,medium,5
1831,Jacob,Harding,jacob.harding1831@email.com,Female,22,Political Science,75.2,52,40,64.6,50.0,60,68,50.4,F,11,yes,Bachelor's,medium,8
1832,Mary,Romero,mary.romero1832@email.com,Female,23,Biology,92.7,75,79,78.2,75.3,66,68,75.9,C,18,yes,High School,low,8
1833,Amber,Gonzalez,amber.gonzalez1833@email.com,Male,22,Engineering,69.7,78,71,75.8,68.7,67,67,72.9,C-,13,yes,Master's,high,4
1834,Jason,Lynch,jason.lynch1834@email.com,Male,18,Computer Science,85.2,88,79,81.0,87.0,68,77,81.6,B-,20,no,Associate,low,6
1835,Brenda,Dillon,brenda.dillon1835@email.com,Male,23,Business,82.4,53,40,50.0,50.0,60,50,47.4,F,10,yes,Doctorate,high,4
1836,Maria,Porter,maria.porter1836@email.com,Male,24,Engineering,86.3,40,40,50.0,50.0,60,50,43.5,F,12,yes,Associate,medium,7
1837,Lisa,Tapia,lisa.tapia1837@email.com,Female,18,Business,82.2,71,60,81.8,65.6,63,76,67.6,D,11,yes,High School,low,6
1838,Sean,Huerta,sean.huerta1838@email.com,Male,24,Political Science,85.0,61,83,79.2,95.7,70,79,75.7,C,12,yes,Doctorate,medium,5
1839,Amber,Lyons,amber.lyons1839@email.com,Female,19,Computer Science,80.4,79,76,86.6,85.0,83,77,78.9,C+,8,yes,Bachelor's,high,3
1840,Kelsey,Torres,kelsey.torres1840@email.com,Male,20,Biology,75.8,79,60,76.7,54.4,60,82,69.3,D,14,yes,Master's,medium,6
1841,Gina,Stanley,gina.stanley1841@email.com,Male,20,Chemistry,72.8,93,78,79.8,86.8,60,84,82.9,B-,13,yes,Associate,low,7
1842,Lisa,Obrien,lisa.obrien1842@email.com,Female,20,Business,92.3,62,57,66.5,71.0,60,56,60.3,D,10,yes,Master's,high,6
1843,Wayne,Mckee,wayne.mckee1843@email.com,Female,20,Computer Science,92.7,90,67,76.1,72.3,91,85,78.1,C+,11,yes,Associate,medium,8
1844,Joseph,Mcbride,joseph.mcbride1844@email.com,Female,18,Physics,67.7,69,67,75.5,54.0,63,67,67.6,D,13,yes,Bachelor's,medium,7
1845,Mary,Buchanan,mary.buchanan1845@email.com,Female,18,History,92.5,96,72,82.2,77.5,62,73,80.2,B-,16,yes,High School,medium,3
1846,Anthony,Briggs,anthony.briggs1846@email.com,Female,24,Psychology,100.0,78,87,76.9,82.8,66,65,79.9,C+,10,yes,Associate,low,6
1847,Pamela,Cook,pamela.cook1847@email.com,Female,21,Psychology,95.5,58,54,56.6,50.0,60,53,55.5,F,8,yes,High School,medium,9
1848,Isaiah,Harris,isaiah.harris1848@email.com,Female,18,Political Science,77.8,55,64,67.7,66.1,60,59,61.1,D,5,yes,High School,low,8
1849,Karen,Wood,karen.wood1849@email.com,Male,21,Economics,88.8,59,71,69.5,68.6,60,54,65.0,D,16,yes,Master's,low,9
1850,David,Fernandez,david.fernandez1850@email.com,Female,21,History,73.1,40,58,77.3,71.5,60,59,55.5,F,6,yes,Master's,high,7
1851,Jamie,Pacheco,jamie.pacheco1851@email.com,Female,23,Mathematics,88.5,84,84,79.6,83.4,66,63,80.6,B-,8,no,Master's,high,5
1852,Danielle,Patterson,danielle.patterson1852@email.com,Female,20,Business,100.0,48,50,50.0,52.5,63,62,51.4,F,13,yes,Master's,high,8
1853,Danielle,Taylor,danielle.taylor1853@email.com,Female,24,Psychology,87.1,76,50,50.0,63.0,60,53,59.3,F,21,yes,Master's,medium,9
1854,Felicia,Dyer,felicia.dyer1854@email.com,Male,19,Biology,100.0,75,74,77.0,70.6,76,81,75.2,C,9,yes,High School,medium,1
1855,Betty,Craig,betty.craig1855@email.com,Female,19,Mathematics,76.3,61,73,88.8,77.4,69,74,71.2,C-,8,yes,High School,low,3
1856,Judy,Morrison,judy.morrison1856@email.com,Female,20,Engineering,94.5,87,86,83.4,83.3,60,63,82.3,B-,13,no,Master's,medium,5
1857,Yesenia,Hernandez,yesenia.hernandez1857@email.com,Female,22,Biology,91.2,68,80,87.0,81.3,94,74,77.3,C+,21,yes,Associate,low,6
1858,Miranda,Thompson,miranda.thompson1858@email.com,Male,19,Chemistry,77.1,48,61,54.5,50.0,64,55,55.5,F,6,yes,Bachelor's,high,7
1859,Joseph,Chambers,joseph.chambers1859@email.com,Male,24,Mathematics,76.6,53,59,61.8,63.2,76,62,58.9,F,15,yes,Doctorate,high,8
1860,Brady,Good,brady.good1860@email.com,Male,20,Engineering,92.9,53,67,54.3,56.6,60,50,59.0,F,13,yes,High School,medium,7
1861,Andrew,Mccormick,andrew.mccormick1861@email.com,Male,21,Engineering,98.8,67,47,61.4,50.0,60,50,55.5,F,15,yes,Associate,medium,8
1862,Kathleen,Stanley,kathleen.stanley1862@email.com,Female,23,Chemistry,86.7,63,77,67.2,64.7,75,62,69.7,D,15,yes,Bachelor's,medium,5
1863,William,Woodard,william.woodard1863@email.com,Female,18,Mathematics,91.3,87,89,87.1,68.6,78,96,87.5,B+,16,yes,Doctorate,high,5
1864,Maurice,Baker,maurice.baker1864@email.com,Male,21,Political Science,99.0,66,55,59.7,50.0,60,60,59.3,F,10,yes,Master's,low,7
1865,Ryan,Chandler,ryan.chandler1865@email.com,Female,20,Engineering,98.9,80,74,91.2,78.7,81,78,78.6,C+,10,yes,Master's,high,7
1866,Tracy,Wilkerson,tracy.wilkerson1866@email.com,Male,22,Economics,100.0,63,91,93.9,93.1,87,76,81.3,B-,12,yes,High School,low,2
1867,Justin,Perez,justin.perez1867@email.com,Male,18,Physics,69.8,78,84,83.2,84.0,74,86,81.9,B-,11,no,Associate,high,5
1868,Stephen,Tucker,stephen.tucker1868@email.com,Female,23,Political Science,84.1,60,64,58.1,50.0,70,67,62.2,D,8,yes,Bachelor's,medium,7
1869,John,Keller,john.keller1869@email.com,Male,21,Mathematics,80.9,76,63,70.6,81.3,77,71,70.1,C-,6,yes,Associate,medium,1
1870,Keith,Smith,keith.smith1870@email.com,Male,23,Engineering,85.3,75,76,74.9,63.8,68,75,74.6,C,20,yes,Bachelor's,high,6
1871,Jermaine,Goodwin,jermaine.goodwin1871@email.com,Female,21,Computer Science,88.2,66,69,94.5,85.1,72,76,72.4,C-,14,no,Bachelor's,low,8
1872,Elizabeth,Cervantes,elizabeth.cervantes1872@email.com,Female,23,Biology,83.8,56,82,66.3,69.7,60,73,70.1,C-,12,yes,High School,medium,4
1873,Jason,Kelly,jason.kelly1873@email.com,Female,21,Political Science,99.1,46,42,52.4,50.0,60,55,46.9,F,10,yes,Associate,medium,9
1874,Christina,Ramos,christina.ramos1874@email.com,Male,24,Mathematics,81.3,53,45,50.0,50.0,60,63,50.8,F,9,yes,Bachelor's,medium,6
1875,Amy,Johnson,amy.johnson1875@email.com,Male,21,Mathematics,94.4,95,88,82.6,70.2,81,85,88.1,B+,14,yes,Bachelor's,high,4
1876,Monica,Montgomery,monica.montgomery1876@email.com,Female,19,Psychology,79.0,40,40,50.0,50.0,60,50,43.5,F,15,yes,Bachelor's,high,4
1877,Taylor,Stanley,taylor.stanley1877@email.com,Female,20,Computer Science,85.7,59,53,56.6,50.0,60,50,55.1,F,12,yes,Bachelor's,medium,9
1878,Nicole,Hicks,nicole.hicks1878@email.com,Male,18,Engineering,76.0,60,56,62.4,65.1,60,50,57.9,F,16,yes,Associate,medium,7
1879,Mary,Wright,mary.wright1879@email.com,Male,22,Business,98.4,63,40,50.0,50.0,60,59,51.3,F,9,yes,Bachelor's,low,8
1880,Michael,Howard,michael.howard1880@email.com,Male,22,History,90.2,63,84,80.7,67.8,60,80,75.0,C,12,yes,Associate,low,8
1881,Andrea,Garrison,andrea.garrison1881@email.com,Female,20,Business,89.4,59,76,72.7,69.5,61,56,67.6,D,17,yes,Bachelor's,medium,8
1882,Shelly,Edwards,shelly.edwards1882@email.com,Female,21,Political Science,79.4,78,75,85.3,90.7,94,86,79.8,C+,13,no,Master's,medium,4
1883,Kristin,Hernandez,kristin.hernandez1883@email.com,Male,22,Biology,100.0,67,75,52.7,65.4,60,54,67.1,D,9,no,Master's,high,5
1884,Steven,Nguyen,steven.nguyen1884@email.com,Male,19,Political Science,71.4,77,62,59.8,70.1,67,58,66.6,D,18,yes,Bachelor's,medium,7
1885,Albert,Rojas,albert.rojas1885@email.com,Female,22,Political Science,77.9,62,55,55.5,50.0,66,50,57.0,F,10,yes,Master's,medium,6
1886,Joseph,Figueroa,joseph.figueroa1886@email.com,Female,24,Physics,88.8,66,62,77.0,78.0,68,70,66.7,D,18,yes,High School,high,6
1887,Dana,Moreno,dana.moreno1887@email.com,Female,18,Business,96.6,92,73,87.8,85.6,62,70,80.0,B-,18,yes,Bachelor's,medium,7
1888,Lauren,Gonzalez,lauren.gonzalez1888@email.com,Male,19,Economics,84.8,65,59,70.8,71.5,67,54,62.5,D,5,yes,Associate,high,9
1889,Michael,Griffith,michael.griffith1889@email.com,Male,19,Economics,67.4,40,53,56.0,67.0,60,64,51.6,F,15,yes,Bachelor's,medium,7
1890,Gerald,Summers,gerald.summers1890@email.com,Male,23,Computer Science,97.3,50,49,54.3,50.0,60,50,50.5,F,10,yes,Bachelor's,low,6
1891,Nicholas,Campbell,nicholas.campbell1891@email.com,Female,22,Physics,89.5,70,82,84.6,73.1,83,72,77.3,C+,15,yes,Bachelor's,high,5
1892,Clayton,Rush,clayton.rush1892@email.com,Female,21,Economics,88.2,83,72,89.5,70.1,60,57,74.9,C,8,yes,High School,low,4
1893,Lauren,Zhang,lauren.zhang1893@email.com,Female,19,Biology,85.2,47,51,56.6,50.0,60,50,50.7,F,19,yes,Associate,medium,7
1894,Christopher,Garcia,christopher.garcia1894@email.com,Male,21,English Literature,63.8,82,73,90.5,95.7,78,66,78.2,C+,12,yes,Bachelor's,high,7
1895,Donna,Tapia,donna.tapia1895@email.com,Male,22,Psychology,87.8,83,76,84.2,67.8,83,71,78.5,C+,9,yes,Associate,medium,1
1896,Darrell,Smith,darrell.smith1896@email.com,Male,20,Chemistry,89.3,82,64,88.7,90.3,68,79,75.0,C,5,yes,Associate,low,4
1897,Paul,Weber,paul.weber1897@email.com,Male,22,Political Science,75.6,77,79,90.2,93.5,70,71,79.1,C+,9,no,Bachelor's,medium,3
1898,Jennifer,Schmidt,jennifer.schmidt1898@email.com,Male,23,Chemistry,60.0,71,62,62.7,68.8,60,72,66.0,D,10,yes,High School,medium,8
1899,Brittany,Cobb,brittany.cobb1899@email.com,Female,18,Psychology,79.7,85,76,78.0,78.3,70,67,77.9,C+,17,yes,Bachelor's,low,1
1900,Calvin,Jefferson,calvin.jefferson1900@email.com,Female,18,Engineering,77.2,47,54,52.1,56.6,60,56,52.4,F,12,no,Associate,low,8
1901,Jackie,Schmidt,jackie.schmidt1901@email.com,Male,24,Psychology,83.9,55,65,72.9,84.5,60,68,63.9,D,20,no,High School,low,5
1902,Mary,Sanchez,mary.sanchez1902@email.com,Female,22,History,86.9,83,88,91.6,77.9,74,93,86.3,B,7,yes,Bachelor's,medium,6
1903,Amanda,Figueroa,amanda.figueroa1903@email.com,Female,24,History,86.7,64,77,70.6,76.7,76,75,72.2,C-,15,yes,Associate,medium,6
1904,Susan,Garrett,susan.garrett1904@email.com,Female,21,Political Science,96.8,52,56,70.9,83.4,60,67,59.0,F,10,yes,Bachelor's,high,7
1905,Linda,Watkins,linda.watkins1905@email.com,Female,22,Mathematics,89.2,58,52,53.0,50.0,61,51,54.2,F,16,yes,High School,low,5
1906,Michelle,Adams,michelle.adams1906@email.com,Female,22,Mathematics,64.5,86,81,88.0,81.9,85,75,82.9,B-,5,no,Bachelor's,high,5
1907,Rodney,Powers,rodney.powers1907@email.com,Male,18,Political Science,96.1,62,74,75.3,67.9,60,78,70.0,C-,9,yes,Associate,low,3
1908,Steven,Schneider,steven.schneider1908@email.com,Male,21,Economics,96.0,51,40,50.0,50.0,60,50,46.8,F,5,yes,Doctorate,medium,7
1909,Katrina,Foster,katrina.foster1909@email.com,Female,24,Engineering,78.1,57,53,70.4,60.5,60,62,57.6,F,20,yes,Associate,low,8
1910,Jessica,Wright,jessica.wright1910@email.com,Male,20,Economics,98.1,59,70,55.9,51.5,60,56,62.5,D,5,no,High School,low,9
1911,Kelly,Bush,kelly.bush1911@email.com,Female,22,Biology,81.2,51,45,58.1,62.7,60,50,50.2,F,14,yes,High School,low,7
1912,Christina,Romero,christina.romero1912@email.com,Male,23,Mathematics,87.0,69,80,84.1,77.6,60,69,75.0,C,11,yes,Associate,medium,5
1913,Kim,Murray,kim.murray1913@email.com,Female,21,Biology,83.5,44,68,66.5,65.7,68,64,60.2,D,14,yes,Bachelor's,low,6
1914,David,Decker,david.decker1914@email.com,Female,18,Computer Science,96.1,40,40,50.0,50.0,60,50,43.5,F,5,yes,High School,low,7
1915,John,Chapman,john.chapman1915@email.com,Male,18,Business,83.3,40,48,65.4,53.2,63,54,49.0,F,10,yes,Associate,medium,5
1916,Timothy,Rodriguez,timothy.rodriguez1916@email.com,Female,18,Chemistry,66.0,57,57,61.8,50.0,60,64,58.0,F,10,yes,Associate,medium,8
1917,Robin,Smith,robin.smith1917@email.com,Male,18,Mathematics,94.2,62,51,64.9,61.8,60,51,56.7,F,14,yes,Associate,medium,4
1918,Cody,Foster,cody.foster1918@email.com,Female,18,English Literature,100.0,71,64,65.1,60.9,60,81,67.6,D,16,yes,Master's,medium,7
1919,Kiara,Jordan,kiara.jordan1919@email.com,Female,20,Engineering,68.3,55,81,83.6,77.0,61,74,71.7,C-,12,yes,Bachelor's,medium,4
1920,Nathaniel,Kennedy,nathaniel.kennedy1920@email.com,Female,18,Business,92.2,70,84,68.3,65.6,79,81,76.8,C,10,yes,High School,low,5
1921,Adam,Mendez,adam.mendez1921@email.com,Male,23,English Literature,84.1,77,89,82.7,81.8,97,81,84.1,B,10,no,Master's,high,4
1922,Michael,Torres,michael.torres1922@email.com,Male,21,Mathematics,78.3,58,65,58.1,66.0,68,69,62.9,D,12,yes,Bachelor's,medium,7
1923,Alexander,Lawrence,alexander.lawrence1923@email.com,Female,22,Economics,94.0,52,56,52.4,50.0,60,50,53.7,F,12,yes,Bachelor's,medium,6
1924,Douglas,Mcclure,douglas.mcclure1924@email.com,Male,19,Physics,94.4,90,81,93.8,71.6,81,87,85.2,B,8,yes,Bachelor's,high,5
1925,Valerie,Rose,valerie.rose1925@email.com,Male,18,History,98.6,74,90,90.0,78.6,70,72,81.9,B-,22,yes,Bachelor's,medium,6
1926,Mark,Lee,mark.lee1926@email.com,Male,19,Engineering,83.2,93,83,78.5,80.1,79,73,84.3,B,12,yes,Bachelor's,medium,5
1927,Tristan,Torres,tristan.torres1927@email.com,Male,18,Biology,97.0,77,75,83.5,89.4,66,71,76.3,C,25,no,Associate,medium,6
1928,Shelly,Dalton,shelly.dalton1928@email.com,Female,19,Engineering,99.4,59,62,75.0,79.1,74,83,66.0,D,7,yes,Master's,high,4
1929,Robert,Dyer,robert.dyer1929@email.com,Female,23,History,94.5,49,55,50.0,50.5,70,57,53.5,F,6,yes,Master's,low,5
1930,Jacob,Whitehead,jacob.whitehead1930@email.com,Male,21,Chemistry,60.4,57,63,79.5,56.7,60,52,61.3,D,12,yes,Associate,medium,6
1931,Deanna,Cooley,deanna.cooley1931@email.com,Female,19,Business,95.1,49,51,50.0,50.0,60,50,50.6,F,5,yes,High School,low,6
1932,Steven,Sanford,steven.sanford1932@email.com,Male,22,Economics,89.3,71,60,54.4,74.1,72,88,66.9,D,11,no,High School,low,3
1933,Emily,Smith,emily.smith1933@email.com,Female,18,Engineering,93.0,48,41,50.0,50.0,60,50,46.3,F,12,yes,Doctorate,low,6
1934,Mary,Fuentes,mary.fuentes1934@email.com,Male,19,Computer Science,96.2,60,70,85.1,74.4,60,62,67.5,D,5,yes,Associate,medium,9
1935,Kelly,Robertson,kelly.robertson1935@email.com,Male,22,Political Science,80.4,61,75,89.5,79.2,80,89,74.2,C,19,yes,High School,low,6
1936,Laurie,Martinez,laurie.martinez1936@email.com,Female,19,Mathematics,87.3,83,62,94.2,85.1,81,76,75.1,C,19,yes,Associate,medium,5
1937,Michael,Rios,michael.rios1937@email.com,Female,20,Engineering,74.7,85,84,73.9,87.1,81,95,84.4,B,15,yes,High School,low,4
1938,Jacqueline,Poole,jacqueline.poole1938@email.com,Male,18,Psychology,67.5,62,65,50.3,59.3,60,51,60.7,D,9,no,Bachelor's,medium,6
1939,Regina,Norris,regina.norris1939@email.com,Male,22,Biology,89.3,82,82,86.8,69.3,61,73,80.0,C+,11,no,Associate,low,6
1940,Ronald,Garrett,ronald.garrett1940@email.com,Female,18,Engineering,85.5,47,60,74.7,54.9,71,57,57.6,F,7,yes,Associate,medium,4
1941,Dawn,Washington,dawn.washington1941@email.com,Male,22,Computer Science,86.5,46,57,50.0,57.2,60,58,53.3,F,10,no,Doctorate,low,7
1942,Jeffrey,White,jeffrey.white1942@email.com,Male,20,Physics,71.2,40,40,50.0,50.0,60,50,43.5,F,15,yes,Bachelor's,medium,7
1943,Emily,Frazier,emily.frazier1943@email.com,Male,19,Biology,73.6,83,64,88.5,72.0,69,79,74.4,C,8,no,Associate,medium,5
1944,Daisy,Montoya,daisy.montoya1944@email.com,Male,18,Mathematics,96.2,74,74,78.7,78.3,78,86,76.2,C,18,yes,Doctorate,medium,6
1945,Robert,Copeland,robert.copeland1945@email.com,Male,23,Economics,74.8,61,51,50.0,50.0,60,50,54.2,F,12,yes,Doctorate,high,6
1946,Sheri,Harrington,sheri.harrington1946@email.com,Female,23,Computer Science,77.5,81,63,81.7,67.6,60,76,71.7,C-,8,yes,Associate,low,4
1947,William,Moreno,william.moreno1947@email.com,Female,23,English Literature,96.3,69,69,83.2,61.2,83,59,69.8,D,12,yes,High School,high,6
1948,Jeremy,Martinez,jeremy.martinez1948@email.com,Female,18,Biology,84.7,77,99,87.1,68.6,74,76,86.2,B,19,yes,Master's,medium,7
1949,Kristin,Johnson,kristin.johnson1949@email.com,Female,24,Chemistry,77.9,77,82,90.8,93.3,79,100,83.6,B,13,yes,Associate,high,4
1950,Shawn,Oliver,shawn.oliver1950@email.com,Female,22,Computer Science,84.8,98,83,94.8,77.6,69,80,87.5,B+,10,yes,Associate,low,4
1951,Johnathan,Perez,johnathan.perez1951@email.com,Male,19,Biology,79.9,79,82,87.4,93.5,70,78,81.3,B-,8,yes,Associate,low,4
1952,Ricky,Davis,ricky.davis1952@email.com,Male,23,Political Science,82.1,43,64,66.3,62.1,72,75,59.4,F,10,no,Associate,medium,8
1953,Mary,Long,mary.long1953@email.com,Female,24,Physics,73.8,73,75,86.4,70.9,77,81,76.1,C,17,yes,Doctorate,medium,3
1954,Denise,Carter,denise.carter1954@email.com,Female,23,English Literature,91.4,65,50,63.8,50.0,60,58,57.2,F,16,yes,Master's,high,8
1955,Scott,Bryant,scott.bryant1955@email.com,Female,22,Biology,97.3,65,59,57.4,72.2,61,66,62.2,D,13,yes,Doctorate,low,5
1956,Amy,Fisher,amy.fisher1956@email.com,Female,18,Physics,74.2,63,50,51.4,50.0,60,50,54.5,F,5,yes,Bachelor's,medium,6
1957,Bryan,Martin,bryan.martin1957@email.com,Male,20,Political Science,75.4,49,65,51.2,56.7,64,52,57.1,F,6,yes,Master's,low,7
1958,Stephanie,Maxwell,stephanie.maxwell1958@email.com,Female,22,Computer Science,89.2,40,52,70.7,62.4,60,58,51.8,F,18,yes,Master's,high,9
1959,James,Robbins,james.robbins1959@email.com,Female,24,Economics,72.5,60,46,59.4,66.2,60,65,55.2,F,5,yes,Master's,high,6
1960,Robert,Pacheco,robert.pacheco1960@email.com,Female,22,Economics,74.4,82,74,75.8,75.7,69,81,77.2,C+,14,no,Master's,low,5
1961,Raymond,Martin,raymond.martin1961@email.com,Male,23,Economics,74.5,71,82,91.1,95.1,78,93,81.2,B-,11,yes,Bachelor's,low,5
1962,Angela,King,angela.king1962@email.com,Female,22,English Literature,74.7,81,80,85.1,62.5,61,76,78.7,C+,18,yes,Doctorate,low,6
1963,Adrian,Morton,adrian.morton1963@email.com,Female,19,History,96.0,66,86,79.9,84.5,62,87,78.3,C+,7,yes,High School,medium,5
1964,Vanessa,Hernandez,vanessa.hernandez1964@email.com,Male,23,Engineering,89.7,66,51,67.8,68.7,64,55,59.2,F,10,yes,Master's,medium,3
1965,Kelly,Briggs,kelly.briggs1965@email.com,Female,22,Computer Science,92.4,72,94,75.8,78.0,72,77,82.1,B-,11,yes,High School,low,7
1966,William,Coleman,william.coleman1966@email.com,Female,18,English Literature,92.7,80,75,90.6,71.7,62,79,77.8,C+,10,no,Bachelor's,high,7
1967,Kevin,Becker,kevin.becker1967@email.com,Male,20,History,81.1,74,67,68.8,66.4,67,65,69.2,D,14,yes,Master's,medium,7
1968,Katherine,Perry,katherine.perry1968@email.com,Male,22,Physics,77.4,51,71,60.7,59.9,75,78,64.4,D,14,no,Doctorate,high,7
1969,Raymond,George,raymond.george1969@email.com,Male,21,Biology,78.1,59,73,57.4,79.2,60,50,64.6,D,10,yes,Bachelor's,medium,6
1970,Megan,Hernandez,megan.hernandez1970@email.com,Male,20,Computer Science,84.9,63,57,64.6,51.6,67,52,59.4,F,18,yes,Bachelor's,low,8
1971,Monique,White,monique.white1971@email.com,Female,18,Engineering,86.3,58,67,78.8,62.0,68,65,65.2,D,15,yes,Bachelor's,high,7
1972,Amanda,Wilkerson,amanda.wilkerson1972@email.com,Female,24,Mathematics,78.0,69,62,73.2,74.6,82,81,68.8,D,17,yes,Bachelor's,medium,7
1973,Anthony,Clark,anthony.clark1973@email.com,Male,24,Engineering,91.9,85,79,72.6,81.4,60,85,80.0,B-,12,no,Bachelor's,medium,3
1974,Cody,Perez,cody.perez1974@email.com,Male,22,Biology,86.3,40,60,52.2,54.1,60,50,51.9,F,5,yes,Doctorate,high,4
1975,Blake,Nguyen,blake.nguyen1975@email.com,Female,21,Physics,76.4,67,80,83.3,78.5,73,94,77.4,C+,14,yes,High School,high,5
1976,Troy,Suarez,troy.suarez1976@email.com,Female,19,English Literature,75.4,61,63,63.7,52.6,60,65,62.1,D,8,yes,Associate,medium,5
1977,Lisa,Faulkner,lisa.faulkner1977@email.com,Female,22,English Literature,93.9,79,87,72.8,84.0,76,64,80.3,B-,10,yes,Bachelor's,medium,6
1978,Elizabeth,Cole,elizabeth.cole1978@email.com,Female,24,Business,76.2,55,88,90.3,71.3,80,71,75.4,C,12,yes,Bachelor's,high,5
1979,Scott,Boyer,scott.boyer1979@email.com,Male,22,English Literature,85.7,42,66,70.2,66.6,60,58,58.2,F,7,no,Associate,medium,7
1980,Lauren,Hinton,lauren.hinton1980@email.com,Male,18,Political Science,74.0,56,42,53.1,60.1,60,71,52.1,F,11,yes,High School,low,8
1981,Jerry,Clark,jerry.clark1981@email.com,Female,23,Economics,91.1,65,77,55.9,55.3,60,61,67.8,D,8,no,High School,medium,3
1982,Erin,Davis,erin.davis1982@email.com,Male,18,Chemistry,100.0,66,69,75.3,67.0,61,70,68.4,D,14,yes,Associate,low,4
1983,Mitchell,Warren,mitchell.warren1983@email.com,Male,20,Political Science,74.9,40,40,50.0,50.0,60,50,43.5,F,11,yes,Associate,low,5
1984,Scott,Malone,scott.malone1984@email.com,Male,20,Physics,91.0,56,55,73.2,56.0,60,50,56.9,F,7,yes,High School,low,6
1985,Nancy,Brown,nancy.brown1985@email.com,Male,19,English Literature,94.9,50,65,61.4,79.2,62,61,60.4,D,5,yes,High School,medium,7
1986,Danielle,Lang,danielle.lang1986@email.com,Female,22,Computer Science,81.6,69,76,92.3,85.7,71,78,76.1,C,7,no,Bachelor's,medium,6
1987,Rebecca,Walker,rebecca.walker1987@email.com,Female,23,Biology,100.0,74,95,80.3,67.5,77,94,84.9,B,18,yes,Associate,low,6
1988,Michael,Mendoza,michael.mendoza1988@email.com,Female,24,Computer Science,69.5,97,78,72.2,74.1,80,85,83.8,B,11,yes,Bachelor's,high,7
1989,Jessica,Moon,jessica.moon1989@email.com,Male,18,Engineering,75.0,81,74,74.1,81.2,73,87,77.8,C+,12,yes,Bachelor's,medium,4
1990,Billy,Cruz,billy.cruz1990@email.com,Male,23,English Literature,76.0,85,76,75.4,92.0,71,64,78.0,C+,9,yes,High School,medium,5
1991,Whitney,Stewart,whitney.stewart1991@email.com,Male,20,Computer Science,86.3,99,68,78.7,60.3,66,66,77.8,C+,13,yes,Master's,medium,3
1992,Andrea,Benton,andrea.benton1992@email.com,Male,18,Mathematics,92.1,40,58,64.5,63.2,60,52,53.0,F,12,yes,Bachelor's,low,5
1993,Penny,Chaney,penny.chaney1993@email.com,Male,24,Biology,87.1,80,76,94.2,90.5,85,66,79.2,C+,12,yes,Associate,medium,5
1994,Joshua,Perez,joshua.perez1994@email.com,Male,19,English Literature,67.8,46,56,50.0,50.0,60,50,51.7,F,10,yes,High School,low,3
1995,Linda,Bray,linda.bray1995@email.com,Female,24,Business,79.3,69,85,99.9,88.5,71,71,79.9,C+,11,yes,Bachelor's,low,6
1996,Brian,Watts,brian.watts1996@email.com,Male,22,History,89.0,90,84,86.5,89.7,72,80,85.4,B,16,yes,Bachelor's,medium,6
1997,Evelyn,Jones,evelyn.jones1997@email.com,Female,21,Business,91.9,66,71,91.2,84.4,78,78,73.3,C,5,yes,Associate,medium,5
1998,Kim,Hansen,kim.hansen1998@email.com,Male,23,Chemistry,87.5,75,90,81.0,84.3,79,64,81.2,B-,11,yes,Bachelor's,medium,4
1999,Elaine,Fisher,elaine.fisher1999@email.com,Male,22,Psychology,87.6,64,53,59.3,60.7,73,50,58.1,F,7,yes,Bachelor's,medium,9
2000,Jacob,Barber,jacob.barber2000@email.com,Male,21,Engineering,76.0,59,43,57.5,52.8,60,50,51.3,F,11,yes,Bachelor's,low,7
2001,Brenda,Sanders,brenda.sanders2001@email.com,Male,20,History,77.9,53,41,50.0,50.0,60,50,47.8,F,10,yes,Associate,low,7
2002,William,Mooney,william.mooney2002@email.com,Female,21,Business,66.4,87,73,90.1,81.6,65,62,77.9,C+,12,yes,Bachelor's,medium,5
2003,Taylor,Alvarez,taylor.alvarez2003@email.com,Male,23,Physics,78.0,86,51,82.1,69.7,68,79,69.2,D,12,no,High School,low,7
2004,Cody,Campbell,cody.campbell2004@email.com,Male,24,Biology,98.3,78,56,50.8,50.0,60,67,63.1,D,6,yes,Bachelor's,medium,8
2005,Jennifer,Smith,jennifer.smith2005@email.com,Female,20,Biology,100.0,67,78,79.1,86.7,90,68,74.9,C,14,yes,Bachelor's,medium,4
2006,Gary,Wade,gary.wade2006@email.com,Male,20,Mathematics,96.8,64,68,67.7,68.1,74,84,68.8,D,13,yes,Bachelor's,medium,6
2007,Joshua,Johnson,joshua.johnson2007@email.com,Female,19,Chemistry,80.1,66,53,66.6,60.4,60,59,59.6,F,15,no,Bachelor's,high,8
2008,Jodi,Cox,jodi.cox2008@email.com,Male,21,Computer Science,84.8,49,40,68.3,71.3,60,50,49.1,F,11,no,Bachelor's,low,9
2009,Jason,Smith,jason.smith2009@email.com,Male,23,Business,82.0,77,67,100.0,78.1,89,93,77.6,C+,13,yes,Doctorate,medium,6
2010,Jesse,Webb,jesse.webb2010@email.com,Male,21,Engineering,100.0,49,52,54.4,50.0,62,60,52.6,F,6,yes,Bachelor's,medium,7
2011,William,Benson,william.benson2011@email.com,Female,21,History,77.5,66,79,81.5,74.8,62,81,74.5,C,12,no,Master's,medium,4
2012,Amanda,Barker,amanda.barker2012@email.com,Female,24,History,91.7,67,73,72.4,66.7,76,59,69.6,D,9,yes,High School,low,4
2013,Stephanie,Brown,stephanie.brown2013@email.com,Male,18,Psychology,97.9,70,90,76.9,89.2,81,82,81.5,B-,15,no,Doctorate,high,3
2014,David,White,david.white2014@email.com,Female,19,Physics,74.3,63,70,62.2,50.0,60,50,63.6,D,19,no,Master's,high,6
2015,Gregory,Lyons,gregory.lyons2015@email.com,Male,24,Psychology,78.1,48,52,51.6,54.5,65,50,51.4,F,12,yes,Associate,medium,7
2016,Clifford,Rivera,clifford.rivera2016@email.com,Female,23,Political Science,90.7,71,91,77.2,83.7,69,65,79.6,C+,14,yes,Associate,medium,4
2017,Crystal,Reese,crystal.reese2017@email.com,Male,20,Chemistry,93.3,76,65,76.1,66.0,60,65,69.2,D,9,yes,High School,low,6
2018,Elizabeth,Brady,elizabeth.brady2018@email.com,Male,24,Mathematics,62.0,82,69,96.0,65.6,80,85,77.6,C+,12,yes,High School,low,3
2019,Alice,Martinez,alice.martinez2019@email.com,Female,22,Computer Science,100.0,78,85,72.8,80.0,68,93,81.5,B-,6,yes,Associate,high,7
2020,Erin,Taylor,erin.taylor2020@email.com,Female,21,Mathematics,81.6,88,83,92.8,62.0,76,83,84.1,B,13,yes,High School,low,2
2021,John,Smith,john.smith2021@email.com,Male,23,Chemistry,73.4,40,40,50.0,50.0,60,50,43.5,F,14,yes,Associate,high,4
2022,Anne,Dickson,anne.dickson2022@email.com,Male,22,Computer Science,93.1,78,77,75.1,64.1,70,74,75.8,C,14,yes,High School,low,6
2023,Amanda,Webb,amanda.webb2023@email.com,Male,19,Computer Science,78.5,52,50,50.0,53.1,60,50,51.3,F,5,yes,Associate,high,4
2024,Melissa,Sosa,melissa.sosa2024@email.com,Male,20,Chemistry,85.5,93,70,88.2,83.8,84,87,81.9,B-,20,yes,Bachelor's,high,5
2025,Troy,Kennedy,troy.kennedy2025@email.com,Male,22,Chemistry,95.8,83,79,84.8,79.9,69,65,79.0,C+,21,yes,Master's,high,6
2026,Melissa,Santiago,melissa.santiago2026@email.com,Female,24,Political Science,83.6,85,68,82.6,81.8,87,93,78.8,C+,14,yes,High School,low,5
2027,Karen,Johnson,karen.johnson2027@email.com,Male,19,Physics,95.2,78,73,82.1,75.6,74,74,75.7,C,7,yes,High School,low,5
2028,Michele,Wright,michele.wright2028@email.com,Female,24,Chemistry,98.0,72,66,88.1,71.5,81,60,70.6,C-,14,yes,Doctorate,medium,6
2029,Michael,Atkinson,michael.atkinson2029@email.com,Male,22,Computer Science,90.1,73,63,80.6,64.4,64,64,68.0,D,8,yes,Bachelor's,medium,5
2030,Sean,Gibson,sean.gibson2030@email.com,Female,24,Mathematics,87.2,88,63,85.4,78.7,64,84,75.8,C,17,yes,High School,medium,7
2031,Kimberly,Pace,kimberly.pace2031@email.com,Female,23,Mathematics,85.7,52,64,73.6,80.0,60,50,60.6,D,7,no,Doctorate,high,7
2032,Joanne,Klein,joanne.klein2032@email.com,Female,20,Physics,93.1,78,75,86.3,78.1,82,89,79.0,C+,18,yes,Bachelor's,medium,7
2033,Bruce,Love,bruce.love2033@email.com,Male,24,Mathematics,95.7,86,90,90.5,77.6,82,92,88.1,B+,20,no,Bachelor's,medium,8
2034,Daniel,Smith,daniel.smith2034@email.com,Female,23,Psychology,93.0,40,45,50.0,50.0,60,50,45.5,F,5,yes,High School,medium,6
2035,Brian,Morris,brian.morris2035@email.com,Female,22,Economics,78.1,57,47,53.8,50.0,60,50,51.8,F,13,yes,Bachelor's,medium,4
2036,Edward,Hughes,edward.hughes2036@email.com,Female,23,Psychology,65.6,84,75,94.5,88.6,74,62,79.0,C+,15,yes,Associate,low,4
2037,Kayla,Daniels,kayla.daniels2037@email.com,Male,19,Physics,66.2,54,64,50.0,65.7,60,50,58.1,F,8,yes,High School,low,7
2038,Mary,Harding,mary.harding2038@email.com,Male,19,Business,85.3,64,65,75.0,72.5,69,63,66.2,D,13,yes,Associate,low,8
2039,Gene,Stokes,gene.stokes2039@email.com,Female,23,History,72.1,78,63,60.5,61.2,60,50,65.7,D,13,yes,Bachelor's,low,6
2040,Patrick,Hawkins,patrick.hawkins2040@email.com,Female,24,Economics,80.4,77,77,91.2,98.4,85,88,81.1,B-,20,yes,Bachelor's,low,5
2041,Sheri,Norman,sheri.norman2041@email.com,Female,20,Psychology,63.2,70,57,59.8,57.9,60,67,62.4,D,14,yes,Associate,medium,6
2042,Beverly,George,beverly.george2042@email.com,Male,20,Psychology,74.0,40,40,50.0,50.0,60,50,43.5,F,8,yes,Associate,medium,7
2043,Jonathan,Ross,jonathan.ross2043@email.com,Female,24,Psychology,100.0,60,56,73.6,62.7,60,61,60.0,D,10,yes,Associate,medium,6
2044,Shelby,Lawson,shelby.lawson2044@email.com,Female,24,Chemistry,96.6,53,48,61.7,55.1,60,50,52.0,F,8,no,High School,low,7
2045,Jessica,Richardson,jessica.richardson2045@email.com,Female,18,Physics,94.4,69,76,59.3,67.1,68,63,70.2,C-,13,yes,High School,low,6
2046,Christy,Scott,christy.scott2046@email.com,Male,18,Biology,67.9,40,46,54.4,50.0,60,50,46.3,F,8,yes,Bachelor's,high,4
2047,Brian,Garner,brian.garner2047@email.com,Male,19,Biology,84.4,82,63,85.8,70.9,69,70,72.5,C-,14,yes,High School,high,6
2048,Adam,Long,adam.long2048@email.com,Male,24,Chemistry,86.0,81,64,70.0,64.5,60,68,70.0,C-,16,yes,High School,low,5
2049,Timothy,Douglas,timothy.douglas2049@email.com,Male,19,English Literature,81.5,64,50,76.2,71.8,60,52,58.7,F,20,yes,Associate,medium,7
2050,Bill,Hall,bill.hall2050@email.com,Female,22,Physics,64.5,77,78,90.2,66.1,73,94,79.8,C+,13,yes,Doctorate,medium,4
2051,Troy,Wilson,troy.wilson2051@email.com,Female,19,Computer Science,82.8,58,52,56.6,50.0,60,52,54.6,F,11,yes,Associate,medium,5
2052,William,Shepard,william.shepard2052@email.com,Female,23,Business,60.0,66,99,80.1,74.9,70,80,82.8,B-,12,yes,Master's,high,2
2053,Jim,Huffman,jim.huffman2053@email.com,Male,21,Psychology,100.0,57,48,50.0,54.0,60,54,52.4,F,14,yes,Doctorate,medium,5
2054,Nicholas,Wilkerson,nicholas.wilkerson2054@email.com,Male,18,Business,87.1,88,90,87.3,77.3,60,93,87.3,B+,11,yes,Bachelor's,low,1
2055,Barbara,Williams,barbara.williams2055@email.com,Male,19,Psychology,98.6,58,56,51.7,61.2,60,63,57.4,F,16,yes,Associate,low,5
2056,Devon,Bell,devon.bell2056@email.com,Female,24,Political Science,80.1,85,72,76.2,74.5,68,59,75.0,C,13,yes,Bachelor's,high,5
2057,John,Rodriguez,john.rodriguez2057@email.com,Male,20,Chemistry,64.5,67,76,88.6,97.8,76,62,74.3,C,15,yes,Bachelor's,high,6
2058,Patricia,Harris,patricia.harris2058@email.com,Female,21,Physics,62.7,63,77,76.9,54.8,76,71,71.1,C-,14,yes,Master's,medium,2
2059,Amanda,Lane,amanda.lane2059@email.com,Male,20,Chemistry,100.0,41,40,50.4,50.0,60,50,43.9,F,10,yes,Master's,low,6
2060,Misty,Hernandez,misty.hernandez2060@email.com,Female,21,Political Science,100.0,91,74,90.1,90.5,94,82,83.4,B,16,yes,Bachelor's,low,4
2061,Nicholas,Powell,nicholas.powell2061@email.com,Female,21,Chemistry,76.3,40,40,50.0,50.0,60,50,43.5,F,5,yes,Associate,low,7
2062,Jerry,Le,jerry.le2062@email.com,Female,22,Political Science,76.7,60,82,83.8,70.6,98,83,76.0,C,5,yes,Associate,medium,3
2063,Timothy,Mitchell,timothy.mitchell2063@email.com,Male,24,History,96.8,91,70,77.6,86.3,81,88,80.3,B-,15,yes,Master's,medium,5
2064,Anna,Oconnell,anna.oconnell2064@email.com,Male,20,Chemistry,89.0,40,40,50.0,50.0,60,50,43.5,F,12,yes,Bachelor's,medium,9
2065,Alexandra,Ray,alexandra.ray2065@email.com,Female,20,Business,95.4,54,59,71.4,69.1,78,68,61.1,D,13,no,High School,low,5
2066,Anthony,Lopez,anthony.lopez2066@email.com,Female,19,Physics,88.2,44,40,50.0,51.3,60,50,44.8,F,8,yes,Associate,medium,8
2067,Ashley,Goodman,ashley.goodman2067@email.com,Female,19,English Literature,84.7,66,74,73.1,62.3,60,56,68.5,D,10,yes,High School,high,8
2068,Taylor,Williams,taylor.williams2068@email.com,Male,18,English Literature,75.0,47,62,62.1,50.8,60,54,56.1,F,11,yes,High School,medium,7
2069,Angela,Ross,angela.ross2069@email.com,Female,24,Computer Science,84.7,48,40,51.4,50.0,60,50,46.0,F,11,yes,High School,low,5
2070,Dustin,Garcia,dustin.garcia2070@email.com,Female,24,Biology,72.4,41,40,50.0,54.8,60,50,44.0,F,8,yes,High School,low,6
2071,Eric,Wilson,eric.wilson2071@email.com,Male,21,Psychology,74.6,81,76,80.1,80.1,82,80,78.9,C+,16,yes,Associate,low,7
2072,Ryan,Taylor,ryan.taylor2072@email.com,Male,23,Chemistry,89.1,65,62,62.4,64.7,60,64,63.2,D,15,yes,Bachelor's,high,8
2073,Steven,Foster,steven.foster2073@email.com,Male,24,Engineering,60.7,73,72,76.8,74.1,67,74,72.9,C-,15,yes,Associate,low,4
2074,Renee,Williams,renee.williams2074@email.com,Male,19,Business,71.7,52,69,68.6,71.0,60,78,64.5,D,8,yes,Doctorate,high,6
2075,Angela,Roberts,angela.roberts2075@email.com,Male,18,Physics,77.0,40,40,51.1,50.0,60,50,43.6,F,8,yes,Master's,medium,6
2076,Holly,Smith,holly.smith2076@email.com,Female,21,Mathematics,76.9,68,62,87.2,69.9,64,61,66.8,D,11,yes,Master's,medium,7
2077,Christine,Sutton,christine.sutton2077@email.com,Male,21,Economics,84.6,52,51,67.9,61.3,60,72,56.1,F,12,yes,Associate,medium,8
2078,Anthony,Edwards,anthony.edwards2078@email.com,Male,18,Computer Science,72.8,43,40,61.6,50.0,60,50,45.6,F,11,yes,Bachelor's,high,8
2079,Cassandra,Jones,cassandra.jones2079@email.com,Female,19,History,71.2,88,93,100.0,92.2,85,68,89.4,B+,19,yes,Bachelor's,high,4
2080,Sara,Mendez,sara.mendez2080@email.com,Female,20,Psychology,100.0,70,74,82.1,79.3,70,85,74.9,C,7,no,High School,medium,3
2081,Philip,Jackson,philip.jackson2081@email.com,Male,22,Biology,91.6,99,76,80.1,71.2,80,79,83.6,B,16,yes,Master's,medium,6
2082,Andrew,Cox,andrew.cox2082@email.com,Female,22,Political Science,87.7,80,64,69.5,67.0,60,69,69.9,D,10,yes,Master's,high,6
2083,David,Vasquez,david.vasquez2083@email.com,Female,20,History,89.3,45,58,58.3,53.1,60,61,54.3,F,13,yes,Master's,high,6
2084,Austin,Mcpherson,austin.mcpherson2084@email.com,Female,22,Physics,87.5,60,77,65.1,65.8,75,58,68.3,D,5,yes,Associate,low,8
2085,Matthew,Joseph,matthew.joseph2085@email.com,Female,18,Psychology,96.3,69,69,65.9,65.2,60,50,66.2,D,17,yes,Bachelor's,medium,9
2086,Donna,Fernandez,donna.fernandez2086@email.com,Male,23,Business,97.6,66,70,66.4,55.7,60,72,67.5,D,5,yes,High School,medium,6
2087,Alan,Garcia,alan.garcia2087@email.com,Male,18,Biology,97.6,68,59,58.9,66.5,66,59,62.5,D,15,yes,Bachelor's,high,7
2088,Jennifer,Powers,jennifer.powers2088@email.com,Male,23,Political Science,78.9,49,62,66.1,52.8,60,52,57.0,F,12,yes,Master's,medium,10
2089,Perry,Garcia,perry.garcia2089@email.com,Female,21,Business,77.5,54,46,52.9,50.0,60,67,52.2,F,9,yes,Bachelor's,high,8
2090,Nicholas,Best,nicholas.best2090@email.com,Female,22,Engineering,76.3,75,86,88.1,86.5,95,89,83.8,B,9,yes,Bachelor's,medium,6
2091,Lori,Orr,lori.orr2091@email.com,Female,24,Business,95.9,72,93,98.2,86.1,94,99,87.6,B+,14,yes,Associate,medium,4
2092,Christina,Berry,christina.berry2092@email.com,Male,19,Psychology,74.3,61,73,71.6,62.9,78,62,68.0,D,12,yes,Associate,low,7
2093,Colin,Hale,colin.hale2093@email.com,Female,23,Business,86.6,83,85,85.6,87.2,60,73,82.2,B-,11,yes,Associate,medium,4
2094,Kathleen,Perez,kathleen.perez2094@email.com,Male,23,Business,97.8,57,40,50.0,55.6,60,50,48.9,F,9,yes,High School,low,8
2095,Becky,Anderson,becky.anderson2095@email.com,Male,22,Chemistry,78.7,88,64,78.2,65.6,60,82,74.4,C,13,no,Associate,medium,5
2096,Kent,Burke,kent.burke2096@email.com,Female,24,Engineering,75.0,76,67,88.8,57.1,67,69,71.6,C-,9,yes,Associate,low,4
2097,Chris,Welch,chris.welch2097@email.com,Female,18,Mathematics,92.6,70,81,77.3,84.3,71,66,75.6,C,10,no,Associate,medium,1
2098,Patricia,Marshall,patricia.marshall2098@email.com,Male,23,Mathematics,80.5,49,45,50.0,50.0,60,50,48.3,F,10,yes,Master's,high,10
2099,Kathryn,Richardson,kathryn.richardson2099@email.com,Male,20,Biology,84.0,85,70,85.5,80.5,86,91,79.6,C+,13,yes,Bachelor's,low,2
2100,Jasmine,Reed,jasmine.reed2100@email.com,Male,23,Engineering,75.5,80,93,90.0,72.7,82,75,85.5,B,8,yes,High School,medium,6
2101,Michelle,Alexander,michelle.alexander2101@email.com,Female,24,Mathematics,74.0,59,81,86.6,82.9,84,53,72.5,C-,13,yes,High School,medium,3
2102,Jennifer,Snyder,jennifer.snyder2102@email.com,Male,23,English Literature,67.3,74,83,88.9,76.3,68,79,79.5,C+,12,yes,Associate,medium,6
2103,Vanessa,Wilson,vanessa.wilson2103@email.com,Male,22,English Literature,80.1,79,51,50.0,63.9,66,60,61.6,D,12,no,Master's,high,4
2104,Kelly,Powell,kelly.powell2104@email.com,Male,18,Business,92.4,62,75,67.3,74.2,74,72,70.0,D,11,no,Associate,medium,5
2105,Connie,Chapman,connie.chapman2105@email.com,Male,24,Computer Science,95.6,55,58,50.0,50.0,60,50,55.2,F,6,yes,Bachelor's,medium,9
2106,Michelle,Berry,michelle.berry2106@email.com,Male,24,Chemistry,92.9,50,52,50.0,50.0,60,58,52.2,F,7,no,Associate,high,9
2107,Nancy,Rodgers,nancy.rodgers2107@email.com,Male,18,Business,89.0,79,65,89.6,79.0,68,96,75.7,C,16,yes,High School,low,5
2108,Tonya,Brown,tonya.brown2108@email.com,Male,20,English Literature,100.0,88,78,93.9,71.7,86,89,83.8,B,9,yes,Associate,medium,4
2109,Jodi,Scott,jodi.scott2109@email.com,Male,19,English Literature,80.5,61,50,58.8,66.1,60,50,55.5,F,16,yes,High School,low,9
2110,Oscar,Underwood,oscar.underwood2110@email.com,Female,18,Economics,82.0,50,40,51.5,50.0,60,50,46.7,F,11,yes,High School,low,7
2111,Bobby,Griffin,bobby.griffin2111@email.com,Male,22,History,72.5,48,47,57.2,50.0,60,50,49.4,F,7,yes,Associate,low,7
2112,Jared,Sellers,jared.sellers2112@email.com,Female,20,Engineering,85.0,88,83,91.5,77.2,70,75,83.7,B,9,yes,High School,low,6
2113,Stephanie,Chang,stephanie.chang2113@email.com,Female,20,Mathematics,85.6,76,64,83.0,67.7,80,65,70.7,C-,12,yes,Associate,low,3
2114,Jason,Flores,jason.flores2114@email.com,Male,23,Business,88.5,71,79,78.2,75.1,80,84,77.0,C,14,yes,High School,low,5
2115,Kathryn,Jones,kathryn.jones2115@email.com,Female,24,English Literature,95.8,61,59,50.0,67.7,60,64,59.7,F,6,no,High School,medium,5
2116,Jill,Vincent,jill.vincent2116@email.com,Male,18,Business,68.9,86,73,84.9,79.9,90,100,82.0,B-,9,yes,Bachelor's,medium,6
2117,Lisa,Lowery,lisa.lowery2117@email.com,Male,21,Political Science,88.8,69,65,75.1,59.0,60,56,65.8,D,11,yes,Doctorate,medium,8
2118,David,Jacobs,david.jacobs2118@email.com,Male,19,Biology,91.4,80,82,80.2,70.7,68,66,78.4,C+,13,yes,Bachelor's,high,6
2119,Travis,Thompson,travis.thompson2119@email.com,Female,19,English Literature,84.8,79,80,75.3,81.1,77,84,79.6,C+,11,yes,Master's,high,4
2120,William,Wiggins,william.wiggins2120@email.com,Male,22,Chemistry,99.3,40,48,58.7,50.0,60,50,47.6,F,5,no,Bachelor's,low,6
2121,Joseph,Marshall,joseph.marshall2121@email.com,Female,24,English Literature,79.8,90,68,78.2,84.0,75,87,78.7,C+,11,yes,Associate,medium,5
2122,Jesus,Norton,jesus.norton2122@email.com,Female,22,Business,98.1,76,59,71.1,57.2,60,51,64.5,D,8,yes,Bachelor's,medium,6
2123,Jason,Ferguson,jason.ferguson2123@email.com,Male,21,Physics,69.0,99,73,77.4,82.7,63,89,82.9,B-,9,no,Bachelor's,low,5
2124,Sheila,Richardson,sheila.richardson2124@email.com,Male,21,Biology,92.6,65,67,85.2,79.4,73,81,70.6,C-,20,yes,Associate,low,4
2125,Danielle,Kelly,danielle.kelly2125@email.com,Male,21,History,88.6,69,67,60.8,56.5,60,69,66.4,D,11,yes,High School,low,9
2126,James,Klein,james.klein2126@email.com,Female,18,Biology,100.0,74,74,72.1,68.9,90,66,73.6,C,5,yes,High School,low,3
2127,Linda,Juarez,linda.juarez2127@email.com,Male,20,Physics,76.1,40,57,58.7,57.5,60,50,51.6,F,8,yes,Bachelor's,high,6
2128,Nathan,Fritz,nathan.fritz2128@email.com,Female,19,Political Science,66.5,61,60,54.1,64.6,60,50,58.9,F,9,yes,Associate,high,4
2129,Andrew,Perry,andrew.perry2129@email.com,Female,20,English Literature,85.6,63,55,67.2,68.2,60,55,59.5,F,15,yes,High School,medium,6
2130,Christopher,Shepard,christopher.shepard2130@email.com,Female,23,English Literature,71.3,63,49,67.8,60.2,60,64,57.7,F,14,yes,Master's,high,7
2131,Kenneth,Nash,kenneth.nash2131@email.com,Male,23,Political Science,96.4,85,73,74.1,70.0,71,80,77.2,C+,14,yes,Associate,medium,5
2132,Seth,Stewart,seth.stewart2132@email.com,Male,18,English Literature,80.5,64,88,84.7,87.0,77,63,77.5,C+,12,yes,Master's,high,5
2133,James,Kelly,james.kelly2133@email.com,Male,24,History,85.4,91,81,77.5,71.1,80,80,83.0,B,6,no,Bachelor's,high,6
2134,William,Pineda,william.pineda2134@email.com,Male,23,Psychology,90.6,49,57,50.6,57.6,60,50,53.4,F,8,yes,High School,medium,8
2135,Kenneth,Hopkins,kenneth.hopkins2135@email.com,Female,18,Engineering,82.7,49,40,50.0,50.0,60,50,46.2,F,16,no,High School,high,6
2136,Paul,Landry,paul.landry2136@email.com,Male,18,Physics,90.5,77,72,82.6,79.5,82,74,75.8,C,10,yes,High School,low,5
2137,Christopher,Alexander,christopher.alexander2137@email.com,Male,21,Physics,100.0,85,78,85.9,70.5,69,90,81.4,B-,14,no,Associate,medium,2
2138,Joseph,Sanders,joseph.sanders2138@email.com,Female,18,Biology,78.3,86,86,91.8,78.8,79,83,85.6,B,8,yes,High School,low,3
2139,Jonathan,Heath,jonathan.heath2139@email.com,Female,19,Mathematics,90.1,40,40,56.0,50.0,60,50,44.1,F,15,yes,Associate,medium,6
2140,Brooke,Gilbert,brooke.gilbert2140@email.com,Female,21,English Literature,78.4,49,64,62.5,50.0,60,50,57.1,F,7,yes,Master's,low,7
2141,Micheal,Hamilton,micheal.hamilton2141@email.com,Female,18,Engineering,92.5,89,75,83.8,78.4,90,67,80.3,B-,12,yes,Bachelor's,high,4
2142,Brian,Wood,brian.wood2142@email.com,Female,20,Mathematics,89.9,45,60,51.0,50.0,60,53,53.5,F,5,yes,Associate,medium,5
2143,Michael,Johnson,michael.johnson2143@email.com,Female,23,Mathematics,64.4,62,58,54.8,56.8,70,56,59.3,F,5,yes,Master's,high,6
2144,Amy,Haney,amy.haney2144@email.com,Male,21,Business,75.3,63,71,57.3,52.2,67,50,64.1,D,5,no,High School,medium,6
2145,Karen,Newton,karen.newton2145@email.com,Female,22,History,93.2,67,71,56.8,51.4,60,51,64.9,D,19,yes,Bachelor's,medium,9
2146,Patrick,Mcfarland,patrick.mcfarland2146@email.com,Male,24,Biology,70.1,47,46,56.3,50.0,60,50,48.6,F,8,yes,Associate,medium,4
2147,Sandra,Wells,sandra.wells2147@email.com,Female,21,Business,91.4,89,93,78.6,70.5,66,79,86.6,B,15,yes,Associate,medium,7
2148,Christopher,Grimes,christopher.grimes2148@email.com,Female,19,Mathematics,84.8,71,53,59.1,66.1,60,61,60.9,D,18,yes,High School,medium,9
2149,Jill,Hernandez,jill.hernandez2149@email.com,Male,24,Computer Science,83.1,66,54,66.1,64.0,60,70,61.2,D,15,yes,Associate,low,6
2150,Jill,Williams,jill.williams2150@email.com,Female,20,Psychology,93.7,79,80,90.9,87.0,87,85,82.1,B-,14,yes,Associate,medium,5
2151,Diana,Holt,diana.holt2151@email.com,Female,21,Political Science,80.1,71,66,74.6,76.4,67,63,68.7,D,12,no,Associate,medium,2
2152,Rodney,Manning,rodney.manning2152@email.com,Male,20,Business,83.2,85,74,98.3,73.5,68,91,81.2,B-,9,yes,Doctorate,high,7
2153,Michelle,Schwartz,michelle.schwartz2153@email.com,Male,23,Business,76.3,82,93,67.4,79.4,67,80,83.9,B,17,yes,Associate,high,6
2154,Deanna,Kim,deanna.kim2154@email.com,Female,21,Biology,75.1,68,80,90.5,66.5,85,88,77.9,C+,7,yes,Bachelor's,medium,5
2155,Joseph,Perez,joseph.perez2155@email.com,Female,19,Economics,70.3,59,55,66.2,59.5,60,55,57.9,F,10,yes,Bachelor's,medium,6
2156,David,Daugherty,david.daugherty2156@email.com,Female,23,Political Science,79.1,57,61,74.4,55.9,60,63,61.1,D,8,yes,High School,low,6
2157,Thomas,Mccann,thomas.mccann2157@email.com,Female,18,Political Science,85.7,40,45,50.0,50.0,60,55,46.0,F,10,no,Associate,low,6
2158,Amber,Lee,amber.lee2158@email.com,Female,24,English Literature,85.9,88,76,78.5,72.8,69,66,78.4,C+,11,yes,High School,medium,6
2159,Christopher,Young,christopher.young2159@email.com,Male,22,Biology,94.3,64,64,79.0,72.2,60,52,64.6,D,8,yes,Master's,medium,9
2160,Angel,Johnson,angel.johnson2160@email.com,Male,21,Biology,74.2,65,69,66.4,78.3,63,59,66.8,D,14,yes,Associate,low,6
2161,Matthew,Weiss,matthew.weiss2161@email.com,Male,23,Computer Science,73.0,47,46,50.0,56.3,60,55,48.9,F,15,yes,High School,low,8
2162,Lindsey,Maynard,lindsey.maynard2162@email.com,Female,22,Business,81.6,58,70,86.7,67.5,82,75,69.1,D,13,yes,Doctorate,medium,5
2163,Debra,Clark,debra.clark2163@email.com,Male,20,Economics,73.2,80,73,85.2,69.6,70,80,76.7,C,21,yes,Doctorate,high,3
2164,James,Williams,james.williams2164@email.com,Male,19,Business,98.1,73,73,73.8,74.3,60,67,71.9,C-,12,yes,High School,low,5
2165,Jennifer,King,jennifer.king2165@email.com,Female,24,History,81.6,79,68,72.8,68.3,60,73,71.9,C-,12,no,Associate,medium,2
2166,Jean,Singh,jean.singh2166@email.com,Male,23,Engineering,85.3,40,40,50.0,50.0,60,50,43.5,F,8,yes,Bachelor's,medium,8
2167,Joshua,Mathis,joshua.mathis2167@email.com,Female,23,Mathematics,83.8,84,81,88.5,77.2,85,83,83.0,B-,13,yes,High School,low,5
2168,Brendan,Yates,brendan.yates2168@email.com,Female,21,Political Science,84.6,69,56,52.3,54.9,60,59,60.0,D,7,yes,Doctorate,medium,7
2169,Stacy,Murphy,stacy.murphy2169@email.com,Female,20,Computer Science,68.4,40,49,50.0,50.0,60,50,47.1,F,6,yes,Bachelor's,low,5
2170,Mary,Allen,mary.allen2170@email.com,Female,23,Economics,80.1,65,84,78.7,70.2,64,73,75.0,C,19,no,Associate,medium,4
2171,Anna,Green,anna.green2171@email.com,Female,18,Mathematics,79.9,48,47,58.8,51.0,63,50,49.8,F,14,no,High School,low,8
2172,Sheila,Greene,sheila.greene2172@email.com,Male,24,Physics,87.5,62,75,90.0,76.8,78,90,74.4,C,12,yes,Bachelor's,medium,7
2173,Melanie,Lewis,melanie.lewis2173@email.com,Male,24,Psychology,72.6,40,40,50.0,50.0,60,50,43.5,F,10,yes,Associate,medium,6
2174,Robert,Wallace,robert.wallace2174@email.com,Male,18,Computer Science,85.7,87,74,70.2,79.3,60,71,76.9,C,11,yes,Master's,medium,3
2175,James,Gomez,james.gomez2175@email.com,Male,20,Biology,65.5,66,55,66.1,55.3,66,66,61.1,D,8,yes,Doctorate,high,7
2176,Michael,Gay,michael.gay2176@email.com,Female,22,English Literature,79.2,92,81,85.9,89.0,87,75,85.0,B,7,yes,Associate,high,6
2177,Elizabeth,Keith,elizabeth.keith2177@email.com,Male,21,Engineering,90.0,55,50,55.9,50.0,62,50,52.7,F,15,no,High School,low,10
2178,Omar,Griffith,omar.griffith2178@email.com,Female,20,Engineering,81.4,48,64,60.0,59.4,60,58,57.8,F,9,yes,Bachelor's,medium,7
2179,Cathy,Burton,cathy.burton2179@email.com,Female,21,Psychology,83.6,84,63,70.4,100.0,67,59,71.7,C-,9,yes,High School,medium,3
2180,Charles,Pineda,charles.pineda2180@email.com,Male,19,Biology,73.4,51,40,50.0,58.6,60,52,47.5,F,9,yes,High School,medium,7
2181,Laura,Liu,laura.liu2181@email.com,Male,20,Engineering,88.1,78,72,93.0,77.2,60,86,77.0,C,8,yes,Bachelor's,low,4
2182,Randy,Villegas,randy.villegas2182@email.com,Female,24,History,98.3,62,72,78.5,81.5,60,75,69.9,D,22,yes,Doctorate,medium,5
2183,Alicia,Walker,alicia.walker2183@email.com,Female,22,Psychology,89.5,91,85,77.6,93.6,66,74,84.6,B,9,yes,Associate,medium,4
2184,Heidi,Anderson,heidi.anderson2184@email.com,Female,18,Chemistry,100.0,67,87,85.1,72.2,78,68,77.8,C+,17,yes,Master's,medium,5
2185,Vincent,Keith,vincent.keith2185@email.com,Female,20,Physics,98.3,70,71,91.4,60.4,60,50,69.6,D,17,yes,Master's,high,7
2186,William,Brown,william.brown2186@email.com,Female,18,History,80.6,54,40,55.5,50.0,60,50,48.3,F,11,no,High School,low,4
2187,Melissa,Irwin,melissa.irwin2187@email.com,Female,20,Engineering,81.3,87,81,84.6,88.6,69,64,81.4,B-,13,yes,Master's,low,5
2188,Eric,Chavez,eric.chavez2188@email.com,Female,24,Political Science,96.6,58,56,63.2,61.3,60,52,57.5,F,9,no,Doctorate,high,6
2189,Andrea,Yates,andrea.yates2189@email.com,Male,19,History,98.6,79,66,77.3,78.2,70,76,72.9,C-,9,no,Associate,low,3
2190,Nicole,Singleton,nicole.singleton2190@email.com,Male,23,Chemistry,86.4,66,69,75.4,50.0,60,60,66.4,D,7,yes,Bachelor's,medium,6
2191,Patrick,Hall,patrick.hall2191@email.com,Female,20,Economics,97.0,60,66,71.6,68.2,60,77,65.7,D,13,yes,High School,medium,8
2192,Michael,Dickerson,michael.dickerson2192@email.com,Female,19,Computer Science,60.0,81,75,67.0,71.4,64,67,74.5,C,6,yes,Master's,medium,7
2193,Matthew,Mayer,matthew.mayer2193@email.com,Female,23,English Literature,88.2,84,90,89.4,84.2,79,86,87.0,B,7,yes,Bachelor's,medium,4
2194,Steven,Landry,steven.landry2194@email.com,Female,23,Political Science,91.5,67,69,81.3,86.9,65,84,71.9,C-,12,yes,High School,medium,6
2195,Michael,Grant,michael.grant2195@email.com,Female,22,Psychology,67.5,40,40,50.0,50.0,60,50,43.5,F,6,no,Doctorate,high,5
2196,Lauren,Lee,lauren.lee2196@email.com,Male,20,Political Science,81.5,42,64,52.9,67.5,60,51,55.0,F,7,no,Bachelor's,medium,7
2197,Michael,Jones,michael.jones2197@email.com,Male,18,Economics,98.2,84,79,96.7,79.1,70,91,83.1,B,11,yes,Master's,high,6
2198,Andrew,Smith,andrew.smith2198@email.com,Male,21,Mathematics,96.9,81,56,88.5,77.6,73,63,69.5,D,16,yes,High School,medium,7
2199,Cheryl,Gonzalez,cheryl.gonzalez2199@email.com,Female,24,Mathematics,77.8,69,88,89.7,78.9,78,83,81.1,B-,17,yes,Doctorate,high,3
2200,Andrea,Dean,andrea.dean2200@email.com,Female,23,English Literature,91.7,73,64,56.0,60.7,60,55,64.7,D,8,yes,Associate,medium,6
2201,Kimberly,Taylor,kimberly.taylor2201@email.com,Male,24,English Literature,77.6,40,53,70.9,64.0,60,65,53.1,F,15,yes,High School,medium,6
2202,Christopher,Perez,christopher.perez2202@email.com,Male,22,Mathematics,83.5,46,50,59.3,50.0,60,50,50.2,F,11,yes,Bachelor's,high,7
2203,Jean,Cox,jean.cox2203@email.com,Female,18,Biology,95.0,80,73,79.2,85.9,77,88,78.2,C+,11,yes,High School,low,6
2204,Betty,Anthony,betty.anthony2204@email.com,Female,21,English Literature,95.5,91,77,90.2,89.2,67,82,83.2,B,15,yes,High School,low,4
2205,Michael,Davis,michael.davis2205@email.com,Female,23,Engineering,80.9,67,91,85.7,70.1,83,74,80.2,B-,8,yes,Associate,medium,5
2206,Brandon,Scott,brandon.scott2206@email.com,Male,21,History,74.9,82,74,84.8,79.5,72,78,78.1,C+,14,yes,Bachelor's,medium,5
2207,Bethany,Perez,bethany.perez2207@email.com,Female,18,Business,94.0,58,54,54.9,55.5,60,54,55.7,F,9,yes,Master's,high,10
2208,Levi,Carpenter,levi.carpenter2208@email.com,Female,24,English Literature,84.9,59,54,52.2,64.9,60,50,55.8,F,17,yes,Bachelor's,medium,7
2209,Anthony,Carpenter,anthony.carpenter2209@email.com,Female,22,Physics,82.9,54,53,73.7,52.6,60,50,55.4,F,6,yes,High School,low,8
2210,Kathleen,Nelson,kathleen.nelson2210@email.com,Male,23,Engineering,84.8,40,40,50.0,50.0,60,50,43.5,F,6,yes,Bachelor's,low,6
2211,Virginia,Johnston,virginia.johnston2211@email.com,Male,23,Political Science,93.5,66,80,67.6,80.1,60,50,70.6,C-,15,yes,Bachelor's,high,5
2212,Sonya,Allen,sonya.allen2212@email.com,Male,22,Chemistry,83.1,90,91,85.5,76.5,65,70,86.1,B,5,yes,Bachelor's,high,6
2213,Shelley,Stephens,shelley.stephens2213@email.com,Male,23,Biology,86.4,90,72,87.4,67.4,77,86,80.4,B-,14,yes,Associate,low,3
2214,David,Jackson,david.jackson2214@email.com,Female,23,Business,85.0,74,82,86.3,78.0,97,69,79.4,C+,13,yes,Associate,medium,2
2215,Jaime,Williams,jaime.williams2215@email.com,Male,19,Economics,82.4,61,61,91.3,77.4,98,79,68.6,D,16,yes,Bachelor's,medium,5
2216,Eric,Simmons,eric.simmons2216@email.com,Male,23,Business,99.2,82,66,68.7,80.4,70,75,72.9,C-,16,yes,Master's,low,7
2217,James,Reeves,james.reeves2217@email.com,Female,24,Mathematics,88.0,61,67,79.9,84.5,60,85,68.8,D,17,yes,Associate,high,6
2218,Jonathan,Walker,jonathan.walker2218@email.com,Male,19,Psychology,89.8,58,59,56.1,50.0,60,50,57.1,F,12,yes,High School,medium,7
2219,Chase,Coleman,chase.coleman2219@email.com,Female,23,Mathematics,78.6,74,79,74.1,77.7,68,78,76.4,C,10,yes,Master's,medium,4
2220,David,Fields,david.fields2220@email.com,Male,22,History,99.1,81,69,80.7,65.4,77,88,75.9,C,8,yes,Bachelor's,medium,3
2221,Christopher,Bell,christopher.bell2221@email.com,Male,23,Biology,89.3,78,74,78.1,89.5,75,70,76.1,C,13,yes,Master's,high,4
2222,Erik,Clark,erik.clark2222@email.com,Female,19,English Literature,93.3,82,83,81.3,75.9,75,68,80.4,B-,13,no,Bachelor's,high,5
2223,Julie,Marks,julie.marks2223@email.com,Female,20,Computer Science,69.7,72,75,75.6,61.2,61,63,71.7,C-,14,yes,Bachelor's,high,2
2224,Terri,Hunter,terri.hunter2224@email.com,Male,20,Political Science,87.3,71,78,67.5,72.1,87,80,75.3,C,11,yes,Associate,high,3
2225,Miranda,Ramsey,miranda.ramsey2225@email.com,Male,23,Mathematics,82.6,74,91,93.7,94.9,77,73,84.0,B,14,no,Master's,high,8
2226,Rebecca,Martinez,rebecca.martinez2226@email.com,Female,24,English Literature,97.4,83,86,80.8,75.6,68,76,82.2,B-,15,yes,Associate,high,3
2227,Jennifer,Sullivan,jennifer.sullivan2227@email.com,Male,21,Economics,89.0,58,58,50.5,50.0,60,50,56.2,F,11,yes,Associate,medium,7
2228,Robert,Gutierrez,robert.gutierrez2228@email.com,Female,18,Chemistry,81.1,72,86,99.0,94.9,67,91,83.1,B,14,yes,Associate,medium,1
2229,Joseph,Beck,joseph.beck2229@email.com,Female,18,Biology,84.0,73,73,74.3,61.0,60,80,72.6,C-,11,no,High School,medium,4
2230,Danielle,Williams,danielle.williams2230@email.com,Female,18,Engineering,93.4,88,87,88.2,77.3,79,82,86.1,B,12,no,Bachelor's,low,5
2231,Jennifer,Lester,jennifer.lester2231@email.com,Male,20,Political Science,94.8,61,58,86.4,67.3,69,69,63.9,D,11,yes,Bachelor's,medium,9
2232,Brianna,Andrews,brianna.andrews2232@email.com,Male,18,Psychology,84.4,89,72,80.7,77.5,93,92,81.4,B-,15,yes,Associate,medium,5
2233,Tiffany,Gibbs,tiffany.gibbs2233@email.com,Male,21,Physics,100.0,77,84,83.8,75.2,80,77,80.7,B-,9,yes,Bachelor's,low,5
2234,Yvette,Patel,yvette.patel2234@email.com,Male,20,Chemistry,77.1,86,74,87.7,89.6,75,67,79.1,C+,9,no,Bachelor's,medium,6
2235,Gerald,Lynn,gerald.lynn2235@email.com,Male,24,Business,77.3,41,40,50.0,50.0,60,50,43.8,F,13,yes,Bachelor's,high,8
2236,Tonya,Hensley,tonya.hensley2236@email.com,Male,24,Computer Science,81.9,51,40,50.0,50.0,60,50,46.8,F,9,yes,Doctorate,low,7
2237,Michelle,Freeman,michelle.freeman2237@email.com,Male,18,Computer Science,85.8,48,55,50.0,58.0,60,50,52.3,F,13,yes,Associate,low,9
2238,Patricia,Meadows,patricia.meadows2238@email.com,Female,21,History,84.6,70,69,84.7,64.9,60,70,70.4,C-,11,yes,High School,medium,3
2239,Alicia,Nguyen,alicia.nguyen2239@email.com,Female,20,Physics,84.8,67,65,72.0,69.0,65,53,65.3,D,7,yes,High School,low,8
2240,Jack,Chavez,jack.chavez2240@email.com,Female,21,Biology,100.0,51,51,65.1,55.6,60,53,53.4,F,7,no,Doctorate,medium,7
2241,Erica,Blankenship,erica.blankenship2241@email.com,Female,18,Political Science,73.7,58,66,78.0,57.4,60,62,63.7,D,13,yes,Master's,high,5
2242,Paula,Gonzalez,paula.gonzalez2242@email.com,Male,20,Psychology,72.9,78,79,88.5,71.6,78,81,79.5,C+,13,yes,Master's,high,4
2243,Jasmine,Morrow,jasmine.morrow2243@email.com,Female,21,English Literature,86.1,48,53,62.1,50.0,60,50,52.3,F,14,yes,Associate,medium,6
2244,Billy,Wise,billy.wise2244@email.com,Male,20,Engineering,77.8,40,40,50.0,50.0,60,50,43.5,F,12,yes,Associate,low,7
2245,Sean,Meyer,sean.meyer2245@email.com,Male,23,Computer Science,92.0,73,76,80.4,76.4,79,66,74.8,C,8,yes,Doctorate,medium,6
2246,Christopher,Roth,christopher.roth2246@email.com,Female,24,Biology,79.6,86,92,86.0,79.5,62,90,87.3,B+,8,yes,High School,medium,4
2247,William,Chandler,william.chandler2247@email.com,Male,20,Business,84.8,64,62,66.2,59.6,73,60,63.3,D,16,yes,Bachelor's,medium,9
2248,Wendy,Gardner,wendy.gardner2248@email.com,Female,24,Biology,93.2,71,67,81.6,67.8,84,80,71.9,C-,8,yes,High School,medium,2
2249,Brian,Brown,brian.brown2249@email.com,Male,21,Political Science,98.2,70,94,94.1,73.9,60,91,83.9,B,12,yes,Master's,high,5
2250,Henry,Martin,henry.martin2250@email.com,Male,18,Business,63.9,40,58,67.7,61.5,60,50,53.1,F,14,yes,High School,high,7
2251,Marc,Mercer,marc.mercer2251@email.com,Female,20,Engineering,78.5,73,64,91.0,68.9,78,81,72.1,C-,10,yes,Bachelor's,medium,3
2252,Dorothy,Fuller,dorothy.fuller2252@email.com,Male,19,Physics,100.0,86,77,93.0,88.0,83,77,82.3,B-,12,yes,Doctorate,high,5
2253,Shannon,Cabrera,shannon.cabrera2253@email.com,Male,22,History,69.0,83,96,82.1,91.4,76,79,87.9,B+,10,yes,High School,medium,4
2254,David,Watts,david.watts2254@email.com,Female,20,Chemistry,69.3,40,40,50.0,50.0,60,50,43.5,F,12,yes,High School,low,4
2255,Michelle,Porter,michelle.porter2255@email.com,Male,20,English Literature,90.6,91,76,89.3,73.4,68,76,81.4,B-,19,no,Associate,low,7
2256,Joseph,Orozco,joseph.orozco2256@email.com,Male,19,Engineering,85.3,40,46,50.0,50.0,60,50,45.9,F,9,yes,Bachelor's,high,4
2257,Jimmy,Pace,jimmy.pace2257@email.com,Female,24,Economics,70.7,81,78,86.1,62.0,70,65,77.3,C+,11,no,Doctorate,low,3
2258,Natalie,Wright,natalie.wright2258@email.com,Male,24,Physics,100.0,96,83,79.7,86.1,99,85,87.8,B+,6,yes,Master's,medium,4
2259,Emily,Silva,emily.silva2259@email.com,Female,21,English Literature,90.8,85,80,89.5,80.1,80,81,82.6,B-,9,yes,High School,medium,2
2260,Cheryl,Hernandez,cheryl.hernandez2260@email.com,Female,21,Political Science,93.6,65,71,78.0,68.8,60,53,67.5,D,9,yes,Master's,medium,9
2261,Betty,Williams,betty.williams2261@email.com,Female,22,History,100.0,78,76,65.1,77.6,68,58,73.5,C,7,yes,Associate,medium,5
2262,Thomas,Wade,thomas.wade2262@email.com,Male,21,English Literature,93.8,61,40,50.6,50.0,60,50,49.9,F,7,yes,Associate,high,4
2263,Misty,Young,misty.young2263@email.com,Male,19,Mathematics,83.8,60,63,63.0,65.9,68,70,63.3,D,16,yes,Bachelor's,low,7
2264,Peter,Cooper,peter.cooper2264@email.com,Male,18,History,71.2,83,86,77.7,75.2,61,93,83.3,B,14,no,Bachelor's,medium,3
2265,Joanna,Li,joanna.li2265@email.com,Female,21,Mathematics,69.9,64,43,57.4,64.9,64,53,54.0,F,5,yes,Associate,medium,3
2266,David,Johnson,david.johnson2266@email.com,Female,24,Biology,81.4,88,75,88.5,90.9,62,71,80.1,B-,12,no,Master's,medium,4
2267,Christy,Horton,christy.horton2267@email.com,Female,18,Psychology,82.9,51,40,54.9,50.0,60,50,47.3,F,9,no,High School,low,10
2268,Amanda,Simon,amanda.simon2268@email.com,Female,24,Political Science,100.0,81,72,91.2,100.0,89,69,78.6,C+,10,yes,High School,low,4
2269,Emily,Roberts,emily.roberts2269@email.com,Female,22,English Literature,96.1,87,80,86.8,73.5,89,74,82.3,B-,16,yes,High School,medium,4
2270,David,Ramos,david.ramos2270@email.com,Female,19,History,79.6,69,90,80.2,80.0,77,80,80.6,B-,6,yes,Master's,medium,5
2271,Joseph,Barnes,joseph.barnes2271@email.com,Male,21,Business,86.0,81,66,81.5,80.0,78,69,73.7,C,15,yes,Bachelor's,high,3
2272,Paul,Myers,paul.myers2272@email.com,Female,24,Business,88.0,79,77,77.0,83.0,71,65,76.5,C,5,yes,Associate,low,6
2273,Danielle,Henry,danielle.henry2273@email.com,Male,18,Biology,84.1,43,51,50.0,50.0,60,53,49.2,F,8,yes,High School,low,8
2274,Derrick,Young,derrick.young2274@email.com,Female,23,Engineering,77.5,40,56,58.2,53.1,60,52,51.1,F,12,yes,High School,medium,7
2275,Melissa,Gardner,melissa.gardner2275@email.com,Female,18,Biology,100.0,81,66,70.3,58.6,64,77,71.7,C-,11,yes,Bachelor's,low,4
2276,Cathy,Dalton,cathy.dalton2276@email.com,Female,24,Computer Science,73.2,40,40,50.0,50.0,60,50,43.5,F,6,yes,Doctorate,low,4
2277,Cassandra,Smith,cassandra.smith2277@email.com,Male,23,Business,74.8,47,62,65.7,68.1,61,68,58.7,F,18,yes,Master's,high,5
2278,Shawn,Rodriguez,shawn.rodriguez2278@email.com,Male,23,Mathematics,88.9,66,73,60.0,66.5,60,63,67.6,D,8,yes,Master's,medium,7
2279,Natalie,Hernandez,natalie.hernandez2279@email.com,Female,24,Engineering,87.1,47,63,53.7,63.8,60,50,55.9,F,11,yes,Bachelor's,medium,7
2280,Frank,Kirby,frank.kirby2280@email.com,Female,23,Economics,96.4,83,77,70.6,74.8,66,69,76.7,C,5,no,High School,low,7
2281,Faith,Anthony,faith.anthony2281@email.com,Male,23,Mathematics,80.4,68,78,67.7,67.3,60,70,71.8,C-,8,yes,Bachelor's,medium,7
2282,Robert,Dickson,robert.dickson2282@email.com,Male,18,Chemistry,77.9,82,68,75.4,63.1,77,73,73.7,C,15,yes,Master's,high,4
2283,Sarah,Bennett,sarah.bennett2283@email.com,Female,19,Psychology,100.0,68,82,80.0,77.6,72,79,76.7,C,14,yes,Associate,medium,6
2284,Dale,Lewis,dale.lewis2284@email.com,Male,23,English Literature,99.3,95,89,89.6,71.6,94,72,88.6,B+,7,yes,High School,low,4
2285,Erica,Gordon,erica.gordon2285@email.com,Female,19,Computer Science,92.0,63,73,66.2,70.5,60,69,68.2,D,9,no,Master's,high,6
2286,Haley,Carter,haley.carter2286@email.com,Female,23,Political Science,87.6,85,73,98.2,81.0,85,59,78.8,C+,12,yes,Bachelor's,medium,6
2287,Stacey,Ortiz,stacey.ortiz2287@email.com,Female,22,Political Science,95.7,52,45,64.3,51.8,60,52,50.9,F,10,yes,Associate,medium,6
2288,John,Morrow,john.morrow2288@email.com,Female,22,Psychology,94.8,54,84,52.0,65.5,75,61,68.2,D,6,yes,Associate,medium,7
2289,Rebecca,Cook,rebecca.cook2289@email.com,Female,19,Economics,75.3,47,48,50.0,50.0,60,50,48.8,F,7,no,Doctorate,high,8
2290,Stephanie,Steele,stephanie.steele2290@email.com,Male,23,Biology,71.8,54,71,66.3,50.0,60,50,61.7,D,10,yes,High School,medium,5
2291,Scott,Roth,scott.roth2291@email.com,Female,20,Business,90.0,67,55,58.8,78.0,60,66,61.5,D,10,yes,Master's,medium,4
2292,Alejandro,Strong,alejandro.strong2292@email.com,Male,20,Engineering,71.0,54,54,55.7,55.3,60,59,55.1,F,13,yes,Master's,medium,9
2293,Sandra,Nelson,sandra.nelson2293@email.com,Male,20,History,92.7,40,75,55.0,51.1,69,50,58.5,F,7,yes,Bachelor's,low,8
2294,Sara,Hendrix,sara.hendrix2294@email.com,Female,18,Computer Science,90.9,49,71,64.1,74.3,72,62,63.1,D,18,yes,Bachelor's,high,8
2295,Mary,Brooks,mary.brooks2295@email.com,Male,20,Psychology,90.0,89,82,76.7,73.2,60,80,81.8,B-,18,no,Bachelor's,medium,6
2296,Pamela,Norton,pamela.norton2296@email.com,Male,22,Business,83.4,43,44,50.0,50.0,60,50,46.0,F,9,yes,High School,low,6
2297,Natalie,Keith,natalie.keith2297@email.com,Male,23,Political Science,86.4,43,40,50.0,52.0,60,50,44.5,F,12,yes,Bachelor's,medium,6
2298,Julie,Stevenson,julie.stevenson2298@email.com,Female,20,Physics,94.8,64,65,60.0,54.5,60,55,62.4,D,10,yes,Master's,high,5
2299,Joshua,Coleman,joshua.coleman2299@email.com,Male,19,History,89.5,40,42,54.3,50.0,60,50,44.7,F,14,yes,High School,medium,8
2300,Kimberly,Fields,kimberly.fields2300@email.com,Male,23,Mathematics,89.3,42,50,50.0,50.9,60,50,48.1,F,12,yes,Bachelor's,low,4
2301,Todd,Haney,todd.haney2301@email.com,Female,18,Computer Science,60.0,77,74,70.7,66.4,64,61,72.5,C-,6,yes,Associate,medium,2
2302,Anthony,Wolfe,anthony.wolfe2302@email.com,Female,23,Engineering,86.1,56,40,50.0,50.0,60,50,48.3,F,12,yes,Bachelor's,medium,8
2303,Timothy,Clark,timothy.clark2303@email.com,Male,19,Biology,71.3,80,75,83.1,86.2,68,71,77.2,C+,15,yes,High School,low,3
2304,Richard,Anderson,richard.anderson2304@email.com,Male,18,Computer Science,96.0,88,86,79.6,65.2,60,56,80.7,B-,5,yes,Bachelor's,medium,7
2305,Jessica,Gentry,jessica.gentry2305@email.com,Male,22,Biology,93.5,68,56,72.0,71.0,77,61,63.6,D,9,yes,Doctorate,high,10
2306,Anne,Allen,anne.allen2306@email.com,Male,20,Psychology,95.3,74,70,88.0,79.3,74,71,73.9,C,13,yes,Master's,high,5
2307,Morgan,Ramirez,morgan.ramirez2307@email.com,Male,21,Chemistry,88.1,69,51,66.0,67.6,60,50,59.1,F,8,yes,Associate,low,5
2308,Christine,Arellano,christine.arellano2308@email.com,Female,20,Chemistry,81.4,81,83,61.8,77.8,64,65,77.3,C+,6,yes,High School,low,3
2309,Kelly,Wilson,kelly.wilson2309@email.com,Male,23,Business,89.4,58,70,70.6,60.0,65,50,63.7,D,7,yes,High School,medium,3
2310,Brandi,Henry,brandi.henry2310@email.com,Female,24,Physics,91.6,84,74,87.7,65.4,89,68,78.2,C+,7,yes,Associate,low,3
2311,Maria,Watson,maria.watson2311@email.com,Male,24,Business,96.1,73,79,77.0,80.6,72,82,77.1,C+,11,yes,Associate,low,6
2312,Amanda,Johnson,amanda.johnson2312@email.com,Male,22,English Literature,76.2,96,72,93.1,75.2,70,67,81.0,B-,18,no,Associate,low,8
2313,Amanda,Knight,amanda.knight2313@email.com,Female,19,Biology,96.6,60,59,67.7,61.7,77,68,62.2,D,6,yes,Master's,medium,5
2314,Matthew,Molina,matthew.molina2314@email.com,Female,18,Engineering,87.4,81,80,89.9,93.4,91,86,83.1,B,16,no,Master's,high,5
2315,Jessica,Parker,jessica.parker2315@email.com,Female,18,Mathematics,84.9,76,68,90.4,64.5,60,83,73.6,C,5,yes,Bachelor's,low,4
2316,Amanda,Taylor,amanda.taylor2316@email.com,Male,18,Chemistry,92.8,75,79,90.8,78.2,84,57,77.1,C+,15,yes,Master's,high,5
2317,Lance,Carlson,lance.carlson2317@email.com,Male,18,Physics,72.5,87,63,84.6,76.4,62,58,72.5,C-,8,yes,High School,low,4
2318,Lisa,Lee,lisa.lee2318@email.com,Female,24,Political Science,76.7,81,69,83.3,82.8,69,71,75.0,C,9,yes,High School,medium,4
2319,Carl,Mills,carl.mills2319@email.com,Male,21,Psychology,100.0,67,87,86.7,82.4,100,76,80.3,B-,13,yes,Doctorate,high,5
2320,Suzanne,Andrews,suzanne.andrews2320@email.com,Male,24,Business,93.4,96,95,76.2,75.1,61,90,90.3,A,11,yes,Associate,medium,3
2321,Anne,Brown,anne.brown2321@email.com,Male,21,Chemistry,88.1,45,64,50.0,61.4,60,59,56.1,F,6,yes,Bachelor's,medium,7
2322,Michele,Alexander,michele.alexander2322@email.com,Female,18,Economics,71.5,55,64,66.2,57.9,65,50,59.9,F,8,yes,Bachelor's,medium,8
2323,Mark,Lloyd,mark.lloyd2323@email.com,Female,18,Mathematics,86.1,54,67,53.8,51.1,60,58,59.8,F,9,yes,High School,low,6
2324,Elizabeth,Everett,elizabeth.everett2324@email.com,Male,18,Mathematics,71.2,51,40,50.0,50.0,60,50,46.8,F,14,yes,Associate,low,6
2325,Gabrielle,Schwartz,gabrielle.schwartz2325@email.com,Male,18,Computer Science,94.6,86,91,82.5,79.3,80,63,84.8,B,17,yes,Associate,medium,5
2326,Susan,Williams,susan.williams2326@email.com,Male,19,Business,87.3,99,76,82.1,88.9,74,77,84.3,B,15,yes,Associate,medium,6
2327,Carrie,Hernandez,carrie.hernandez2327@email.com,Male,23,Business,75.5,68,72,68.8,72.5,60,72,70.0,D,12,yes,High School,low,9
2328,Michael,Fitzpatrick,michael.fitzpatrick2328@email.com,Male,18,Physics,85.2,78,86,93.5,75.8,60,100,83.9,B,6,yes,High School,low,6
2329,Maria,Jones,maria.jones2329@email.com,Female,21,Political Science,88.7,44,44,50.0,53.3,60,50,46.5,F,11,yes,Bachelor's,low,5
2330,Edward,Allen,edward.allen2330@email.com,Male,18,Psychology,78.6,77,77,86.9,81.8,60,61,75.8,C,11,yes,Master's,medium,5
2331,Aaron,Peterson,aaron.peterson2331@email.com,Male,23,Physics,76.1,51,76,80.5,59.7,60,66,66.4,D,8,yes,Bachelor's,high,6
2332,Stacey,Bentley,stacey.bentley2332@email.com,Male,23,Physics,100.0,44,70,64.8,50.0,60,62,59.4,F,15,yes,Associate,low,6
2333,John,Henderson,john.henderson2333@email.com,Female,18,Physics,80.7,81,90,83.3,83.2,77,73,84.0,B,13,no,Bachelor's,high,6
2334,Jason,Martinez,jason.martinez2334@email.com,Male,23,Engineering,70.8,63,69,63.3,79.2,60,76,67.5,D,15,yes,Bachelor's,high,7
2335,Thomas,Murphy,thomas.murphy2335@email.com,Female,19,Political Science,82.9,42,40,50.0,50.0,60,50,44.1,F,15,yes,Associate,medium,7
2336,Amy,Castro,amy.castro2336@email.com,Female,19,Business,70.7,40,43,50.0,50.0,60,54,45.2,F,8,yes,Bachelor's,medium,6
2337,Paul,Walker,paul.walker2337@email.com,Male,22,Biology,75.1,59,47,66.4,50.0,60,53,54.0,F,17,no,High School,low,6
2338,Brandi,Ward,brandi.ward2338@email.com,Female,18,Political Science,81.6,57,52,50.0,50.0,60,53,53.8,F,9,yes,Associate,medium,5
2339,Patricia,Smith,patricia.smith2339@email.com,Male,18,Mathematics,90.3,76,69,80.5,70.2,73,66,72.3,C-,8,yes,High School,low,4
2340,Victoria,Pierce,victoria.pierce2340@email.com,Female,19,Physics,94.5,40,40,50.0,50.0,60,50,43.5,F,11,yes,High School,low,8
2341,Darlene,Brooks,darlene.brooks2341@email.com,Male,21,Business,81.2,56,40,50.0,52.6,60,51,48.6,F,12,yes,Master's,low,7
2342,Kyle,Pineda,kyle.pineda2342@email.com,Female,19,Chemistry,73.6,56,91,85.0,84.9,78,76,77.5,C+,12,yes,High School,medium,3
2343,Gina,Morris,gina.morris2343@email.com,Male,19,English Literature,74.0,48,40,54.6,61.7,60,62,48.2,F,8,yes,Master's,medium,7
2344,Andrea,Sullivan,andrea.sullivan2344@email.com,Female,20,Chemistry,72.2,62,62,65.5,61.5,60,58,61.9,D,13,yes,Associate,medium,7
2345,Stacy,White,stacy.white2345@email.com,Female,20,Physics,88.2,99,80,85.3,74.1,62,78,84.9,B,16,yes,Associate,medium,4
2346,Lisa,Newman,lisa.newman2346@email.com,Female,23,Engineering,88.5,40,40,50.0,50.0,60,57,44.2,F,8,no,Associate,high,4
2347,Timothy,Newman,timothy.newman2347@email.com,Male,18,Computer Science,94.9,40,40,50.0,50.0,60,50,43.5,F,10,no,Master's,medium,7
2348,Tina,Marquez,tina.marquez2348@email.com,Male,23,Physics,95.3,79,64,67.3,73.8,60,73,70.1,C-,6,no,Master's,medium,5
2349,Jennifer,Martinez,jennifer.martinez2349@email.com,Male,19,Economics,100.0,85,81,89.3,87.4,80,73,82.6,B-,10,yes,Associate,medium,7
2350,Linda,Davis,linda.davis2350@email.com,Female,19,Physics,87.3,90,76,84.9,75.1,78,81,81.7,B-,10,yes,High School,medium,3
2351,Jennifer,Ayala,jennifer.ayala2351@email.com,Male,22,Physics,83.6,55,69,66.3,71.5,60,56,63.0,D,11,no,Bachelor's,medium,5
2352,Denise,Gordon,denise.gordon2352@email.com,Female,18,Chemistry,82.2,58,62,64.3,55.1,60,73,61.7,D,12,yes,Bachelor's,medium,3
2353,Jodi,Price,jodi.price2353@email.com,Female,24,Engineering,65.0,65,44,52.5,53.3,60,56,53.7,F,11,yes,Bachelor's,medium,5
2354,Karen,Dunn,karen.dunn2354@email.com,Male,20,Mathematics,89.6,83,83,98.1,84.8,75,85,84.5,B,5,yes,Bachelor's,medium,6
2355,Mary,Wagner,mary.wagner2355@email.com,Male,19,Biology,87.7,46,56,61.3,51.9,60,60,54.0,F,15,yes,Associate,low,9
2356,Malik,Logan,malik.logan2356@email.com,Male,21,Political Science,86.4,62,86,75.3,63.5,60,62,72.9,C-,5,yes,Bachelor's,high,3
2357,William,Salazar,william.salazar2357@email.com,Male,23,Mathematics,89.9,55,83,72.9,70.4,80,69,71.5,C-,7,no,Bachelor's,medium,3
2358,Marvin,Dunn,marvin.dunn2358@email.com,Female,18,Business,94.6,40,40,50.0,50.0,60,50,43.5,F,8,yes,Associate,medium,9
2359,Ashley,Mitchell,ashley.mitchell2359@email.com,Male,24,Mathematics,98.0,56,59,69.8,61.3,63,52,58.8,F,16,yes,Bachelor's,medium,5
2360,Katrina,Warner,katrina.warner2360@email.com,Male,19,Economics,89.2,68,65,87.7,77.3,78,57,68.7,D,18,yes,Bachelor's,medium,9
2361,Hunter,Anderson,hunter.anderson2361@email.com,Female,21,Biology,73.7,65,59,61.5,50.0,60,54,60.2,D,11,yes,Associate,high,8
2362,Ricardo,Andrews,ricardo.andrews2362@email.com,Female,18,Economics,69.3,73,41,54.7,53.2,60,50,54.4,F,11,yes,High School,low,7
2363,Vanessa,Stout,vanessa.stout2363@email.com,Male,23,Biology,86.1,71,64,69.0,79.8,63,70,68.0,D,14,yes,High School,low,6
2364,James,Lloyd,james.lloyd2364@email.com,Female,22,Mathematics,95.9,91,66,77.3,60.4,61,79,75.5,C,9,yes,Bachelor's,low,6
2365,April,Brown,april.brown2365@email.com,Male,19,Physics,89.2,85,71,92.0,83.9,65,75,78.2,C+,18,yes,High School,medium,6
2366,Jennifer,Booker,jennifer.booker2366@email.com,Female,21,English Literature,83.4,64,83,87.1,64.8,67,64,74.1,C,14,yes,Associate,medium,3
2367,Erin,Bowen,erin.bowen2367@email.com,Male,19,Political Science,74.8,67,49,56.7,50.0,60,78,58.7,F,11,yes,Associate,high,9
2368,Nancy,Rich,nancy.rich2368@email.com,Male,22,Business,93.1,76,87,89.8,65.1,78,98,83.6,B,14,yes,Associate,high,6
2369,Megan,Vasquez,megan.vasquez2369@email.com,Male,20,English Literature,93.9,79,59,60.4,61.7,60,72,66.7,D,5,yes,Master's,high,10
2370,Amanda,Gomez,amanda.gomez2370@email.com,Male,23,Political Science,75.8,79,75,90.4,80.3,65,85,78.5,C+,9,yes,Associate,high,3
2371,Karen,Ford,karen.ford2371@email.com,Male,23,Economics,87.6,67,74,69.0,53.3,81,55,68.9,D,13,yes,Master's,medium,5
2372,Michael,Boyd,michael.boyd2372@email.com,Male,21,Political Science,96.1,71,81,69.1,59.7,60,75,74.1,C,5,yes,Associate,medium,4
2373,Timothy,Morales,timothy.morales2373@email.com,Female,22,English Literature,80.7,50,51,62.1,69.3,60,56,53.8,F,9,yes,Bachelor's,medium,8
2374,Kyle,Adams,kyle.adams2374@email.com,Female,23,Physics,77.6,50,41,60.6,50.0,60,54,48.4,F,7,yes,Associate,medium,8
2375,Jonathon,Reynolds,jonathon.reynolds2375@email.com,Female,22,Mathematics,100.0,56,69,68.1,60.6,71,64,64.3,D,12,yes,Bachelor's,medium,7
2376,Austin,Cooke,austin.cooke2376@email.com,Female,20,Chemistry,83.1,40,40,51.5,50.0,60,50,43.6,F,6,yes,Associate,low,10
2377,Katherine,Munoz,katherine.munoz2377@email.com,Female,19,Mathematics,75.0,47,40,50.5,50.0,60,50,45.6,F,11,yes,Master's,medium,5
2378,James,Larson,james.larson2378@email.com,Male,18,Physics,83.9,65,43,53.0,50.0,60,50,52.5,F,11,yes,Master's,medium,7
2379,Amber,Cole,amber.cole2379@email.com,Male,22,English Literature,95.0,97,85,93.1,84.2,86,76,88.6,B+,17,yes,High School,low,3
2380,Colin,Wallace,colin.wallace2380@email.com,Male,18,Business,77.2,71,67,73.5,71.2,60,55,67.5,D,13,yes,High School,medium,5
2381,Christopher,Guerra,christopher.guerra2381@email.com,Male,20,Engineering,84.3,60,82,82.1,72.4,88,74,74.5,C,10,yes,Associate,medium,4
2382,Veronica,Herring,veronica.herring2382@email.com,Female,23,Engineering,74.1,65,78,85.9,96.1,85,76,76.0,C,15,yes,High School,medium,3
2383,Dennis,Hunt,dennis.hunt2383@email.com,Male,18,History,95.2,71,68,78.8,81.6,81,95,74.0,C,18,yes,High School,low,4
2384,Andrew,Khan,andrew.khan2384@email.com,Male,21,Computer Science,89.3,90,83,86.5,77.6,74,87,85.2,B,5,yes,Bachelor's,medium,5
2385,Natalie,Barker,natalie.barker2385@email.com,Male,18,Mathematics,88.4,99,94,89.3,93.7,66,74,91.7,A,11,yes,High School,low,5
2386,David,Parker,david.parker2386@email.com,Male,23,English Literature,87.0,40,45,50.0,50.0,60,50,45.5,F,5,yes,Bachelor's,medium,6
2387,David,Sanchez,david.sanchez2387@email.com,Male,24,Engineering,82.7,70,81,70.2,61.7,62,64,73.1,C,10,yes,Master's,medium,5
2388,Alexander,Martin,alexander.martin2388@email.com,Male,18,Physics,86.8,72,78,79.6,78.2,92,100,79.3,C+,6,yes,Bachelor's,low,4
2389,Donna,Tran,donna.tran2389@email.com,Female,20,Mathematics,74.3,41,64,82.3,59.7,71,77,60.5,D,8,yes,Associate,medium,5
2390,Joseph,Smith,joseph.smith2390@email.com,Male,18,Computer Science,72.9,62,68,68.9,69.4,60,64,65.7,D,15,yes,Associate,medium,6
2391,Krystal,Gonzalez,krystal.gonzalez2391@email.com,Male,24,Computer Science,98.1,73,75,80.4,70.3,72,63,73.4,C,12,yes,Associate,high,3
2392,Corey,Gutierrez,corey.gutierrez2392@email.com,Female,23,Engineering,89.3,63,71,58.2,51.5,60,50,63.7,D,10,yes,Master's,medium,7
2393,Beth,Wolfe,beth.wolfe2393@email.com,Male,21,Computer Science,83.7,85,84,85.4,81.6,84,85,84.5,B,12,yes,High School,high,7
2394,Joseph,French,joseph.french2394@email.com,Female,19,Business,89.6,70,61,63.0,63.8,60,64,64.4,D,9,no,Associate,low,6
2395,Lisa,Thompson,lisa.thompson2395@email.com,Male,20,English Literature,91.7,67,71,83.3,100.0,73,79,73.5,C,11,yes,Master's,medium,5
2396,Todd,Reese,todd.reese2396@email.com,Male,21,Psychology,82.3,96,79,76.4,83.2,64,71,82.6,B-,15,no,High School,low,4
2397,Charlotte,Peterson,charlotte.peterson2397@email.com,Male,20,Biology,90.5,42,77,74.1,57.1,66,68,63.9,D,14,yes,Bachelor's,medium,8
2398,Rachael,Smith,rachael.smith2398@email.com,Male,18,Chemistry,85.6,65,63,53.0,53.7,60,64,62.2,D,19,yes,Doctorate,high,6
2399,Kevin,Munoz,kevin.munoz2399@email.com,Male,22,History,65.4,57,40,50.0,50.0,60,50,48.6,F,6,yes,Associate,low,6
2400,Angelica,Harvey,angelica.harvey2400@email.com,Female,19,History,80.1,90,81,80.9,80.2,60,85,83.1,B,17,no,Associate,low,3
2401,Melissa,Kelly,melissa.kelly2401@email.com,Female,19,History,82.5,64,69,66.3,65.5,69,54,65.7,D,22,yes,Bachelor's,high,8
2402,Julia,Gentry,julia.gentry2402@email.com,Male,20,Biology,68.1,53,59,69.5,69.2,60,74,60.4,D,12,yes,Master's,high,5
2403,Jeffrey,Dawson,jeffrey.dawson2403@email.com,Female,20,Political Science,80.8,66,64,60.3,64.9,60,61,63.9,D,15,yes,Bachelor's,medium,7
2404,Christopher,Cunningham,christopher.cunningham2404@email.com,Male,22,English Literature,80.1,79,75,82.8,86.9,60,77,77.1,C+,10,yes,High School,low,6
2405,Chelsea,Ross,chelsea.ross2405@email.com,Female,18,Political Science,76.0,63,75,90.5,75.7,69,86,73.9,C,10,no,Doctorate,medium,1
2406,Kenneth,Hicks,kenneth.hicks2406@email.com,Male,21,Engineering,91.1,84,73,71.3,80.4,64,57,74.5,C,19,yes,Doctorate,medium,5
2407,Jeremy,Franklin,jeremy.franklin2407@email.com,Female,19,Mathematics,87.0,78,70,73.1,69.6,60,68,72.1,C-,12,yes,Doctorate,low,3
2408,Sandra,Juarez,sandra.juarez2408@email.com,Male,20,Business,81.4,59,54,58.0,50.2,60,78,58.4,F,16,yes,Associate,medium,5
2409,Monica,Long,monica.long2409@email.com,Female,23,Political Science,67.2,53,44,50.0,57.5,60,54,49.8,F,11,yes,Master's,high,6
2410,Debra,Pittman,debra.pittman2410@email.com,Female,20,Mathematics,90.6,83,87,76.6,77.9,69,89,83.7,B,5,yes,Master's,high,5
2411,Kristen,Grant,kristen.grant2411@email.com,Male,18,Business,71.2,85,87,77.7,82.5,98,78,84.9,B,6,no,Associate,medium,5
2412,Erica,Parker,erica.parker2412@email.com,Female,22,Economics,96.0,68,77,77.9,80.2,66,79,74.3,C,10,yes,Associate,medium,4
2413,Kimberly,Rodriguez,kimberly.rodriguez2413@email.com,Male,20,History,87.4,47,51,50.0,50.0,60,50,50.0,F,8,yes,Bachelor's,medium,4
2414,Leslie,Henry,leslie.henry2414@email.com,Male,24,Political Science,100.0,78,56,58.3,56.3,60,79,65.4,D,20,yes,High School,low,3
2415,Donna,Acosta,donna.acosta2415@email.com,Male,19,Computer Science,100.0,55,86,72.3,82.6,73,69,72.9,C-,12,yes,Associate,medium,6
2416,Crystal,Walker,crystal.walker2416@email.com,Male,20,Engineering,88.9,71,40,59.3,68.9,60,50,54.8,F,16,yes,High School,low,4
2417,Michael,Oconnor,michael.oconnor2417@email.com,Male,23,Biology,98.9,40,57,62.4,53.2,60,67,53.4,F,15,yes,Master's,medium,6
2418,Edward,Barrett,edward.barrett2418@email.com,Female,21,Physics,81.1,40,64,53.4,52.7,60,63,54.9,F,11,yes,High School,low,9
2419,Gwendolyn,Lawrence,gwendolyn.lawrence2419@email.com,Male,19,Engineering,70.6,40,40,50.0,50.0,60,50,43.5,F,7,yes,Master's,high,5
2420,Sherry,Pineda,sherry.pineda2420@email.com,Female,21,Political Science,93.8,50,40,50.0,50.0,60,50,46.5,F,15,yes,Doctorate,low,10
2421,Brett,Nelson,brett.nelson2421@email.com,Female,20,Computer Science,76.9,76,76,79.7,82.8,63,79,76.5,C,12,yes,Bachelor's,medium,4
2422,Patrick,Berry,patrick.berry2422@email.com,Male,24,Psychology,100.0,45,49,50.0,53.3,60,50,48.8,F,15,yes,Doctorate,high,5
2423,Andrea,Turner,andrea.turner2423@email.com,Male,21,Mathematics,100.0,68,61,68.8,72.3,70,69,65.7,D,13,yes,High School,medium,7
2424,Hunter,Potts,hunter.potts2424@email.com,Male,19,Computer Science,79.9,44,44,50.0,50.0,60,50,46.3,F,5,yes,Master's,medium,6
2425,Steve,Gill,steve.gill2425@email.com,Male,24,Mathematics,87.8,88,99,77.7,71.7,72,77,88.8,B+,9,yes,High School,medium,7
2426,Lindsey,Jones,lindsey.jones2426@email.com,Female,19,Psychology,100.0,72,53,65.1,67.4,66,50,61.1,D,6,yes,Associate,medium,5
2427,Autumn,Abbott,autumn.abbott2427@email.com,Male,20,Biology,72.0,62,79,70.9,56.8,80,72,71.4,C-,11,yes,High School,low,5
2428,Karen,Hardin,karen.hardin2428@email.com,Male,19,History,70.6,51,53,57.6,61.6,71,50,53.9,F,12,yes,Bachelor's,medium,6
2429,Cynthia,Navarro,cynthia.navarro2429@email.com,Male,18,Business,100.0,40,51,53.4,56.4,60,53,48.9,F,11,yes,Master's,high,8
2430,Joanne,Rocha,joanne.rocha2430@email.com,Female,20,Economics,78.1,81,81,79.8,76.6,78,77,80.1,B-,8,yes,Associate,medium,3
2431,Zachary,Edwards,zachary.edwards2431@email.com,Female,20,Political Science,97.3,87,78,81.6,81.1,63,76,80.3,B-,12,yes,Master's,low,5
2432,James,Brown,james.brown2432@email.com,Female,21,Engineering,96.9,66,70,72.8,89.8,69,75,70.6,C-,9,yes,Doctorate,medium,6
2433,Kathleen,Hodge,kathleen.hodge2433@email.com,Male,18,Political Science,100.0,74,43,59.5,61.6,60,69,58.4,F,9,yes,Associate,low,7
2434,Michael,Rowe,michael.rowe2434@email.com,Male,21,Business,67.7,40,48,50.0,50.0,60,51,46.9,F,11,yes,Bachelor's,low,10
2435,Jill,Torres,jill.torres2435@email.com,Male,24,Political Science,69.5,40,40,50.0,50.0,60,50,43.5,F,5,yes,Associate,medium,4
2436,Christopher,Cruz,christopher.cruz2436@email.com,Female,23,Business,72.8,87,72,71.1,50.0,84,59,74.7,C,5,yes,Bachelor's,low,2
2437,Samantha,Bradley,samantha.bradley2437@email.com,Female,22,Physics,91.7,74,60,69.8,70.5,62,78,67.6,D,13,yes,High School,low,10
2438,Kimberly,Garcia,kimberly.garcia2438@email.com,Female,23,History,78.8,40,40,50.0,50.0,60,50,43.5,F,21,yes,Associate,medium,10
2439,Kenneth,Peck,kenneth.peck2439@email.com,Male,18,Biology,81.8,58,70,86.1,72.7,96,86,71.1,C-,19,no,High School,low,7
2440,Maria,Cummings,maria.cummings2440@email.com,Male,24,History,76.2,68,57,76.4,70.5,63,74,65.0,D,16,yes,Master's,low,6
2441,Alexandra,Holt,alexandra.holt2441@email.com,Male,21,Economics,90.7,93,64,100.0,86.1,73,94,80.9,B-,11,yes,Master's,low,1
2442,Gregory,Reyes,gregory.reyes2442@email.com,Male,21,Biology,76.2,56,40,50.0,54.4,60,60,49.6,F,7,yes,Associate,low,7
2443,Ethan,Wright,ethan.wright2443@email.com,Male,19,History,83.6,87,82,82.8,73.5,85,76,82.8,B-,8,yes,Bachelor's,high,2
2444,Maureen,Saunders,maureen.saunders2444@email.com,Male,20,Chemistry,84.3,40,41,50.0,50.0,66,50,44.2,F,10,yes,High School,low,6
2445,Brianna,Johnson,brianna.johnson2445@email.com,Female,22,Biology,85.2,51,72,66.2,80.5,60,69,64.7,D,11,yes,Bachelor's,high,3
2446,Ryan,Sharp,ryan.sharp2446@email.com,Female,19,Business,76.6,63,48,60.7,50.0,60,50,54.7,F,5,yes,Doctorate,medium,5
2447,Cynthia,Martin,cynthia.martin2447@email.com,Male,19,Chemistry,84.8,82,86,81.4,97.5,69,83,83.8,B,18,yes,Bachelor's,medium,6
2448,Kenneth,Mcdonald,kenneth.mcdonald2448@email.com,Male,21,Economics,90.2,81,85,74.5,73.6,60,80,80.5,B-,12,yes,Associate,high,6
2449,Donald,Ray,donald.ray2449@email.com,Female,21,Psychology,73.5,68,77,74.3,74.7,68,76,73.4,C,8,yes,Master's,medium,8
2450,Keith,Johnson,keith.johnson2450@email.com,Female,23,Mathematics,95.1,47,59,63.2,65.8,60,55,55.9,F,10,yes,Associate,low,7
2451,Yolanda,Harmon,yolanda.harmon2451@email.com,Male,21,Political Science,98.2,62,66,84.7,86.4,72,70,68.4,D,14,yes,High School,low,5
2452,Dana,Dougherty,dana.dougherty2452@email.com,Male,19,Political Science,79.7,55,69,66.2,85.8,60,77,65.7,D,14,yes,Doctorate,low,9
2453,Christopher,Reynolds,christopher.reynolds2453@email.com,Female,22,Psychology,100.0,83,78,79.4,75.8,83,100,82.0,B-,9,yes,Associate,medium,4
2454,Samantha,Gallegos,samantha.gallegos2454@email.com,Female,19,History,95.0,89,77,90.5,90.3,85,90,84.4,B,10,yes,Bachelor's,high,4
2455,Jessica,Byrd,jessica.byrd2455@email.com,Female,20,Physics,85.1,67,89,85.6,79.7,75,74,79.5,C+,10,yes,Associate,low,4
2456,Christina,Kent,christina.kent2456@email.com,Male,19,Mathematics,78.5,73,79,76.0,82.0,76,89,77.9,C+,10,yes,Doctorate,medium,6
2457,Michael,Beard,michael.beard2457@email.com,Male,19,Computer Science,99.4,67,70,76.3,62.4,60,68,68.7,D,8,yes,Master's,low,7
2458,Mark,Bailey,mark.bailey2458@email.com,Male,19,Psychology,75.6,52,57,64.2,50.0,72,51,56.1,F,14,yes,High School,low,6
2459,Anthony,Garcia,anthony.garcia2459@email.com,Female,20,Mathematics,95.3,77,62,74.3,65.2,64,62,68.1,D,9,yes,Associate,low,6
2460,Travis,Thompson,travis.thompson2460@email.com,Female,24,Engineering,100.0,40,40,55.1,50.0,60,53,44.4,F,8,yes,Bachelor's,low,6
2461,Michael,Martin,michael.martin2461@email.com,Female,23,Biology,82.3,64,61,80.5,50.4,62,69,64.2,D,10,yes,Doctorate,high,5
2462,Clifford,Warner,clifford.warner2462@email.com,Female,19,English Literature,77.2,76,70,85.2,88.1,81,76,75.4,C,12,yes,Doctorate,high,7
2463,David,Carpenter,david.carpenter2463@email.com,Female,24,Computer Science,92.7,40,45,50.0,54.0,60,52,45.9,F,9,yes,Associate,medium,7
2464,Amanda,James,amanda.james2464@email.com,Female,20,History,100.0,73,80,96.3,71.4,83,67,78.1,C+,15,yes,Associate,high,7
2465,Paige,Howard,paige.howard2465@email.com,Female,21,Economics,81.8,48,43,50.3,50.0,60,50,47.1,F,5,yes,Doctorate,high,5
2466,Robin,Booth,robin.booth2466@email.com,Female,18,Engineering,100.0,78,81,95.1,75.5,71,80,80.8,B-,17,no,Bachelor's,medium,4
2467,Matthew,Scott,matthew.scott2467@email.com,Female,20,English Literature,67.7,47,58,53.8,70.5,71,66,56.4,F,21,no,Doctorate,low,9
2468,Darlene,Bentley,darlene.bentley2468@email.com,Male,18,Political Science,90.7,53,57,70.3,50.0,60,61,57.4,F,6,yes,Bachelor's,medium,6
2469,Christopher,Rosales,christopher.rosales2469@email.com,Male,18,Mathematics,87.4,78,79,78.8,77.5,60,74,77.2,C+,8,yes,Associate,high,4
2470,Erica,Tanner,erica.tanner2470@email.com,Male,20,History,98.2,78,75,72.4,75.1,71,79,75.9,C,20,yes,High School,medium,6
2471,Brian,Chan,brian.chan2471@email.com,Female,23,Psychology,86.4,77,88,69.4,66.6,60,61,77.7,C+,21,yes,Associate,medium,4
2472,Valerie,Stanley,valerie.stanley2472@email.com,Female,21,English Literature,99.3,85,85,71.3,70.5,60,60,79.2,C+,14,yes,Master's,medium,4
2473,Robert,Brown,robert.brown2473@email.com,Male,20,Engineering,81.8,51,67,71.3,70.7,63,60,62.0,D,10,no,High School,low,4
2474,Nicole,Torres,nicole.torres2474@email.com,Female,22,Business,83.7,45,50,52.1,53.8,60,50,49.4,F,18,yes,High School,low,10
2475,Kathleen,Little,kathleen.little2475@email.com,Female,22,Chemistry,83.2,95,83,96.4,76.9,67,77,86.3,B,14,yes,Bachelor's,high,5
2476,Joan,Herring,joan.herring2476@email.com,Female,21,Engineering,96.0,75,70,93.8,72.2,72,80,75.2,C,13,yes,High School,low,6
2477,Kelly,Martinez,kelly.martinez2477@email.com,Male,18,Psychology,99.3,64,74,84.4,62.9,60,74,70.8,C-,16,yes,High School,low,7
2478,Jennifer,Adkins,jennifer.adkins2478@email.com,Male,24,History,70.3,83,78,93.9,70.0,85,87,82.0,B-,11,yes,High School,medium,5
2479,Chad,Richardson,chad.richardson2479@email.com,Female,22,Business,93.4,69,70,80.4,74.9,79,70,71.5,C-,13,no,Associate,high,3
2480,Michelle,Mullen,michelle.mullen2480@email.com,Male,23,Computer Science,91.5,59,51,81.8,50.4,60,73,59.2,F,14,yes,Master's,high,6
2481,Alicia,Bailey,alicia.bailey2481@email.com,Female,22,Biology,77.4,64,83,89.8,77.9,78,77,77.0,C,17,yes,High School,medium,5
2482,Alexander,Moore,alexander.moore2482@email.com,Male,18,Biology,98.3,86,83,85.2,69.6,85,98,85.1,B,9,yes,Associate,medium,5
2483,Matthew,Soto,matthew.soto2483@email.com,Female,19,Business,89.0,58,69,66.5,68.7,73,69,65.7,D,13,no,Bachelor's,medium,8
2484,Clifford,Garrett,clifford.garrett2484@email.com,Female,19,Mathematics,68.4,58,43,54.5,71.9,60,50,51.6,F,11,yes,High School,high,10
2485,Terri,Baker,terri.baker2485@email.com,Female,24,Chemistry,83.1,70,66,69.7,77.1,68,58,67.4,D,10,yes,Associate,high,8
2486,Tracey,Rhodes,tracey.rhodes2486@email.com,Male,24,Chemistry,100.0,75,85,91.6,78.8,69,79,81.0,B-,10,yes,Bachelor's,high,4
2487,Jeff,Reyes,jeff.reyes2487@email.com,Male,21,Political Science,62.8,40,40,50.0,50.7,60,50,43.5,F,6,yes,Master's,medium,6
2488,Eric,Beasley,eric.beasley2488@email.com,Female,23,Computer Science,100.0,44,66,61.7,75.1,60,59,58.4,F,7,yes,Master's,medium,8
2489,Samantha,Garza,samantha.garza2489@email.com,Male,19,Engineering,76.8,71,61,79.3,57.0,68,86,68.6,D,12,yes,Bachelor's,medium,8
2490,Kathy,Mcdaniel,kathy.mcdaniel2490@email.com,Male,22,Chemistry,73.6,84,56,76.3,86.2,85,77,71.5,C-,14,yes,Master's,medium,5
2491,Emily,Baker,emily.baker2491@email.com,Female,20,Computer Science,92.2,71,93,82.0,73.5,73,84,82.5,B-,25,yes,Associate,low,5
2492,Shannon,Morse,shannon.morse2492@email.com,Male,24,Psychology,88.6,61,57,71.4,80.1,66,63,61.9,D,12,yes,Associate,high,8
2493,Shannon,Walker,shannon.walker2493@email.com,Female,23,Biology,77.1,80,69,70.4,83.0,67,84,74.6,C,11,yes,High School,medium,3
2494,Amy,Greene,amy.greene2494@email.com,Female,22,Mathematics,88.3,66,90,85.0,79.5,61,83,79.7,C+,5,no,Bachelor's,medium,3
2495,Laura,Long,laura.long2495@email.com,Male,24,Computer Science,82.9,66,83,86.5,66.3,93,79,77.6,C+,16,yes,Doctorate,low,4
2496,Alicia,Evans,alicia.evans2496@email.com,Female,20,Political Science,96.6,81,80,89.0,82.2,75,87,81.8,B-,13,yes,High School,medium,6
2497,Joyce,Daniel,joyce.daniel2497@email.com,Female,20,Physics,69.2,63,56,65.0,50.0,60,78,61.2,D,5,yes,Doctorate,medium,8
2498,Christopher,Page,christopher.page2498@email.com,Male,19,Chemistry,77.5,63,53,52.4,50.0,60,50,55.8,F,12,no,High School,high,9
2499,Sarah,Elliott,sarah.elliott2499@email.com,Female,22,Economics,90.0,77,65,79.3,79.2,69,73,71.8,C-,12,yes,Associate,high,2
2500,Julia,Medina,julia.medina2500@email.com,Female,20,English Literature,80.9,55,86,84.9,81.7,72,86,75.7,C,10,yes,Bachelor's,high,2
2501,Thomas,Robinson,thomas.robinson2501@email.com,Female,23,Chemistry,75.6,80,82,81.4,83.6,77,67,79.7,C+,17,yes,Bachelor's,high,3
2502,Michael,Smith,michael.smith2502@email.com,Female,22,Engineering,91.7,60,53,64.8,53.4,60,59,57.3,F,9,yes,Bachelor's,high,5
2503,Brandy,Baker,brandy.baker2503@email.com,Female,23,Mathematics,74.6,89,83,85.9,85.6,72,81,84.5,B,8,yes,High School,medium,4
2504,Lisa,Tapia,lisa.tapia2504@email.com,Female,22,Business,76.4,60,72,59.8,62.3,64,70,66.2,D,8,yes,Associate,low,8
2505,Kevin,Salinas,kevin.salinas2505@email.com,Female,23,English Literature,80.4,62,65,56.8,62.4,73,74,64.5,D,12,yes,Associate,low,8
2506,Tina,Reyes,tina.reyes2506@email.com,Male,19,Engineering,93.5,57,74,72.6,66.7,60,79,68.2,D,10,yes,Associate,high,8
2507,Peter,Flores,peter.flores2507@email.com,Male,24,History,82.3,69,81,83.5,68.1,79,72,76.1,C,16,yes,Associate,high,5
2508,Brian,Harris,brian.harris2508@email.com,Male,18,English Literature,63.6,59,58,56.3,81.0,60,50,58.6,F,10,no,Bachelor's,medium,9
2509,Stacy,Ellison,stacy.ellison2509@email.com,Male,20,English Literature,80.0,78,76,74.6,73.2,91,80,77.6,C+,8,yes,Associate,low,5
2510,Kevin,Wright,kevin.wright2510@email.com,Male,22,Psychology,72.5,48,70,69.7,50.0,60,51,60.1,D,10,yes,High School,medium,7
2511,Anne,Harvey,anne.harvey2511@email.com,Female,22,Engineering,77.3,87,76,93.1,79.5,89,100,84.3,B,7,yes,Bachelor's,medium,6
2512,Emily,Moore,emily.moore2512@email.com,Female,20,Business,79.6,67,54,52.3,56.7,60,50,57.8,F,10,yes,Master's,high,9
2513,Traci,Miranda,traci.miranda2513@email.com,Female,21,Computer Science,67.8,40,40,50.0,50.0,60,50,43.5,F,6,no,Master's,high,5
2514,Christopher,Dyer,christopher.dyer2514@email.com,Female,23,Biology,82.4,40,50,50.0,52.4,60,66,49.2,F,5,yes,Associate,high,6
2515,Brittany,Kennedy,brittany.kennedy2515@email.com,Female,19,English Literature,79.7,64,46,59.7,56.9,60,55,55.0,F,12,yes,Master's,low,5
2516,Joe,Wilson,joe.wilson2516@email.com,Female,19,Computer Science,79.8,81,82,100.0,64.3,85,69,81.5,B-,17,yes,High School,low,4
2517,Patricia,Morris,patricia.morris2517@email.com,Female,18,Economics,86.3,66,54,62.3,73.8,63,69,61.4,D,8,no,Bachelor's,high,6
2518,Collin,Nichols,collin.nichols2518@email.com,Female,21,Mathematics,68.1,60,66,73.0,56.1,60,68,64.3,D,12,yes,Doctorate,high,6
2519,Jennifer,Wells,jennifer.wells2519@email.com,Male,24,Economics,76.4,73,70,89.7,75.7,80,85,75.2,C,17,yes,Associate,high,5
2520,Robert,Jackson,robert.jackson2520@email.com,Female,22,Computer Science,95.0,83,66,72.0,82.0,70,71,73.3,C,8,yes,Bachelor's,high,4
2521,Colleen,Smith,colleen.smith2521@email.com,Male,22,English Literature,100.0,67,72,75.9,71.5,61,59,69.0,D,11,yes,Bachelor's,medium,7
2522,Benjamin,Brown,benjamin.brown2522@email.com,Female,19,Chemistry,73.0,60,71,71.5,70.2,75,69,67.8,D,15,yes,Associate,medium,8
2523,Justin,Ray,justin.ray2523@email.com,Male,21,Political Science,65.5,47,41,50.0,50.0,60,53,46.3,F,8,no,Bachelor's,high,6
2524,Michael,Simmons,michael.simmons2524@email.com,Female,20,English Literature,75.7,79,67,82.6,74.0,91,54,72.5,C-,6,yes,Master's,high,4
2525,Scott,Orr,scott.orr2525@email.com,Male,24,Chemistry,77.9,61,80,75.6,80.4,75,80,73.7,C,13,yes,High School,low,5
2526,Jacob,Holt,jacob.holt2526@email.com,Female,23,Computer Science,98.9,62,74,84.7,73.4,69,90,72.9,C-,16,yes,Bachelor's,medium,6
2527,James,Williams,james.williams2527@email.com,Male,18,History,100.0,79,66,82.1,69.6,63,50,70.0,D,20,yes,Master's,medium,6
2528,Brittany,Wu,brittany.wu2528@email.com,Male,24,History,68.9,64,68,64.3,69.8,75,77,67.8,D,6,yes,Bachelor's,medium,5
2529,Billy,Jackson,billy.jackson2529@email.com,Male,22,Psychology,80.1,82,79,93.5,75.4,60,69,79.3,C+,15,yes,Bachelor's,medium,7
2530,Shelby,Marshall,shelby.marshall2530@email.com,Male,20,Physics,89.1,75,80,96.5,83.3,99,78,81.2,B-,17,yes,Associate,medium,6
2531,Christine,Miller,christine.miller2531@email.com,Male,21,Economics,86.3,70,64,86.7,83.6,74,81,71.3,C-,12,yes,Master's,high,6
2532,Ivan,Ferguson,ivan.ferguson2532@email.com,Female,19,Biology,81.3,40,60,50.0,50.0,60,50,51.5,F,11,yes,Associate,medium,6
2533,Steven,Vaughn,steven.vaughn2533@email.com,Male,22,English Literature,62.1,80,83,82.8,74.7,60,73,79.5,C+,17,yes,Doctorate,low,5
2534,Timothy,Diaz,timothy.diaz2534@email.com,Male,21,Engineering,78.6,67,67,73.8,50.0,60,56,65.4,D,14,no,Bachelor's,medium,6
2535,Regina,Morgan,regina.morgan2535@email.com,Male,20,Mathematics,82.3,71,79,80.1,69.8,60,86,76.0,C,10,yes,Master's,low,3
2536,Jennifer,Dunn,jennifer.dunn2536@email.com,Male,21,Engineering,71.3,76,68,85.4,71.4,63,88,74.2,C,17,yes,Associate,medium,3
2537,Amy,Watson,amy.watson2537@email.com,Male,22,Business,86.1,92,70,91.2,79.6,79,75,80.3,B-,9,yes,Bachelor's,low,7
2538,Katherine,Valdez,katherine.valdez2538@email.com,Female,22,Engineering,94.9,40,40,50.0,50.0,60,50,43.5,F,8,yes,Bachelor's,medium,8
2539,Blake,Hughes,blake.hughes2539@email.com,Male,23,English Literature,86.4,65,69,84.9,83.4,83,82,72.2,C-,25,yes,Master's,medium,4
2540,Tiffany,Gonzales,tiffany.gonzales2540@email.com,Female,19,Mathematics,85.1,61,70,72.7,63.1,71,73,67.7,D,18,yes,High School,low,8
2541,Joseph,Anderson,joseph.anderson2541@email.com,Male,20,English Literature,60.0,86,85,89.8,76.9,83,96,86.5,B,17,yes,Bachelor's,medium,2
2542,Randy,Smith,randy.smith2542@email.com,Male,20,Engineering,74.3,50,56,55.8,54.5,60,56,54.4,F,15,yes,Doctorate,high,8
2543,Jason,Thompson,jason.thompson2543@email.com,Female,22,History,85.0,40,40,50.0,50.0,60,62,44.7,F,8,yes,High School,medium,7
2544,Brian,Miller,brian.miller2544@email.com,Female,21,Engineering,92.5,63,73,66.9,58.9,69,72,68.4,D,12,yes,High School,low,3
2545,Diana,Romero,diana.romero2545@email.com,Male,24,Economics,73.7,40,53,51.5,61.4,60,52,49.7,F,12,yes,High School,medium,9
2546,Sheryl,Smith,sheryl.smith2546@email.com,Female,18,Engineering,73.4,82,77,64.5,76.0,64,55,74.5,C,12,yes,High School,high,5
2547,Jessica,Cruz,jessica.cruz2547@email.com,Male,21,Physics,100.0,85,83,74.7,81.7,76,75,81.7,B-,20,yes,Associate,low,5
2548,Daniel,Gilbert,daniel.gilbert2548@email.com,Male,23,Biology,90.6,55,64,79.5,69.5,60,61,62.6,D,6,yes,High School,low,8
2549,Andrew,Fuller,andrew.fuller2549@email.com,Male,21,Chemistry,72.2,68,71,80.1,60.4,60,61,69.0,D,11,yes,Bachelor's,medium,5
2550,Steven,Wall,steven.wall2550@email.com,Female,18,Political Science,81.7,68,64,84.6,82.8,78,87,71.2,C-,20,no,Bachelor's,high,6
2551,Steven,Hill,steven.hill2551@email.com,Female,20,Physics,83.1,74,43,63.8,50.0,61,69,58.3,F,12,yes,High School,low,4
2552,Shannon,Jackson,shannon.jackson2552@email.com,Female,21,Business,68.3,57,60,50.0,50.0,60,50,56.6,F,15,no,Bachelor's,low,4
2553,Michelle,Hernandez,michelle.hernandez2553@email.com,Female,21,Mathematics,90.7,65,88,74.6,68.4,60,73,75.9,C,9,yes,Doctorate,medium,6
2554,Hannah,Bowers,hannah.bowers2554@email.com,Female,21,Business,91.1,41,56,51.7,50.0,60,50,50.4,F,8,yes,Bachelor's,high,9
2555,Robert,Brennan,robert.brennan2555@email.com,Female,19,Chemistry,86.5,58,50,69.1,50.0,60,50,54.8,F,11,yes,Bachelor's,medium,7
2556,Ruth,Watson,ruth.watson2556@email.com,Female,20,Physics,79.9,80,82,84.7,82.5,63,74,80.0,B-,9,yes,Associate,medium,5
2557,Lisa,Watson,lisa.watson2557@email.com,Male,23,Psychology,77.3,86,67,71.2,57.8,60,64,72.1,C-,18,yes,High School,low,5
2558,Rachel,Heath,rachel.heath2558@email.com,Female,21,History,82.4,75,76,69.1,82.7,73,77,75.3,C,6,yes,Bachelor's,medium,6
2559,Kimberly,Murphy,kimberly.murphy2559@email.com,Female,20,Business,82.7,84,76,86.2,70.8,72,84,79.9,C+,16,yes,High School,low,5
2560,Tonya,Burnett,tonya.burnett2560@email.com,Female,19,Business,92.6,99,65,75.0,80.1,83,79,79.3,C+,12,yes,Associate,medium,6
2561,Christopher,Krueger,christopher.krueger2561@email.com,Male,23,Physics,68.8,51,48,52.9,60.9,60,50,50.9,F,5,yes,Associate,medium,8
2562,Dan,Saunders,dan.saunders2562@email.com,Female,21,Engineering,63.9,60,81,76.9,78.8,92,73,74.0,C,13,yes,Associate,low,3
2563,Rachel,Jackson,rachel.jackson2563@email.com,Female,23,Physics,84.3,67,77,89.6,66.6,77,62,73.3,C,8,yes,Bachelor's,medium,3
2564,Jason,Doyle,jason.doyle2564@email.com,Male,18,Economics,78.0,79,85,78.9,71.4,90,84,82.2,B-,12,no,High School,low,4
2565,Austin,Huffman,austin.huffman2565@email.com,Male,22,Economics,83.5,45,40,50.0,50.0,60,55,45.6,F,14,yes,Associate,low,3
2566,Matthew,Leach,matthew.leach2566@email.com,Male,21,History,85.7,79,90,94.4,86.1,60,82,84.7,B,14,yes,Bachelor's,high,2
2567,Amanda,Kelly,amanda.kelly2567@email.com,Female,20,Chemistry,71.6,63,40,60.0,53.9,60,58,52.4,F,13,yes,Associate,high,6
2568,Heather,Powell,heather.powell2568@email.com,Male,21,Psychology,91.7,79,86,93.4,70.4,67,93,83.6,B,19,no,Doctorate,medium,4
2569,James,Riley,james.riley2569@email.com,Female,22,Engineering,67.7,72,81,76.2,70.7,60,66,74.8,C,7,yes,High School,low,2
2570,Meghan,Rodriguez,meghan.rodriguez2570@email.com,Female,22,History,89.2,78,84,76.3,100.0,87,88,82.9,B-,13,yes,Bachelor's,medium,3
2571,Julie,Best,julie.best2571@email.com,Female,24,Computer Science,86.3,67,60,73.2,50.0,61,60,63.0,D,14,yes,Master's,medium,6
2572,Alexa,Wang,alexa.wang2572@email.com,Male,20,Psychology,83.8,44,54,58.8,50.8,60,52,51.5,F,8,yes,Bachelor's,low,8
2573,James,Mendoza,james.mendoza2573@email.com,Female,22,Computer Science,88.2,79,83,76.7,84.4,66,97,81.9,B-,5,yes,Doctorate,high,6
2574,Anthony,Hernandez,anthony.hernandez2574@email.com,Male,22,Chemistry,89.2,40,60,50.0,50.0,60,50,51.5,F,13,yes,High School,medium,7
2575,Denise,Thompson,denise.thompson2575@email.com,Male,23,Business,100.0,81,83,91.4,94.7,73,82,83.3,B,13,yes,Associate,medium,9
2576,Chad,Pollard,chad.pollard2576@email.com,Female,19,Business,80.6,75,51,56.7,69.1,60,64,61.5,D,9,yes,Bachelor's,low,5
2577,Cynthia,Rodriguez,cynthia.rodriguez2577@email.com,Female,20,History,81.4,61,94,74.8,88.9,84,94,81.5,B-,10,no,High School,low,3
2578,Bryan,Powell,bryan.powell2578@email.com,Female,20,Psychology,68.9,57,62,66.2,76.7,60,61,61.5,D,13,no,Doctorate,high,9
2579,Christopher,Holloway,christopher.holloway2579@email.com,Male,22,Chemistry,85.3,94,72,75.9,69.3,78,74,79.5,C+,7,yes,Associate,high,6
2580,Jessica,Hall,jessica.hall2580@email.com,Male,23,Computer Science,90.5,69,75,91.2,79.1,71,89,76.3,C,14,no,Associate,high,4
2581,Michael,Miller,michael.miller2581@email.com,Female,21,Political Science,83.3,67,70,73.0,66.4,60,66,68.4,D,15,yes,Associate,medium,5
2582,Linda,Miller,linda.miller2582@email.com,Male,21,Physics,81.0,67,67,54.4,67.1,62,54,64.3,D,7,yes,Master's,medium,8
2583,Ryan,Miller,ryan.miller2583@email.com,Male,21,Political Science,84.1,40,40,50.0,50.0,60,50,43.5,F,8,yes,Associate,high,4
2584,Nicole,Jones,nicole.jones2584@email.com,Male,20,Engineering,92.7,68,64,88.7,81.1,71,79,70.4,C-,13,yes,High School,low,3
2585,Christopher,Washington,christopher.washington2585@email.com,Female,22,Chemistry,79.1,90,79,78.4,90.5,67,67,81.1,B-,6,yes,Bachelor's,medium,6
2586,Cynthia,Herring,cynthia.herring2586@email.com,Female,23,Biology,79.7,46,48,50.1,64.2,60,50,49.2,F,8,no,Master's,medium,4
2587,Keith,Cherry,keith.cherry2587@email.com,Female,19,Engineering,79.2,84,61,81.5,79.0,63,79,72.8,C-,9,no,Master's,low,4
2588,Diane,Mcdaniel,diane.mcdaniel2588@email.com,Female,19,English Literature,81.6,80,78,87.3,80.1,64,86,79.8,C+,9,yes,High School,medium,4
2589,Kim,Hall,kim.hall2589@email.com,Male,21,History,94.7,77,83,89.5,80.1,66,74,80.1,B-,11,yes,Associate,medium,3
2590,Thomas,Suarez,thomas.suarez2590@email.com,Female,19,Chemistry,86.4,68,88,90.3,68.8,81,81,80.3,B-,8,yes,Associate,medium,5
2591,Stephen,Hall,stephen.hall2591@email.com,Male,18,Biology,82.7,67,72,77.5,81.1,67,72,71.3,C-,9,yes,Bachelor's,medium,4
2592,Amber,Mitchell,amber.mitchell2592@email.com,Female,19,Economics,75.7,62,62,69.8,56.7,67,66,63.2,D,7,yes,Associate,high,9
2593,Mike,Bell,mike.bell2593@email.com,Male,22,Political Science,76.0,62,61,71.0,59.1,60,53,61.4,D,9,yes,Doctorate,low,6
2594,Deborah,Parker,deborah.parker2594@email.com,Male,21,Physics,82.9,93,73,87.4,81.5,74,71,80.8,B-,8,yes,High School,low,5
2595,Anthony,Mata,anthony.mata2595@email.com,Female,22,Physics,100.0,68,83,87.5,84.9,91,79,79.1,C+,19,yes,Associate,medium,9
2596,Heather,Williams,heather.williams2596@email.com,Female,18,Biology,86.0,78,68,79.0,84.5,100,93,77.1,C+,19,yes,Bachelor's,medium,6
2597,Yvonne,Wu,yvonne.wu2597@email.com,Male,22,Mathematics,100.0,57,63,50.0,57.2,60,50,58.2,F,14,no,High School,low,5
2598,William,Williams,william.williams2598@email.com,Female,20,History,70.9,68,85,86.1,88.8,74,87,79.9,C+,12,yes,Bachelor's,medium,5
2599,Tamara,Lutz,tamara.lutz2599@email.com,Male,24,Engineering,96.2,45,44,57.3,63.4,60,50,48.0,F,9,yes,High School,low,10
2600,Ronald,Marshall,ronald.marshall2600@email.com,Female,24,History,82.8,81,90,100.0,71.9,90,89,87.3,B+,11,no,High School,medium,1
2601,Christopher,Mcgee,christopher.mcgee2601@email.com,Male,22,Political Science,87.5,49,54,61.6,55.0,60,62,54.5,F,13,yes,High School,low,7
2602,Chad,Moore,chad.moore2602@email.com,Female,20,Mathematics,63.4,70,54,64.1,61.6,60,58,61.0,D,12,no,Associate,low,7
2603,Shawn,Goodman,shawn.goodman2603@email.com,Female,22,Chemistry,100.0,85,61,74.6,75.3,73,59,70.8,C-,11,yes,Master's,low,3
2604,Wendy,Rodriguez,wendy.rodriguez2604@email.com,Male,22,Chemistry,77.0,56,64,50.0,56.6,60,61,59.4,F,15,yes,High School,medium,6
2605,Amanda,Obrien,amanda.obrien2605@email.com,Female,19,Economics,93.0,64,51,56.3,53.2,60,68,57.7,F,6,yes,Associate,medium,8
2606,Michael,Hernandez,michael.hernandez2606@email.com,Female,19,Engineering,84.6,55,61,57.7,71.6,60,52,58.5,F,5,yes,High School,low,4
2607,Dana,Patrick,dana.patrick2607@email.com,Female,22,Physics,97.2,84,83,78.3,88.4,75,86,83.1,B,21,yes,Associate,low,6
2608,Glenda,Henry,glenda.henry2608@email.com,Female,19,Economics,100.0,65,79,89.1,74.5,86,86,76.7,C,9,yes,Bachelor's,medium,6
2609,Elizabeth,Harris,elizabeth.harris2609@email.com,Male,22,English Literature,82.2,77,82,85.5,83.4,74,80,80.4,B-,11,yes,High School,low,7
2610,Abigail,Hinton,abigail.hinton2610@email.com,Male,24,Physics,73.8,83,75,84.8,85.0,76,90,80.5,B-,15,yes,Master's,low,3
2611,Anthony,Rhodes,anthony.rhodes2611@email.com,Female,18,Physics,84.3,44,55,50.5,63.3,60,54,51.9,F,14,yes,High School,low,7
2612,Ann,Taylor,ann.taylor2612@email.com,Male,24,History,81.6,88,75,87.7,86.4,69,95,82.6,B-,15,yes,Associate,medium,3
2613,Kyle,Brown,kyle.brown2613@email.com,Female,20,Engineering,96.8,80,75,100.0,75.1,73,62,77.7,C+,9,yes,Bachelor's,low,7
2614,Jessica,Collier,jessica.collier2614@email.com,Female,19,Psychology,81.1,69,65,84.3,79.4,60,78,69.9,D,7,yes,Bachelor's,low,7
2615,Wanda,Brown,wanda.brown2615@email.com,Female,20,English Literature,84.6,61,58,52.6,56.1,60,50,57.6,F,16,yes,Associate,low,6
2616,Michael,Anderson,michael.anderson2616@email.com,Male,20,Engineering,65.5,45,46,58.8,54.3,60,50,48.5,F,10,yes,Master's,low,5
2617,Marc,Church,marc.church2617@email.com,Female,23,Political Science,83.7,68,70,64.4,50.0,62,58,66.4,D,11,no,Master's,medium,5
2618,Susan,Taylor,susan.taylor2618@email.com,Male,20,Mathematics,87.9,92,83,80.4,97.2,69,88,86.0,B,15,yes,High School,medium,2
2619,Kathy,Bryant,kathy.bryant2619@email.com,Male,22,Chemistry,83.9,64,63,68.4,68.2,77,55,64.1,D,13,yes,Associate,high,7
2620,Brian,Taylor,brian.taylor2620@email.com,Male,24,English Literature,78.2,87,86,82.6,87.0,81,86,85.8,B,14,no,Associate,medium,7
2621,Lee,Turner,lee.turner2621@email.com,Male,23,Biology,96.3,89,56,83.3,70.6,64,65,70.8,C-,7,no,Associate,high,6
2622,Brittany,Anderson,brittany.anderson2622@email.com,Male,18,History,70.2,88,78,89.7,85.7,65,99,84.0,B,11,yes,Associate,medium,3
2623,Alex,Elliott,alex.elliott2623@email.com,Male,23,Psychology,94.3,76,73,84.8,86.3,79,97,78.5,C+,8,yes,Bachelor's,high,4
2624,Ann,Spencer,ann.spencer2624@email.com,Male,23,Computer Science,86.1,92,85,70.9,72.6,69,70,82.8,B-,10,yes,Doctorate,medium,6
2625,Brian,Curtis,brian.curtis2625@email.com,Male,24,Economics,80.0,84,80,94.7,86.3,74,82,83.0,B-,6,yes,Bachelor's,medium,3
2626,Matthew,Jones,matthew.jones2626@email.com,Male,21,Engineering,94.5,67,84,63.6,80.5,60,68,73.9,C,5,yes,Bachelor's,medium,5
2627,Nicholas,Dunn,nicholas.dunn2627@email.com,Female,24,Psychology,99.6,40,58,67.5,50.0,60,50,52.5,F,12,no,Doctorate,medium,8
2628,Michelle,Hayes,michelle.hayes2628@email.com,Female,19,English Literature,91.7,48,52,57.2,57.2,60,50,51.8,F,11,yes,Associate,medium,7
2629,Lauren,Kirby,lauren.kirby2629@email.com,Male,19,Chemistry,86.8,85,70,76.6,63.9,83,77,76.3,C,12,yes,Associate,medium,6
2630,Andrew,Cole,andrew.cole2630@email.com,Female,22,Engineering,93.7,40,40,50.0,50.0,60,50,43.5,F,11,yes,Associate,low,6
2631,Angela,Singleton,angela.singleton2631@email.com,Male,24,Mathematics,83.0,92,87,93.8,87.3,87,70,87.6,B+,5,yes,Doctorate,high,4
2632,Jason,Murphy,jason.murphy2632@email.com,Male,21,Chemistry,97.4,50,72,80.2,67.7,60,52,63.4,D,9,yes,Associate,medium,6
2633,Michelle,Smith,michelle.smith2633@email.com,Female,22,Chemistry,75.1,63,78,71.4,82.2,87,76,73.4,C,15,yes,High School,low,5
2634,Theresa,Carrillo,theresa.carrillo2634@email.com,Female,23,English Literature,86.1,53,72,64.1,67.9,60,65,64.1,D,20,no,High School,low,7
2635,John,Garcia,john.garcia2635@email.com,Female,22,Economics,80.4,40,51,51.2,56.9,60,54,48.8,F,5,yes,Master's,low,7
2636,Jennifer,Sanchez,jennifer.sanchez2636@email.com,Female,24,Chemistry,100.0,90,67,80.6,79.6,68,70,76.3,C,14,yes,Associate,medium,5
2637,Tonya,Baker,tonya.baker2637@email.com,Female,21,Biology,87.2,40,44,50.0,50.0,60,50,45.1,F,5,yes,Associate,low,6
2638,Thomas,Cox,thomas.cox2638@email.com,Female,23,History,67.3,68,78,79.4,92.6,74,77,75.6,C,9,yes,Bachelor's,low,6
2639,Cheryl,Brooks,cheryl.brooks2639@email.com,Female,23,Biology,83.1,76,61,66.1,60.1,60,69,66.8,D,8,yes,High School,low,8
2640,Daniel,Stone,daniel.stone2640@email.com,Male,18,Psychology,90.3,56,65,76.5,72.1,60,64,63.6,D,13,yes,Bachelor's,medium,5
2641,Alexandria,Conley,alexandria.conley2641@email.com,Female,21,History,68.6,96,70,90.3,78.1,87,69,81.0,B-,13,yes,High School,medium,4
2642,Angela,Padilla,angela.padilla2642@email.com,Female,20,Biology,71.1,78,83,91.6,74.1,78,66,80.0,B-,10,yes,High School,low,5
2643,Alexander,Smith,alexander.smith2643@email.com,Female,24,Computer Science,84.9,56,77,80.2,65.9,72,72,69.8,D,17,no,Bachelor's,low,6
2644,Daniel,Thompson,daniel.thompson2644@email.com,Male,19,Computer Science,92.2,78,73,85.2,69.5,84,75,76.4,C,18,yes,High School,medium,6
2645,Tammy,Garcia,tammy.garcia2645@email.com,Female,20,English Literature,80.0,88,96,90.4,95.7,94,76,91.0,A,12,yes,High School,high,1
2646,Eric,Diaz,eric.diaz2646@email.com,Male,23,Chemistry,84.7,74,80,83.4,90.7,64,58,76.1,C,9,yes,Master's,high,4
2647,Natasha,Parsons,natasha.parsons2647@email.com,Male,19,Engineering,93.4,84,80,98.9,89.6,79,82,83.8,B,14,no,High School,medium,2
2648,Cathy,Shaw,cathy.shaw2648@email.com,Male,24,Business,89.5,58,85,97.6,93.2,73,81,77.7,C+,9,yes,High School,medium,5
2649,Bruce,Hunter,bruce.hunter2649@email.com,Male,18,Computer Science,84.8,58,40,50.0,53.4,60,64,50.5,F,13,yes,Associate,medium,7
2650,Richard,Gibson,richard.gibson2650@email.com,Female,21,Business,78.4,40,40,50.0,50.0,60,50,43.5,F,14,no,Master's,medium,8
2651,Janet,Dunn,janet.dunn2651@email.com,Female,22,Biology,71.6,40,44,56.1,56.6,60,58,46.8,F,11,yes,High School,medium,5
2652,Deborah,Mack,deborah.mack2652@email.com,Female,22,English Literature,78.0,60,71,71.8,72.9,72,70,67.9,D,10,no,Master's,high,8
2653,Lisa,Murphy,lisa.murphy2653@email.com,Male,19,English Literature,84.5,40,52,50.0,50.0,60,50,48.3,F,7,yes,Associate,medium,7
2654,Brian,Thomas,brian.thomas2654@email.com,Female,24,Economics,81.1,62,51,67.1,58.2,64,67,58.6,F,16,yes,High School,low,5
2655,Austin,Moore,austin.moore2655@email.com,Female,22,History,78.3,70,78,85.3,93.6,60,73,75.7,C,18,yes,Bachelor's,high,6
2656,Margaret,Olsen,margaret.olsen2656@email.com,Male,22,Business,85.1,82,79,80.6,85.6,73,75,79.8,C+,11,yes,Master's,medium,3
2657,Kyle,Phillips,kyle.phillips2657@email.com,Male,20,Mathematics,84.7,62,56,69.1,53.0,60,62,59.8,F,5,yes,Bachelor's,medium,7
2658,Melinda,Ruiz,melinda.ruiz2658@email.com,Female,24,Psychology,92.8,84,91,85.2,83.9,69,79,85.7,B,9,yes,Associate,medium,5
2659,Julie,Kelly,julie.kelly2659@email.com,Female,24,Psychology,96.0,74,71,78.6,75.1,70,69,72.8,C-,10,no,Associate,low,5
2660,Debra,Evans,debra.evans2660@email.com,Female,23,Engineering,67.2,58,57,58.5,54.6,63,54,57.4,F,10,no,Bachelor's,medium,7
2661,Katrina,Short,katrina.short2661@email.com,Female,24,Physics,87.7,60,40,50.0,50.0,60,54,49.9,F,12,yes,Associate,medium,6
2662,Andrew,Morgan,andrew.morgan2662@email.com,Female,24,Computer Science,83.9,84,62,75.7,70.2,60,58,69.9,D,9,no,Associate,medium,6
2663,Kenneth,Jackson,kenneth.jackson2663@email.com,Female,18,English Literature,95.7,85,64,89.5,90.4,68,91,77.1,C+,13,yes,Bachelor's,low,6
2664,Victoria,Perez,victoria.perez2664@email.com,Female,20,Computer Science,67.6,54,67,64.2,53.7,60,50,60.1,D,20,yes,High School,low,8
2665,Michael,Cross,michael.cross2665@email.com,Male,22,Chemistry,88.6,58,72,74.4,63.2,64,67,66.8,D,9,yes,Master's,medium,6
2666,Maria,Porter,maria.porter2666@email.com,Female,21,Political Science,69.5,80,85,85.6,76.2,64,86,82.3,B-,16,yes,High School,medium,6
2667,Emily,Bennett,emily.bennett2667@email.com,Male,23,Political Science,89.4,78,77,78.2,81.4,79,73,77.5,C+,9,yes,High School,low,4
2668,Sandra,Kirk,sandra.kirk2668@email.com,Female,21,Mathematics,69.8,82,77,74.2,87.0,78,59,77.0,C,9,yes,Associate,low,4
2669,Paul,Miller,paul.miller2669@email.com,Male,21,Biology,89.8,66,78,66.8,73.7,61,53,69.8,D,10,yes,Bachelor's,medium,9
2670,Jason,Kim,jason.kim2670@email.com,Male,23,Psychology,81.3,62,62,56.8,55.8,60,50,59.9,F,7,yes,Associate,medium,7
2671,Stephen,Nelson,stephen.nelson2671@email.com,Male,22,Computer Science,79.6,88,78,82.5,89.5,78,90,83.3,B,14,yes,Master's,low,1
2672,Vanessa,Jackson,vanessa.jackson2672@email.com,Male,19,Physics,87.8,66,89,83.3,92.8,63,79,79.5,C+,22,yes,Associate,low,5
2673,Eileen,Juarez,eileen.juarez2673@email.com,Female,20,Business,91.4,63,68,81.3,72.6,87,72,69.5,D,11,no,High School,low,4
2674,Diana,Coleman,diana.coleman2674@email.com,Female,21,Psychology,92.8,44,62,57.6,50.0,60,50,54.3,F,7,yes,Master's,high,6
2675,Jose,Gill,jose.gill2675@email.com,Female,23,History,86.6,90,71,84.3,83.9,76,86,80.5,B-,16,yes,Master's,medium,6
2676,Kristin,Cox,kristin.cox2676@email.com,Male,21,Business,99.7,72,73,73.8,67.3,60,76,72.2,C-,11,yes,High School,low,6
2677,Alexandria,Ellis,alexandria.ellis2677@email.com,Male,18,Political Science,78.5,58,50,58.7,50.0,60,50,53.8,F,16,yes,High School,medium,6
2678,Ashley,Peterson,ashley.peterson2678@email.com,Male,23,Psychology,79.7,55,40,69.2,50.0,60,57,50.7,F,7,yes,Associate,medium,9
2679,Cody,Patel,cody.patel2679@email.com,Male,23,History,89.3,62,75,66.1,61.5,60,50,66.3,D,8,yes,Bachelor's,medium,6
2680,Jerry,Hawkins,jerry.hawkins2680@email.com,Female,20,Business,99.3,85,82,74.9,75.7,73,73,80.5,B-,13,yes,High School,medium,5
2681,Mary,Mullen,mary.mullen2681@email.com,Female,22,Business,85.2,87,90,95.2,78.8,82,63,86.0,B,14,yes,High School,low,3
2682,Leslie,Nelson,leslie.nelson2682@email.com,Male,18,History,81.2,70,68,65.0,73.5,64,90,70.6,C-,8,no,Bachelor's,medium,7
2683,Eric,Rhodes,eric.rhodes2683@email.com,Male,23,English Literature,65.6,88,76,91.7,87.1,69,72,81.0,B-,12,no,Bachelor's,medium,6
2684,Michael,Thomas,michael.thomas2684@email.com,Female,18,Computer Science,92.3,70,62,56.5,50.0,65,71,64.4,D,19,yes,Bachelor's,high,9
2685,Joseph,Short,joseph.short2685@email.com,Male,21,Psychology,79.0,72,75,76.4,82.4,75,86,75.9,C,11,yes,Bachelor's,high,2
2686,Jared,Garcia,jared.garcia2686@email.com,Male,23,Mathematics,70.7,71,61,67.8,56.1,71,50,63.8,D,16,yes,Master's,medium,6
2687,Jeffrey,Sullivan,jeffrey.sullivan2687@email.com,Male,22,Chemistry,83.4,54,47,50.0,50.0,60,50,50.5,F,15,yes,Bachelor's,high,6
2688,Danielle,Norris,danielle.norris2688@email.com,Male,23,Mathematics,66.1,88,63,61.4,63.5,60,57,69.7,D,9,yes,Associate,medium,6
2689,Ernest,Wright,ernest.wright2689@email.com,Female,21,Psychology,98.0,41,40,50.0,50.0,60,50,43.8,F,6,yes,Bachelor's,medium,7
2690,Diane,French,diane.french2690@email.com,Female,20,English Literature,80.3,77,85,87.6,88.4,60,83,81.7,B-,9,yes,Associate,medium,5
2691,Kurt,Coleman,kurt.coleman2691@email.com,Female,24,Business,60.4,65,80,69.9,73.7,74,56,71.5,C-,16,yes,Master's,high,4
2692,Christopher,Erickson,christopher.erickson2692@email.com,Male,19,History,100.0,67,79,58.8,68.2,68,65,70.9,C-,15,yes,Bachelor's,medium,8
2693,Stephanie,Reyes,stephanie.reyes2693@email.com,Female,20,Mathematics,90.8,46,57,61.4,56.6,60,59,54.5,F,12,yes,Bachelor's,medium,10
2694,Kimberly,Jones,kimberly.jones2694@email.com,Female,22,History,84.8,48,60,60.5,66.6,64,56,56.6,F,17,yes,Associate,medium,6
2695,James,Wilkerson,james.wilkerson2695@email.com,Male,18,Computer Science,89.1,65,59,55.3,63.4,60,61,61.0,D,11,yes,Associate,high,6
2696,Nicole,Mitchell,nicole.mitchell2696@email.com,Male,21,English Literature,88.8,58,63,77.7,50.0,60,61,62.0,D,12,yes,Master's,low,5
2697,Hannah,Shaffer,hannah.shaffer2697@email.com,Female,21,Chemistry,83.3,65,66,77.9,72.7,69,53,66.1,D,9,yes,Doctorate,medium,7
2698,Michele,Kemp,michele.kemp2698@email.com,Male,19,Engineering,85.0,59,82,85.7,72.3,68,50,71.2,C-,8,yes,Associate,high,7
2699,Jeffrey,Dickerson,jeffrey.dickerson2699@email.com,Female,20,Business,74.4,70,60,61.1,52.2,64,50,61.9,D,13,yes,High School,high,8
2700,Leslie,Cuevas,leslie.cuevas2700@email.com,Female,22,Engineering,100.0,62,77,86.0,60.2,71,60,70.7,C-,12,no,Bachelor's,low,5
2701,Barry,Miller,barry.miller2701@email.com,Female,21,Chemistry,80.7,78,78,81.6,60.0,73,70,76.5,C,18,yes,Master's,medium,4
2702,Sharon,Lopez,sharon.lopez2702@email.com,Male,20,Chemistry,86.0,73,67,78.2,72.3,60,58,69.0,D,5,yes,Associate,low,7
2703,Jeanne,Jones,jeanne.jones2703@email.com,Male,23,English Literature,82.3,50,40,52.9,51.3,60,67,48.6,F,11,yes,High School,medium,7
2704,Nicolas,Hernandez,nicolas.hernandez2704@email.com,Female,20,Psychology,77.2,88,78,86.4,78.5,97,81,83.2,B,17,yes,Associate,medium,5
2705,Lance,Wallace,lance.wallace2705@email.com,Male,24,Political Science,100.0,62,75,77.0,60.3,65,64,69.0,D,12,yes,Bachelor's,low,7
2706,Kristie,Harmon,kristie.harmon2706@email.com,Male,24,Engineering,69.8,52,71,82.3,81.3,63,68,66.3,D,15,yes,Bachelor's,medium,6
2707,Brittany,Barnett,brittany.barnett2707@email.com,Male,22,Physics,94.2,79,66,81.8,80.0,69,69,72.7,C-,10,yes,High School,low,6
2708,Theresa,Hunt,theresa.hunt2708@email.com,Male,24,Chemistry,84.7,57,62,59.3,61.5,60,57,59.7,F,7,yes,Bachelor's,medium,5
2709,Daniel,Martinez,daniel.martinez2709@email.com,Male,21,Chemistry,83.3,61,74,90.2,82.2,80,51,70.2,C-,14,yes,Bachelor's,low,4
2710,Victoria,Martin,victoria.martin2710@email.com,Female,20,Physics,91.8,74,71,74.0,72.7,61,72,71.9,C-,9,yes,Bachelor's,high,6
2711,Peggy,Watkins,peggy.watkins2711@email.com,Female,20,Economics,90.3,70,80,90.2,65.1,79,78,77.1,C+,5,yes,Bachelor's,medium,7
2712,Patricia,Jackson,patricia.jackson2712@email.com,Male,19,Engineering,87.9,79,80,83.1,81.3,91,90,81.7,B-,5,yes,Bachelor's,medium,4
2713,Allison,Lam,allison.lam2713@email.com,Male,18,History,98.9,99,81,90.3,80.9,76,91,88.2,B+,9,yes,Bachelor's,low,6
2714,Yolanda,Alexander,yolanda.alexander2714@email.com,Female,24,Engineering,92.7,85,83,75.3,83.6,74,85,82.7,B-,16,yes,High School,low,4
2715,Bryce,Buchanan,bryce.buchanan2715@email.com,Female,21,Computer Science,71.0,74,56,67.4,66.5,64,53,63.2,D,13,yes,Master's,low,6
2716,Johnny,Davis,johnny.davis2716@email.com,Female,20,Business,89.3,65,81,93.4,64.0,72,83,76.4,C,13,no,High School,medium,3
2717,Jamie,Ballard,jamie.ballard2717@email.com,Male,22,Biology,85.4,40,59,63.2,70.7,60,55,54.0,F,14,yes,Associate,low,4
2718,Bradley,Henson,bradley.henson2718@email.com,Female,20,Business,100.0,63,65,53.0,50.0,60,50,60.7,D,7,yes,Bachelor's,medium,7
2719,Dennis,Lopez,dennis.lopez2719@email.com,Male,18,History,88.5,77,75,81.3,69.1,66,74,75.5,C,5,yes,Master's,medium,6
2720,Kerry,Smith,kerry.smith2720@email.com,Female,20,English Literature,88.2,40,41,50.0,50.0,60,50,43.9,F,19,yes,High School,low,7
2721,Cassandra,Hill,cassandra.hill2721@email.com,Female,18,Physics,61.4,43,52,58.0,65.9,60,74,53.2,F,11,yes,Bachelor's,medium,7
2722,Nancy,Edwards,nancy.edwards2722@email.com,Male,22,Physics,74.3,86,71,81.8,77.4,87,70,77.6,C+,16,yes,Bachelor's,medium,7
2723,Edwin,Sharp,edwin.sharp2723@email.com,Male,21,Physics,79.5,70,70,92.0,78.6,78,91,75.2,C,10,yes,Master's,medium,5
2724,Joshua,Rich,joshua.rich2724@email.com,Male,19,Chemistry,100.0,72,56,59.3,73.7,60,61,62.8,D,14,yes,Doctorate,high,5
2725,Sharon,Singh,sharon.singh2725@email.com,Male,18,Economics,81.0,40,44,63.6,51.4,60,52,46.8,F,7,yes,High School,medium,5
2726,Connie,Pham,connie.pham2726@email.com,Male,18,Engineering,94.5,41,44,50.0,50.0,60,50,45.4,F,8,yes,Associate,low,7
2727,Amber,Hampton,amber.hampton2727@email.com,Female,20,Business,92.0,89,90,82.4,86.2,98,71,87.3,B+,10,yes,Bachelor's,medium,5
2728,Travis,Jenkins,travis.jenkins2728@email.com,Male,19,Computer Science,93.7,62,69,68.4,74.6,60,77,67.5,D,7,yes,High School,high,6
2729,Michael,Bauer,michael.bauer2729@email.com,Male,20,Economics,81.5,58,49,65.2,50.0,60,68,55.9,F,10,yes,Associate,medium,7
2730,Tyrone,Scott,tyrone.scott2730@email.com,Male,24,Economics,88.3,43,53,62.4,68.9,60,52,52.0,F,11,yes,Associate,medium,7
2731,Roger,Bautista,roger.bautista2731@email.com,Female,24,Political Science,86.4,84,81,85.5,77.8,83,67,80.9,B-,17,yes,Bachelor's,low,2
2732,Hailey,Mcdonald,hailey.mcdonald2732@email.com,Male,21,Engineering,78.7,55,59,69.2,72.7,60,76,61.3,D,13,yes,Master's,medium,7
2733,Shannon,Erickson,shannon.erickson2733@email.com,Female,20,Chemistry,88.9,67,76,91.3,73.0,66,78,74.5,C,6,yes,Associate,low,6
2734,Christopher,Martinez,christopher.martinez2734@email.com,Male,22,Physics,80.1,40,61,50.0,57.6,60,50,52.3,F,7,yes,Associate,low,7
2735,George,Alexander,george.alexander2735@email.com,Male,22,Business,94.0,71,73,86.2,74.3,85,68,73.9,C,8,yes,Master's,medium,4
2736,David,Kirby,david.kirby2736@email.com,Male,23,Computer Science,85.9,63,61,67.1,72.9,73,77,65.0,D,11,yes,Associate,high,6
2737,Edward,Willis,edward.willis2737@email.com,Male,21,Engineering,71.5,73,72,78.8,100.0,83,70,74.8,C,16,yes,Associate,low,4
2738,Aaron,Carrillo,aaron.carrillo2738@email.com,Female,20,Computer Science,87.0,71,64,65.0,74.4,64,61,66.5,D,13,yes,Bachelor's,medium,5
2739,Zachary,Best,zachary.best2739@email.com,Male,22,Biology,96.9,71,80,89.7,82.1,81,100,80.4,B-,13,yes,High School,low,4
2740,Dana,Lambert,dana.lambert2740@email.com,Male,20,English Literature,82.6,40,40,50.0,50.0,60,50,43.5,F,8,yes,High School,low,5
2741,Todd,Coleman,todd.coleman2741@email.com,Male,19,Psychology,99.8,61,64,67.2,61.1,60,55,62.3,D,12,yes,Master's,medium,6
2742,David,Clarke,david.clarke2742@email.com,Male,22,Psychology,82.8,40,40,50.0,50.0,60,50,43.5,F,14,yes,Master's,medium,6
2743,Hannah,Maxwell,hannah.maxwell2743@email.com,Female,24,English Literature,79.3,69,74,85.3,67.8,92,78,74.7,C,15,yes,Master's,low,5
2744,Cheryl,Alexander,cheryl.alexander2744@email.com,Female,23,Political Science,77.4,58,49,57.9,64.3,71,65,56.2,F,18,no,High School,medium,6
2745,Anne,Ramos,anne.ramos2745@email.com,Female,21,Business,100.0,71,63,83.1,71.6,67,85,70.3,C-,18,yes,Bachelor's,medium,4
2746,Grace,Kelley,grace.kelley2746@email.com,Female,24,Engineering,89.5,76,74,83.5,72.3,75,75,75.7,C,10,yes,High School,low,5
2747,Evan,Reid,evan.reid2747@email.com,Male,20,Biology,85.4,54,60,56.3,63.9,60,53,57.3,F,17,yes,Associate,medium,7
2748,Justin,Phillips,justin.phillips2748@email.com,Female,18,Political Science,79.8,90,77,88.6,67.7,65,87,82.0,B-,13,yes,Associate,high,4
2749,Michael,Lindsey,michael.lindsey2749@email.com,Male,19,Political Science,95.0,73,71,84.8,71.4,83,80,74.6,C,7,no,Bachelor's,medium,4
2750,Donna,Pennington,donna.pennington2750@email.com,Male,24,Computer Science,81.7,80,68,89.4,90.2,72,86,76.9,C,16,yes,High School,medium,3
2751,Jessica,Harris,jessica.harris2751@email.com,Female,18,History,82.9,40,45,54.4,50.0,60,50,45.9,F,8,yes,Master's,medium,6
2752,Kevin,Shields,kevin.shields2752@email.com,Male,24,Computer Science,89.3,77,55,77.9,50.6,63,62,64.8,D,11,yes,Associate,low,4
2753,Linda,Pierce,linda.pierce2753@email.com,Female,19,Computer Science,100.0,66,57,64.0,67.1,60,54,60.8,D,14,yes,Bachelor's,high,7
2754,Edward,Thomas,edward.thomas2754@email.com,Male,19,Physics,70.9,48,62,51.7,71.4,60,50,56.0,F,13,yes,High School,low,7
2755,Michael,Lewis,michael.lewis2755@email.com,Female,24,Economics,98.7,68,74,96.2,87.1,64,74,74.6,C,14,yes,High School,low,5
2756,Ashley,Martinez,ashley.martinez2756@email.com,Female,18,Computer Science,73.7,53,71,87.7,75.8,75,73,68.0,D,20,yes,Master's,high,6
2757,Morgan,Johnson,morgan.johnson2757@email.com,Female,22,Biology,80.1,74,56,70.6,50.0,69,53,62.9,D,5,yes,Bachelor's,high,7
2758,Roy,Smith,roy.smith2758@email.com,Male,24,Chemistry,72.6,61,46,53.8,50.0,60,50,52.6,F,11,yes,Bachelor's,medium,8
2759,Ethan,Avila,ethan.avila2759@email.com,Female,21,Political Science,91.0,48,61,54.9,52.7,60,61,56.1,F,9,yes,Master's,high,7
2760,Amanda,Massey,amanda.massey2760@email.com,Male,21,Economics,91.7,57,50,57.3,52.4,60,50,53.5,F,12,yes,Bachelor's,medium,5
2761,Juan,Woods,juan.woods2761@email.com,Female,22,Economics,94.9,56,83,89.4,79.7,60,78,73.7,C,19,yes,Bachelor's,medium,9
2762,Lisa,Freeman,lisa.freeman2762@email.com,Female,18,Mathematics,89.9,72,74,93.6,77.9,66,88,76.6,C,7,yes,Bachelor's,high,5
2763,Heather,Jones,heather.jones2763@email.com,Male,18,Mathematics,82.7,42,40,50.0,50.0,60,50,44.1,F,14,no,Associate,high,5
2764,Ricky,Rodgers,ricky.rodgers2764@email.com,Female,24,Engineering,86.8,85,78,74.6,68.7,61,70,77.7,C+,15,yes,Master's,high,7
2765,Jennifer,Frederick,jennifer.frederick2765@email.com,Female,19,Chemistry,90.8,82,92,85.3,81.7,84,77,86.0,B,16,yes,High School,medium,6
2766,Leslie,Ramirez,leslie.ramirez2766@email.com,Female,24,Chemistry,100.0,79,77,83.3,72.7,73,74,77.6,C+,15,yes,High School,low,6
2767,Duane,Mullins,duane.mullins2767@email.com,Male,22,Engineering,84.8,49,62,50.0,50.0,60,50,55.0,F,10,yes,Bachelor's,medium,4
2768,Danielle,Wong,danielle.wong2768@email.com,Female,20,Mathematics,98.7,50,47,62.6,50.0,60,66,52.2,F,7,yes,High School,medium,9
2769,Kelly,Mueller,kelly.mueller2769@email.com,Male,23,Psychology,81.3,65,60,64.1,89.7,70,77,65.7,D,12,yes,High School,low,7
2770,Michele,Henson,michele.henson2770@email.com,Male,21,Business,86.8,75,96,85.1,71.4,86,95,86.8,B,7,no,Master's,low,3
2771,Cindy,Long,cindy.long2771@email.com,Female,19,History,87.1,60,67,68.6,70.2,67,68,65.4,D,5,yes,Doctorate,medium,5
2772,Steven,Reeves,steven.reeves2772@email.com,Female,18,Mathematics,76.2,77,84,70.3,66.5,69,82,78.8,C+,10,yes,Bachelor's,low,3
2773,Michael,Cooper,michael.cooper2773@email.com,Female,24,Psychology,93.1,82,78,74.8,82.0,86,73,79.1,C+,13,yes,Associate,low,3
2774,Tracy,Navarro,tracy.navarro2774@email.com,Male,20,History,67.4,41,48,50.0,50.0,62,51,47.2,F,15,yes,Associate,medium,5
2775,Brenda,Smith,brenda.smith2775@email.com,Male,20,Mathematics,100.0,64,65,60.3,63.4,64,61,63.8,D,11,yes,Master's,medium,7
2776,Walter,Mills,walter.mills2776@email.com,Female,20,Computer Science,89.6,64,72,75.5,84.2,64,74,70.4,C-,17,yes,Associate,medium,7
2777,Cameron,Vega,cameron.vega2777@email.com,Female,18,Biology,70.6,79,81,85.7,70.2,83,84,80.9,B-,7,yes,Bachelor's,low,5
2778,Molly,Roberson,molly.roberson2778@email.com,Female,24,Economics,83.2,78,90,83.6,79.8,65,96,84.7,B,17,yes,Bachelor's,medium,3
2779,Eileen,Morgan,eileen.morgan2779@email.com,Female,23,Engineering,96.4,78,72,79.1,93.2,75,90,77.6,C+,7,yes,Associate,low,5
2780,Zachary,Melton,zachary.melton2780@email.com,Male,22,Physics,78.7,40,45,50.0,50.0,60,50,45.5,F,6,no,Associate,low,8
2781,Grant,Banks,grant.banks2781@email.com,Female,18,Engineering,87.1,94,81,76.2,69.9,80,80,83.8,B,24,yes,Master's,medium,7
2782,Anna,Lynch,anna.lynch2782@email.com,Male,22,Computer Science,84.9,40,40,50.0,50.0,60,50,43.5,F,16,no,Bachelor's,medium,4
2783,William,Johnson,william.johnson2783@email.com,Female,19,Business,85.7,72,89,77.5,70.0,72,72,79.3,C+,11,yes,Bachelor's,high,2
2784,Hannah,Mcdonald,hannah.mcdonald2784@email.com,Female,21,History,100.0,72,67,85.0,88.8,67,75,72.3,C-,14,yes,High School,low,5
2785,Kari,Hart,kari.hart2785@email.com,Female,21,Mathematics,74.2,69,65,75.3,70.4,60,61,66.9,D,14,no,High School,high,6
2786,Sara,Mclaughlin,sara.mclaughlin2786@email.com,Male,22,Chemistry,65.6,82,69,62.4,66.2,60,79,72.7,C-,12,yes,Bachelor's,medium,3
2787,Joseph,Rowe,joseph.rowe2787@email.com,Female,20,Physics,97.4,61,87,91.9,84.3,60,85,78.1,C+,5,yes,Bachelor's,medium,6
2788,Brian,Walker,brian.walker2788@email.com,Male,21,Business,93.9,58,63,58.3,62.8,63,71,61.9,D,10,yes,Bachelor's,medium,7
2789,Kimberly,Alexander,kimberly.alexander2789@email.com,Male,20,Physics,100.0,84,65,62.1,89.3,64,72,72.3,C-,11,yes,Doctorate,medium,2
2790,Glenda,Walker,glenda.walker2790@email.com,Female,19,Economics,99.6,99,77,91.7,80.1,70,60,83.3,B,14,yes,Master's,medium,4
2791,Peggy,Vincent,peggy.vincent2791@email.com,Male,24,History,76.9,82,75,73.4,66.5,60,84,76.7,C,5,yes,Bachelor's,medium,3
2792,Michael,Valdez,michael.valdez2792@email.com,Female,23,Chemistry,60.8,53,70,65.9,70.1,68,77,65.1,D,5,yes,Bachelor's,low,7
2793,Pamela,Coleman,pamela.coleman2793@email.com,Female,18,Physics,83.8,53,49,66.9,53.6,67,64,54.8,F,16,no,Bachelor's,medium,9
2794,Brian,Holt,brian.holt2794@email.com,Female,19,Physics,78.2,87,70,82.9,77.6,70,86,78.4,C+,14,yes,Bachelor's,medium,6
2795,Alicia,Cox,alicia.cox2795@email.com,Male,21,Political Science,74.2,57,67,66.2,70.6,60,52,62.3,D,11,no,Bachelor's,low,7
2796,Dawn,Bradley,dawn.bradley2796@email.com,Female,24,Chemistry,99.3,73,77,80.6,59.8,79,73,75.1,C,10,yes,Associate,low,5
2797,Ashley,Thompson,ashley.thompson2797@email.com,Male,20,Chemistry,81.9,75,76,86.9,74.7,61,70,75.5,C,14,yes,Bachelor's,medium,6
2798,Zachary,Jones,zachary.jones2798@email.com,Female,20,Business,87.1,49,54,69.7,67.3,60,64,56.0,F,16,yes,Bachelor's,low,7
2799,Theresa,Noble,theresa.noble2799@email.com,Male,21,Economics,81.9,40,40,50.0,50.0,60,50,43.5,F,6,yes,Master's,low,7
2800,Donald,Chung,donald.chung2800@email.com,Male,20,History,97.7,66,82,86.3,80.0,78,78,77.0,C,9,no,High School,low,4
2801,Megan,Combs,megan.combs2801@email.com,Female,21,Engineering,86.8,51,78,69.4,67.2,82,59,66.9,D,12,yes,Associate,low,7
2802,Catherine,Mercado,catherine.mercado2802@email.com,Male,21,History,88.7,71,72,78.6,73.3,94,61,72.4,C-,11,yes,Master's,medium,3
2803,Kelsey,Fleming,kelsey.fleming2803@email.com,Male,23,Mathematics,75.4,68,57,77.1,61.4,60,71,64.2,D,10,no,High School,high,7
2804,Tiffany,Johnson,tiffany.johnson2804@email.com,Male,22,Business,84.0,61,49,56.5,72.3,60,50,55.2,F,16,yes,Associate,low,8
2805,Judy,Lee,judy.lee2805@email.com,Female,23,Political Science,74.0,41,42,50.0,50.0,60,50,44.6,F,9,yes,Master's,low,7
2806,Steven,Gonzalez,steven.gonzalez2806@email.com,Female,21,Computer Science,68.7,79,75,90.1,76.1,60,54,75.0,C,14,yes,Doctorate,medium,5
2807,Christopher,Mitchell,christopher.mitchell2807@email.com,Male,23,Economics,73.0,60,40,50.0,50.0,60,50,49.5,F,12,yes,Doctorate,high,2
2808,Jacqueline,Johnson,jacqueline.johnson2808@email.com,Female,18,Chemistry,82.6,76,93,92.3,87.3,76,72,84.6,B,9,yes,Associate,low,5
2809,Levi,Carlson,levi.carlson2809@email.com,Male,24,Political Science,66.3,42,40,50.0,50.0,60,50,44.1,F,5,yes,High School,low,3
2810,Christopher,Martinez,christopher.martinez2810@email.com,Female,20,History,76.0,55,63,61.8,63.1,60,60,60.1,D,7,yes,High School,medium,5
2811,Joshua,Adams,joshua.adams2811@email.com,Male,18,Engineering,89.7,54,55,67.2,50.0,60,56,56.1,F,21,yes,Associate,medium,8
2812,Angela,Gray,angela.gray2812@email.com,Female,19,Business,96.3,71,71,84.1,75.0,74,66,72.2,C-,6,yes,Bachelor's,medium,2
2813,Christopher,Jefferson,christopher.jefferson2813@email.com,Female,24,Biology,81.8,53,57,50.0,50.0,60,50,54.2,F,5,no,Bachelor's,medium,7
2814,Wendy,Norris,wendy.norris2814@email.com,Male,19,Political Science,81.9,93,87,91.0,66.6,87,83,87.9,B+,22,yes,Master's,medium,5
2815,Jennifer,Clark,jennifer.clark2815@email.com,Male,23,Mathematics,82.3,40,41,50.0,50.0,60,50,43.9,F,15,yes,Bachelor's,high,6
2816,Tanya,Guerra,tanya.guerra2816@email.com,Female,20,English Literature,74.2,43,56,61.0,60.3,60,59,53.3,F,11,yes,Associate,medium,7
2817,Kristin,White,kristin.white2817@email.com,Female,18,Mathematics,84.6,87,85,84.2,80.3,79,63,82.9,B-,8,no,Bachelor's,medium,3
2818,Kara,Silva,kara.silva2818@email.com,Male,21,Physics,95.7,57,69,61.5,67.6,90,57,64.5,D,16,yes,High School,low,5
2819,Samuel,Jones,samuel.jones2819@email.com,Female,20,Biology,83.5,75,59,73.6,65.2,60,69,66.7,D,19,yes,Associate,medium,8
2820,Joann,Griffith,joann.griffith2820@email.com,Male,23,Mathematics,82.9,86,81,73.3,56.4,83,57,78.2,C+,13,yes,Master's,low,5
2821,Sharon,Estrada,sharon.estrada2821@email.com,Male,18,Business,76.4,46,49,61.1,50.0,60,50,50.0,F,10,no,Bachelor's,medium,7
2822,Zachary,Day,zachary.day2822@email.com,Female,22,Engineering,71.2,89,85,98.2,80.9,82,80,86.7,B,16,yes,High School,medium,4
2823,Julia,Harmon,julia.harmon2823@email.com,Female,24,Biology,85.7,70,48,61.5,54.9,62,60,58.3,F,12,no,Associate,medium,4
2824,Justin,Garcia,justin.garcia2824@email.com,Male,19,Biology,87.3,79,76,74.7,75.4,81,70,76.5,C,13,no,Associate,high,6
2825,Bruce,Castro,bruce.castro2825@email.com,Male,21,Physics,99.5,52,68,69.7,60.6,60,52,61.1,D,14,yes,High School,medium,9
2826,Lisa,Moore,lisa.moore2826@email.com,Male,19,Economics,89.7,63,72,84.8,70.6,61,79,70.8,C-,20,yes,Master's,high,4
2827,John,Farley,john.farley2827@email.com,Male,19,History,100.0,79,69,68.4,67.4,67,54,70.3,C-,16,yes,Doctorate,high,5
2828,Jamie,Wallace,jamie.wallace2828@email.com,Male,18,Computer Science,72.8,65,68,74.2,66.1,64,81,68.8,D,15,yes,Master's,medium,9
2829,Eileen,Middleton,eileen.middleton2829@email.com,Female,18,Physics,100.0,68,55,66.6,62.1,60,57,60.9,D,15,yes,Master's,low,8
2830,David,Moon,david.moon2830@email.com,Female,23,Political Science,82.1,95,86,98.0,78.7,75,78,88.2,B+,5,yes,High School,medium,5
2831,Shane,Larson,shane.larson2831@email.com,Female,24,Biology,63.9,40,51,65.9,60.5,62,65,51.7,F,16,yes,Master's,high,7
2832,Janet,Franklin,janet.franklin2832@email.com,Male,24,Psychology,93.9,81,69,71.6,82.4,63,71,73.6,C,12,yes,Bachelor's,high,3
2833,John,Shelton,john.shelton2833@email.com,Male,20,Mathematics,88.2,53,59,61.5,63.4,74,64,59.0,F,14,no,Master's,high,9
2834,Christian,Grant,christian.grant2834@email.com,Male,20,Chemistry,91.4,44,44,58.5,50.0,66,63,48.8,F,5,yes,Master's,high,6
2835,Aaron,Howard,aaron.howard2835@email.com,Male,21,Political Science,90.5,40,45,56.9,65.5,60,53,47.3,F,17,yes,High School,low,4
2836,Jacqueline,Smith,jacqueline.smith2836@email.com,Female,18,Biology,72.5,67,86,92.9,75.4,88,66,78.6,C+,15,yes,Bachelor's,medium,6
2837,John,Ellis,john.ellis2837@email.com,Male,20,Political Science,93.8,69,79,86.9,82.2,84,77,77.0,C+,9,yes,Master's,medium,7
2838,Jose,Peters,jose.peters2838@email.com,Male,19,Business,88.9,71,72,87.6,92.4,70,100,77.0,C+,20,yes,Bachelor's,low,5
2839,Chris,Campbell,chris.campbell2839@email.com,Female,21,Physics,89.4,83,76,79.8,62.6,75,74,77.6,C+,5,yes,Master's,high,4
2840,Nathaniel,Russell,nathaniel.russell2840@email.com,Male,18,English Literature,66.2,53,67,63.3,58.8,60,75,62.6,D,10,yes,Associate,medium,7
2841,Eileen,Williams,eileen.williams2841@email.com,Female,19,Physics,78.7,74,73,83.3,65.8,94,87,76.5,C,13,no,Associate,medium,3
2842,Destiny,Pace,destiny.pace2842@email.com,Male,20,Psychology,71.5,59,71,68.3,58.4,77,61,65.8,D,17,yes,Master's,high,8
2843,Chelsea,Webb,chelsea.webb2843@email.com,Female,24,Mathematics,63.6,73,51,50.0,71.2,60,59,59.8,F,9,yes,Master's,low,8
2844,Matthew,Barnes,matthew.barnes2844@email.com,Male,20,Computer Science,91.8,53,80,80.9,76.0,94,63,70.9,C-,17,yes,Associate,medium,7
2845,Brittney,Ramirez,brittney.ramirez2845@email.com,Male,19,Political Science,93.3,83,50,60.8,74.5,68,56,63.8,D,13,yes,Associate,low,8
2846,Michelle,Cunningham,michelle.cunningham2846@email.com,Female,24,History,76.8,49,70,76.6,80.0,71,78,65.7,D,5,yes,Bachelor's,medium,5
2847,John,Turner,john.turner2847@email.com,Female,18,Psychology,81.8,48,50,59.2,50.0,60,57,51.5,F,11,yes,Doctorate,medium,6
2848,Lisa,Lawrence,lisa.lawrence2848@email.com,Female,24,Physics,86.5,54,54,85.3,55.3,79,58,58.9,F,13,yes,Master's,high,8
2849,Lisa,Smith,lisa.smith2849@email.com,Female,24,English Literature,85.1,40,40,50.0,50.0,60,50,43.6,F,9,yes,Associate,medium,5
2850,Angela,Richardson,angela.richardson2850@email.com,Female,24,Biology,79.5,46,64,50.4,59.5,75,57,56.9,F,11,no,High School,low,4
2851,Kenneth,Gardner,kenneth.gardner2851@email.com,Female,24,Business,90.8,81,83,83.5,81.9,70,81,81.6,B-,7,no,Bachelor's,high,4
2852,Anthony,Hunter,anthony.hunter2852@email.com,Female,23,Engineering,92.0,69,78,80.2,87.1,71,100,77.8,C+,9,no,Doctorate,low,5
2853,Wyatt,Chambers,wyatt.chambers2853@email.com,Male,19,Chemistry,60.0,41,40,50.0,50.0,60,50,43.8,F,14,yes,Bachelor's,medium,8
2854,Sherri,Mckay,sherri.mckay2854@email.com,Female,20,Psychology,79.9,40,51,61.0,50.0,60,56,49.7,F,10,yes,Bachelor's,medium,9
2855,William,Lang,william.lang2855@email.com,Male,24,Biology,78.8,83,90,78.3,80.0,77,80,84.6,B,17,no,High School,low,5
2856,Heather,Smith,heather.smith2856@email.com,Female,24,Computer Science,75.3,80,73,75.0,74.4,60,78,75.3,C,6,yes,Associate,medium,6
2857,Jose,Williams,jose.williams2857@email.com,Female,21,Business,88.8,59,63,69.4,61.2,69,76,64.0,D,9,no,Associate,medium,5
2858,Mark,Chavez,mark.chavez2858@email.com,Female,20,Biology,83.1,82,83,85.9,100.0,84,62,81.9,B-,9,yes,Associate,high,5
2859,Jeffrey,Matthews,jeffrey.matthews2859@email.com,Male,22,Chemistry,83.2,91,67,92.9,81.3,92,77,79.9,C+,13,no,High School,medium,1
2860,Robert,Richardson,robert.richardson2860@email.com,Female,23,Business,70.1,54,53,64.0,70.0,66,67,57.4,F,11,yes,Master's,low,8
2861,Michael,Brooks,michael.brooks2861@email.com,Male,20,English Literature,87.7,82,71,81.5,84.3,82,73,76.8,C,13,yes,Doctorate,low,6
2862,Blake,Brown,blake.brown2862@email.com,Female,20,Mathematics,95.2,85,78,79.8,74.0,92,99,83.0,B-,11,yes,High School,medium,6
2863,Kimberly,Richardson,kimberly.richardson2863@email.com,Male,22,Business,84.5,80,84,76.0,79.0,72,59,78.7,C+,14,yes,Bachelor's,low,2
2864,Monique,Hall,monique.hall2864@email.com,Female,20,Economics,84.5,80,79,92.6,85.6,68,70,79.6,C+,11,yes,High School,low,3
2865,Kimberly,Medina,kimberly.medina2865@email.com,Male,23,Chemistry,83.7,40,40,50.0,50.0,60,50,43.5,F,12,yes,Doctorate,medium,6
2866,Heather,Davis,heather.davis2866@email.com,Female,24,Political Science,97.8,53,64,65.3,58.1,60,64,60.4,D,10,yes,Bachelor's,low,7
2867,Michelle,Duncan,michelle.duncan2867@email.com,Female,21,Chemistry,75.9,67,85,81.8,67.9,72,74,76.8,C,9,yes,Bachelor's,medium,2
2868,Tonya,Rowland,tonya.rowland2868@email.com,Male,18,Computer Science,90.7,73,68,79.6,75.1,67,80,72.3,C-,13,yes,High School,low,6
2869,Erik,Smith,erik.smith2869@email.com,Male,20,Economics,82.3,70,60,78.6,76.9,97,65,68.2,D,18,yes,Associate,medium,9
2870,Brandon,Little,brandon.little2870@email.com,Male,18,Biology,80.5,40,54,50.0,50.0,60,50,49.1,F,8,yes,Associate,medium,5
2871,Emma,Jones,emma.jones2871@email.com,Male,24,Computer Science,74.5,74,77,81.0,84.6,71,55,74.4,C,11,yes,High School,low,3
2872,Rachel,Shaffer,rachel.shaffer2872@email.com,Female,18,English Literature,81.3,85,82,84.5,71.5,76,83,82.5,B-,9,no,Master's,medium,8
2873,Scott,Campos,scott.campos2873@email.com,Female,18,Engineering,94.9,51,45,64.7,50.0,64,50,50.5,F,10,yes,Associate,low,5
2874,Robin,Hanna,robin.hanna2874@email.com,Female,24,Computer Science,90.0,87,73,76.1,71.4,82,85,79.1,C+,9,yes,Bachelor's,low,3
2875,Melanie,Gonzalez,melanie.gonzalez2875@email.com,Male,24,Engineering,74.2,95,81,80.1,74.8,73,90,85.4,B,20,yes,Bachelor's,medium,4
2876,Abigail,Allen,abigail.allen2876@email.com,Male,20,History,64.5,68,71,84.4,61.8,83,82,72.7,C-,10,no,Master's,high,4
2877,Jonathan,Waters,jonathan.waters2877@email.com,Female,18,Economics,83.0,72,45,62.7,72.4,60,61,58.6,F,9,yes,Associate,medium,6
2878,Roger,Johnson,roger.johnson2878@email.com,Female,24,Physics,72.9,44,56,50.0,53.2,60,54,51.7,F,13,yes,Doctorate,low,8
2879,Mary,Williams,mary.williams2879@email.com,Female,21,Business,75.6,44,57,52.5,56.6,77,65,54.5,F,9,yes,High School,low,6
2880,Chelsea,Thompson,chelsea.thompson2880@email.com,Female,23,Economics,99.0,86,87,80.1,78.7,88,84,85.4,B,8,yes,High School,low,5
2881,Andrea,Lloyd,andrea.lloyd2881@email.com,Male,20,Business,84.2,67,63,76.9,56.9,60,58,64.7,D,5,yes,Associate,low,10
2882,Edwin,English,edwin.english2882@email.com,Female,19,Chemistry,67.8,81,92,81.6,67.2,80,66,83.2,B,16,yes,Bachelor's,medium,3
2883,Timothy,Cooley,timothy.cooley2883@email.com,Female,21,Physics,100.0,70,89,65.4,69.1,81,88,79.5,C+,17,yes,High School,medium,4
2884,Kristin,Hudson,kristin.hudson2884@email.com,Male,22,Psychology,79.1,64,52,53.1,56.6,77,50,57.0,F,7,no,Bachelor's,medium,8
2885,Linda,Marshall,linda.marshall2885@email.com,Female,23,Chemistry,81.3,67,80,71.1,83.4,62,90,75.6,C,11,yes,Associate,low,4
2886,Erin,Lewis,erin.lewis2886@email.com,Male,20,Engineering,81.5,56,66,59.8,76.4,61,77,63.8,D,12,no,Associate,medium,8
2887,Chelsea,Bowman,chelsea.bowman2887@email.com,Female,24,History,100.0,47,40,62.3,55.3,60,57,47.8,F,7,yes,High School,low,8
2888,Matthew,Clark,matthew.clark2888@email.com,Female,20,Economics,81.6,51,58,68.7,50.7,60,72,58.1,F,12,yes,Bachelor's,medium,4
2889,Jimmy,Vargas,jimmy.vargas2889@email.com,Male,24,Computer Science,86.5,62,59,78.7,51.4,60,53,61.0,D,8,yes,Associate,medium,6
2890,Tyler,Simmons,tyler.simmons2890@email.com,Female,23,Political Science,79.9,49,67,71.9,55.5,60,65,61.1,D,5,yes,High School,medium,9
2891,Jonathan,Martinez,jonathan.martinez2891@email.com,Female,22,Political Science,72.4,40,43,50.0,56.0,60,50,45.0,F,11,yes,Associate,medium,5
2892,Catherine,Adams,catherine.adams2892@email.com,Male,19,Biology,77.8,41,42,50.0,50.0,60,50,44.6,F,13,no,Bachelor's,medium,6
2893,Denise,Marquez,denise.marquez2893@email.com,Female,20,Economics,85.7,92,75,76.4,81.7,70,94,82.3,B-,20,yes,Doctorate,medium,5
2894,Kristine,Higgins,kristine.higgins2894@email.com,Male,20,Chemistry,97.6,56,53,57.8,55.3,60,50,54.5,F,9,yes,Associate,medium,8
2895,Patricia,Montgomery,patricia.montgomery2895@email.com,Male,21,Engineering,90.7,87,83,88.0,84.6,85,95,86.2,B,11,yes,High School,medium,3
2896,Jasmine,Cline,jasmine.cline2896@email.com,Male,23,Computer Science,86.9,89,83,70.0,79.1,89,87,84.1,B,13,yes,Bachelor's,low,6
2897,Samantha,Ferguson,samantha.ferguson2897@email.com,Male,18,Physics,96.2,82,79,87.4,81.7,60,86,80.6,B-,12,yes,Doctorate,medium,6
2898,Kevin,Acosta,kevin.acosta2898@email.com,Male,22,Business,82.3,76,70,90.3,79.9,77,83,76.1,C,5,yes,Bachelor's,medium,6
2899,Paul,Anderson,paul.anderson2899@email.com,Female,19,Mathematics,73.8,79,78,91.0,94.7,73,86,81.0,B-,17,yes,Bachelor's,medium,5
2900,Mikayla,Greer,mikayla.greer2900@email.com,Female,22,Computer Science,80.5,92,80,77.6,77.5,68,100,84.7,B,12,yes,Associate,low,3
2901,Richard,Davis,richard.davis2901@email.com,Female,18,Political Science,77.9,63,76,81.7,78.2,75,80,73.2,C,5,yes,Master's,high,4
2902,Benjamin,Jackson,benjamin.jackson2902@email.com,Female,21,History,79.6,60,42,57.7,61.5,62,50,51.8,F,10,yes,Bachelor's,high,6
2903,Patrick,Morales,patrick.morales2903@email.com,Male,21,Mathematics,99.6,42,40,59.7,51.3,60,52,45.4,F,10,yes,Associate,low,6
2904,Jennifer,Dominguez,jennifer.dominguez2904@email.com,Female,22,Economics,100.0,75,93,80.1,72.9,90,77,83.6,B,15,yes,Associate,medium,5
2905,Anna,Taylor,anna.taylor2905@email.com,Male,23,Chemistry,91.3,91,79,93.1,83.3,73,75,83.6,B,8,yes,Master's,high,6
2906,Gary,Glass,gary.glass2906@email.com,Male,19,Mathematics,79.0,52,62,62.0,52.9,60,59,58.2,F,12,yes,Master's,medium,10
2907,Brandon,Drake,brandon.drake2907@email.com,Male,20,Chemistry,87.4,90,83,87.3,79.8,97,78,85.7,B,6,yes,High School,medium,3
2908,Tammy,Newman,tammy.newman2908@email.com,Male,21,Computer Science,72.4,77,67,72.9,81.8,80,68,72.2,C-,15,yes,High School,medium,6
2909,Jessica,Smith,jessica.smith2909@email.com,Male,24,Economics,87.0,74,68,91.2,84.9,75,86,75.2,C,10,no,High School,medium,5
2910,Brittany,Lopez,brittany.lopez2910@email.com,Female,19,History,76.9,84,68,80.4,66.9,66,98,77.0,C,18,yes,High School,low,8
2911,Gregory,Mercado,gregory.mercado2911@email.com,Male,23,Chemistry,87.7,93,74,71.4,79.5,85,61,79.0,C+,11,no,Master's,medium,5
2912,Jasmine,Parks,jasmine.parks2912@email.com,Female,20,Biology,100.0,85,68,90.2,89.7,62,80,77.4,C+,9,yes,Doctorate,high,6
2913,Michael,Hernandez,michael.hernandez2913@email.com,Female,18,Chemistry,95.9,79,76,70.9,66.6,60,70,74.6,C,12,yes,Associate,medium,6
2914,Jessica,Fritz,jessica.fritz2914@email.com,Female,20,Economics,93.1,70,68,77.7,70.5,76,84,71.7,C-,9,yes,Bachelor's,medium,2
2915,Eric,Smith,eric.smith2915@email.com,Male,20,History,62.1,56,50,55.6,52.6,60,50,53.0,F,7,yes,Bachelor's,low,5
2916,Jennifer,Potter,jennifer.potter2916@email.com,Female,22,Mathematics,89.2,40,49,50.0,50.0,60,50,47.1,F,8,yes,High School,low,6
2917,Stephanie,Armstrong,stephanie.armstrong2917@email.com,Female,22,Chemistry,91.4,40,40,50.0,50.0,60,50,43.5,F,8,yes,Master's,medium,8
2918,Patrick,Krueger,patrick.krueger2918@email.com,Female,24,Political Science,94.4,76,82,74.1,67.1,78,88,79.2,C+,15,yes,Master's,high,8
2919,Bernard,Franklin,bernard.franklin2919@email.com,Female,23,Physics,81.3,82,94,77.0,63.2,70,77,84.3,B,17,yes,Bachelor's,low,2
2920,Teresa,Allen,teresa.allen2920@email.com,Male,22,Engineering,85.6,75,59,63.3,66.9,67,50,64.2,D,6,yes,Master's,high,7
2921,Nicolas,Smith,nicolas.smith2921@email.com,Male,18,Mathematics,82.9,55,68,80.5,75.0,74,79,67.2,D,13,yes,High School,medium,7
2922,Brenda,Fields,brenda.fields2922@email.com,Male,21,Computer Science,91.7,66,62,50.0,53.3,60,64,61.7,D,15,yes,Bachelor's,low,4
2923,Allison,Huerta,allison.huerta2923@email.com,Female,22,English Literature,89.0,87,78,90.9,80.6,72,86,82.7,B-,10,no,Associate,medium,5
2924,Catherine,Cruz,catherine.cruz2924@email.com,Male,19,Physics,89.0,40,40,50.0,50.0,60,50,43.5,F,6,yes,Associate,medium,7
2925,Debra,Allen,debra.allen2925@email.com,Female,19,Political Science,82.2,40,40,50.0,50.0,60,50,43.5,F,11,yes,Associate,medium,5
2926,Christopher,Rodriguez,christopher.rodriguez2926@email.com,Female,20,Economics,77.6,40,40,50.0,50.0,60,50,43.5,F,12,yes,Associate,low,7
2927,Maria,Alvarez,maria.alvarez2927@email.com,Male,21,Mathematics,91.8,50,56,57.6,50.0,76,50,54.6,F,12,yes,Master's,high,5
2928,Thomas,Hardin,thomas.hardin2928@email.com,Male,24,Business,69.3,64,65,61.2,58.0,77,57,63.9,D,10,no,Associate,medium,7
2929,Steven,Anderson,steven.anderson2929@email.com,Female,18,English Literature,66.1,67,58,50.6,50.0,68,60,60.4,D,8,yes,Master's,low,7
2930,Xavier,Armstrong,xavier.armstrong2930@email.com,Female,23,Mathematics,95.0,46,52,67.8,66.8,66,68,54.9,F,14,yes,High School,low,8
2931,Jennifer,Shields,jennifer.shields2931@email.com,Female,22,English Literature,89.1,75,84,61.9,86.1,63,77,77.6,C+,15,yes,Associate,medium,6
2932,Anna,Ruiz,anna.ruiz2932@email.com,Male,20,Business,88.5,74,75,83.2,81.2,68,60,74.0,C,10,yes,Master's,medium,5
2933,David,Perez,david.perez2933@email.com,Male,18,Physics,89.7,77,65,93.9,82.3,78,87,75.3,C,14,yes,Bachelor's,medium,6
2934,Joseph,Maldonado,joseph.maldonado2934@email.com,Male,18,History,88.0,61,60,67.8,85.3,67,58,62.6,D,11,yes,High School,medium,5
2935,Thomas,Campbell,thomas.campbell2935@email.com,Female,20,Biology,69.6,64,70,66.4,78.0,60,64,67.2,D,7,yes,High School,medium,6
2936,Dustin,Evans,dustin.evans2936@email.com,Female,20,Computer Science,82.0,66,61,69.4,85.5,88,59,65.7,D,12,yes,Bachelor's,medium,5
2937,Ana,Mcpherson,ana.mcpherson2937@email.com,Female,24,Computer Science,96.8,87,88,76.5,93.7,88,77,85.8,B,14,yes,Master's,high,6
2938,Kimberly,Gibbs,kimberly.gibbs2938@email.com,Female,23,English Literature,72.3,62,54,67.5,85.8,61,63,60.6,D,7,yes,Associate,low,6
2939,Daniel,Johnson,daniel.johnson2939@email.com,Male,22,Political Science,94.0,85,74,80.8,77.5,71,85,79.2,C+,8,yes,Doctorate,high,4
2940,Bailey,Johnson,bailey.johnson2940@email.com,Female,23,Psychology,98.2,74,79,94.6,92.7,74,85,80.1,B-,10,yes,Bachelor's,low,5
2941,Julia,Jackson,julia.jackson2941@email.com,Male,20,Computer Science,94.1,42,64,64.4,64.2,69,88,60.1,D,5,yes,Bachelor's,medium,7
2942,Lorraine,Black,lorraine.black2942@email.com,Male,22,Political Science,95.5,60,79,70.8,75.2,83,57,70.3,C-,15,yes,Master's,medium,6
2943,Douglas,Nguyen,douglas.nguyen2943@email.com,Male,21,Engineering,100.0,75,99,89.7,80.2,66,70,85.5,B,7,yes,Master's,medium,6
2944,James,Beard,james.beard2944@email.com,Male,24,Psychology,91.9,90,70,93.3,83.4,80,100,82.5,B-,9,yes,High School,medium,5
2945,Tamara,Rivera,tamara.rivera2945@email.com,Male,24,Economics,95.2,55,49,59.7,50.0,69,50,53.1,F,5,yes,Master's,low,8
2946,Melissa,Sullivan,melissa.sullivan2946@email.com,Male,18,Chemistry,81.9,75,84,98.6,73.1,72,76,80.9,B-,8,yes,Master's,high,2
2947,Jose,Mcdowell,jose.mcdowell2947@email.com,Female,24,Political Science,100.0,52,69,72.0,57.6,60,67,63.0,D,14,yes,Doctorate,low,7
2948,William,Brown,william.brown2948@email.com,Female,24,Economics,93.8,76,85,74.3,60.9,67,68,77.5,C+,11,no,Associate,low,2
2949,Antonio,White,antonio.white2949@email.com,Female,23,English Literature,94.3,99,75,76.8,67.4,79,73,82.1,B-,5,yes,High School,medium,4
2950,Jennifer,Larson,jennifer.larson2950@email.com,Male,22,Political Science,96.3,64,50,52.4,53.9,61,57,56.0,F,15,yes,High School,low,7
2951,Wesley,Hall,wesley.hall2951@email.com,Male,19,Biology,89.7,75,64,78.1,76.3,72,76,71.0,C-,13,yes,Bachelor's,medium,5
2952,Susan,Bridges,susan.bridges2952@email.com,Female,23,Mathematics,87.6,63,62,68.1,50.0,61,66,62.8,D,12,yes,Master's,medium,7
2953,David,Cunningham,david.cunningham2953@email.com,Male,20,Biology,81.9,55,54,56.5,62.8,64,51,55.3,F,12,yes,High School,low,6
2954,Belinda,Daniel,belinda.daniel2954@email.com,Female,18,Psychology,77.9,52,54,62.8,65.1,69,60,56.2,F,13,yes,Bachelor's,medium,6
2955,Michael,Ferrell,michael.ferrell2955@email.com,Female,21,Engineering,100.0,74,68,90.8,79.7,60,87,74.2,C,12,yes,High School,low,6
2956,Rachel,Christensen,rachel.christensen2956@email.com,Male,22,Mathematics,97.2,67,68,75.2,65.3,73,70,68.8,D,11,yes,Bachelor's,medium,6
2957,Brandon,Leach,brandon.leach2957@email.com,Male,19,Mathematics,89.8,52,57,53.5,59.8,60,50,54.7,F,6,yes,Associate,medium,7
2958,Darin,Martinez,darin.martinez2958@email.com,Female,18,Psychology,90.2,71,85,77.8,80.5,73,75,78.4,C+,14,yes,Bachelor's,low,3
2959,Kurt,Phillips,kurt.phillips2959@email.com,Male,23,Biology,86.4,74,70,79.8,70.4,64,77,72.7,C-,10,yes,Master's,high,5
2960,Christopher,Garcia,christopher.garcia2960@email.com,Male,20,Political Science,77.8,69,60,70.2,53.3,64,57,63.4,D,10,yes,High School,medium,10
2961,Jennifer,Meyer,jennifer.meyer2961@email.com,Male,20,Business,100.0,64,71,99.4,81.6,79,85,74.2,C,15,yes,High School,medium,7
2962,Michael,Solomon,michael.solomon2962@email.com,Male,18,History,94.7,92,88,79.9,88.5,80,86,87.9,B+,12,yes,Associate,medium,6
2963,Shelly,Jordan,shelly.jordan2963@email.com,Male,23,Biology,77.0,68,70,85.3,75.6,85,60,71.0,C-,19,yes,Associate,high,5
2964,Nicholas,Lindsey,nicholas.lindsey2964@email.com,Female,24,Biology,73.9,83,87,80.8,78.1,78,81,83.7,B,12,yes,Associate,medium,4
2965,Melissa,Pope,melissa.pope2965@email.com,Female,24,Chemistry,96.7,70,72,71.2,72.2,81,85,73.2,C,13,no,Associate,medium,7
2966,Randy,Decker,randy.decker2966@email.com,Female,18,English Literature,80.0,81,76,61.3,86.7,76,68,75.9,C,7,yes,High School,medium,7
2967,Gary,Brewer,gary.brewer2967@email.com,Female,22,Mathematics,85.0,59,67,67.2,56.4,86,71,65.5,D,20,yes,Associate,medium,10
2968,Thomas,Ferguson,thomas.ferguson2968@email.com,Female,21,Chemistry,72.5,45,40,50.0,50.0,60,50,45.0,F,5,yes,Bachelor's,medium,7
2969,Stephen,Mills,stephen.mills2969@email.com,Female,22,Physics,92.1,68,76,88.5,65.3,68,62,72.6,C-,19,yes,Doctorate,medium,4
2970,Diana,Patterson,diana.patterson2970@email.com,Female,23,Engineering,92.0,96,90,82.8,82.6,70,83,89.0,B+,13,yes,Associate,medium,4
2971,Grant,Walsh,grant.walsh2971@email.com,Male,23,Psychology,77.4,73,80,81.8,75.7,77,64,76.2,C,18,yes,Master's,low,5
2972,Christopher,Johnson,christopher.johnson2972@email.com,Male,21,Psychology,82.7,78,75,88.5,85.1,60,71,76.7,C,10,yes,Associate,low,5
2973,Julie,Anderson,julie.anderson2973@email.com,Female,24,History,99.0,72,66,66.1,78.6,71,75,69.7,D,10,yes,Bachelor's,medium,6
2974,Kenneth,Moody,kenneth.moody2974@email.com,Male,22,Chemistry,89.7,63,56,76.7,52.9,70,66,61.8,D,9,no,Bachelor's,medium,7
2975,Carol,Jones,carol.jones2975@email.com,Male,22,Mathematics,83.9,47,47,50.0,50.0,60,50,48.4,F,11,yes,Associate,medium,7
2976,Larry,Turner,larry.turner2976@email.com,Male,20,Mathematics,100.0,73,81,83.9,76.0,75,79,78.2,C+,16,yes,Bachelor's,high,7
2977,Joshua,Pacheco,joshua.pacheco2977@email.com,Female,19,Economics,76.8,50,55,74.5,56.0,60,50,55.3,F,6,yes,High School,low,5
2978,Steve,Chapman,steve.chapman2978@email.com,Female,24,History,68.5,85,75,73.1,61.0,72,81,77.6,C+,8,yes,Associate,medium,3
2979,Brandon,Acosta,brandon.acosta2979@email.com,Female,21,Psychology,81.2,80,73,92.1,82.8,78,72,77.8,C+,8,yes,Associate,high,1
2980,Richard,Heath,richard.heath2980@email.com,Female,18,History,87.1,58,81,74.2,65.2,68,67,70.7,C-,16,yes,Bachelor's,medium,3
2981,Kristopher,Collins,kristopher.collins2981@email.com,Female,21,Computer Science,96.5,79,81,89.1,62.5,72,59,77.7,C+,5,yes,Doctorate,high,4
2982,Kelly,Bowers,kelly.bowers2982@email.com,Male,21,Business,76.3,65,58,67.3,65.7,64,82,64.2,D,12,yes,Associate,medium,5
2983,Danny,Allen,danny.allen2983@email.com,Female,21,History,94.2,54,86,85.1,73.8,72,82,74.6,C,11,yes,Associate,low,5
2984,Nicholas,Wilson,nicholas.wilson2984@email.com,Female,23,History,85.9,66,59,72.1,50.0,73,51,61.9,D,12,yes,Doctorate,high,5
2985,Sheila,Walker,sheila.walker2985@email.com,Male,20,History,93.3,62,66,83.8,90.2,74,84,70.0,C-,6,yes,High School,medium,4
2986,Jean,Sanders,jean.sanders2986@email.com,Female,22,Computer Science,79.3,89,80,71.7,76.2,60,72,80.0,C+,16,yes,Bachelor's,high,5
2987,Brittany,Brown,brittany.brown2987@email.com,Male,21,Chemistry,87.6,80,77,91.2,79.2,80,94,81.4,B-,20,yes,High School,medium,7
2988,Stephen,Roach,stephen.roach2988@email.com,Male,24,English Literature,80.7,42,40,50.0,54.1,60,50,44.3,F,6,no,Master's,low,4
2989,Mark,Kaiser,mark.kaiser2989@email.com,Female,18,Biology,81.0,52,52,50.0,52.4,60,55,52.5,F,12,yes,High School,low,5
2990,Andrew,Lucas,andrew.lucas2990@email.com,Male,18,Business,69.4,48,68,60.2,65.1,60,69,60.8,D,11,yes,High School,low,6
2991,Ashley,Young,ashley.young2991@email.com,Female,19,Computer Science,77.5,46,47,51.0,50.0,60,61,49.3,F,9,yes,Associate,medium,5
2992,Lisa,Anthony,lisa.anthony2992@email.com,Female,20,Economics,84.8,69,68,89.4,54.4,60,68,69.4,D,12,yes,Bachelor's,medium,8
2993,Wesley,Hopkins,wesley.hopkins2993@email.com,Female,20,English Literature,89.7,72,99,74.8,73.9,78,100,86.3,B,9,yes,Associate,medium,4
2994,Raymond,Richard,raymond.richard2994@email.com,Male,22,Engineering,81.6,81,65,71.2,85.3,67,69,72.1,C-,14,yes,Associate,medium,5
2995,Jared,Mccarty,jared.mccarty2995@email.com,Male,19,Business,66.9,40,40,50.0,61.8,60,50,44.1,F,9,yes,Master's,medium,7
2996,Joseph,Costa,joseph.costa2996@email.com,Female,20,History,82.8,61,48,50.0,50.0,60,50,53.0,F,13,yes,High School,medium,8
2997,James,Bowers,james.bowers2997@email.com,Female,23,English Literature,91.3,93,87,88.4,75.7,79,71,86.4,B,14,no,Bachelor's,medium,5
2998,Brandy,Davis,brandy.davis2998@email.com,Male,24,History,100.0,75,90,90.6,85.8,74,84,84.0,B,9,yes,High School,low,1
2999,James,White,james.white2999@email.com,Female,23,Chemistry,91.0,47,59,50.0,50.0,61,52,53.5,F,12,yes,High School,medium,6
3000,Austin,Gilbert,austin.gilbert3000@email.com,Female,18,Engineering,100.0,94,59,68.6,67.5,64,76,72.9,C-,8,yes,High School,medium,1
3001,Justin,Lopez,justin.lopez3001@email.com,Male,24,Computer Science,77.0,62,80,91.6,91.9,62,81,75.6,C,13,yes,Associate,low,3
3002,David,Sanchez,david.sanchez3002@email.com,Female,19,Business,77.3,89,76,88.4,98.6,63,83,82.4,B-,17,yes,Associate,medium,3
3003,Carrie,Pierce,carrie.pierce3003@email.com,Female,21,Biology,80.1,40,40,50.0,50.0,60,50,43.5,F,13,yes,Master's,medium,9
3004,Holly,David,holly.david3004@email.com,Male,23,Biology,91.7,63,72,69.8,81.8,78,72,69.9,D,8,yes,Bachelor's,high,6
3005,Jim,Freeman,jim.freeman3005@email.com,Male,20,Business,97.5,58,68,63.4,63.7,78,79,66.0,D,8,no,Master's,medium,6
3006,Craig,Boone,craig.boone3006@email.com,Female,20,Engineering,87.1,51,40,50.0,50.0,60,50,46.8,F,14,yes,Bachelor's,medium,9
3007,Joseph,Lee,joseph.lee3007@email.com,Female,19,Computer Science,86.2,90,78,81.6,90.0,61,89,82.8,B-,7,yes,High School,low,4
3008,Elizabeth,Norris,elizabeth.norris3008@email.com,Female,18,English Literature,89.4,82,60,75.8,77.4,73,73,71.1,C-,15,yes,Associate,medium,5
3009,Daniel,Velez,daniel.velez3009@email.com,Female,20,Business,100.0,71,88,77.8,68.0,66,86,79.6,C+,8,yes,Associate,medium,6
3010,Kenneth,Castillo,kenneth.castillo3010@email.com,Female,24,Political Science,69.7,75,75,80.2,75.1,81,77,76.2,C,20,no,Bachelor's,medium,3
3011,Matthew,Hines,matthew.hines3011@email.com,Female,23,Economics,88.7,65,59,51.8,51.7,60,57,59.6,F,8,yes,Associate,medium,9
3012,Margaret,Norris,margaret.norris3012@email.com,Female,21,Economics,72.9,91,78,87.9,89.5,72,75,82.9,B-,14,yes,Associate,high,5
3013,Brian,Knapp,brian.knapp3013@email.com,Male,24,Business,82.7,71,78,79.8,66.4,60,79,74.8,C,9,yes,Associate,medium,7
3014,Jennifer,Adams,jennifer.adams3014@email.com,Male,24,Mathematics,89.1,50,78,71.3,86.2,80,69,68.6,D,11,yes,Master's,low,7
3015,Gina,Ramirez,gina.ramirez3015@email.com,Female,23,Physics,98.2,85,67,75.1,74.3,66,60,72.8,C-,9,yes,Bachelor's,medium,5
3016,Miranda,Hayes,miranda.hayes3016@email.com,Female,24,Business,78.5,64,48,56.0,72.9,74,63,57.7,F,5,yes,High School,low,8
3017,Robert,Nelson,robert.nelson3017@email.com,Male,24,Psychology,88.2,64,52,50.0,55.8,60,50,55.8,F,5,no,High School,medium,8
3018,Erin,Gross,erin.gross3018@email.com,Female,21,Biology,75.1,93,75,81.0,81.1,76,72,81.1,B-,8,yes,Bachelor's,medium,4
3019,Sean,Miller,sean.miller3019@email.com,Male,18,Economics,89.4,76,72,84.4,83.1,81,76,75.9,C,15,yes,High School,low,3
3020,Tracey,Garcia,tracey.garcia3020@email.com,Female,22,Computer Science,93.4,63,55,55.1,56.1,63,65,58.9,F,11,no,Associate,medium,7
3021,Gary,Lopez,gary.lopez3021@email.com,Male,24,History,73.5,50,66,68.1,67.2,60,57,60.3,D,15,yes,Bachelor's,low,3
3022,Dakota,Lynch,dakota.lynch3022@email.com,Female,20,Physics,88.8,66,70,74.1,59.5,64,51,66.5,D,11,yes,Associate,low,5
3023,Julia,Davis,julia.davis3023@email.com,Male,21,Political Science,67.0,61,75,78.6,82.4,78,53,69.6,D,13,no,Associate,low,8
3024,Barbara,Smith,barbara.smith3024@email.com,Female,18,Chemistry,94.6,70,69,85.8,85.1,67,83,73.1,C,14,yes,Master's,high,7
3025,Brandi,James,brandi.james3025@email.com,Male,24,Political Science,84.1,40,40,50.0,50.0,60,50,43.5,F,8,yes,Bachelor's,high,6
3026,Joshua,Watson,joshua.watson3026@email.com,Male,19,Engineering,89.3,84,83,90.8,76.2,70,83,83.2,B,18,yes,High School,medium,8
3027,Michelle,Smith,michelle.smith3027@email.com,Male,23,Business,84.0,82,87,60.6,75.3,73,81,81.0,B-,18,yes,Bachelor's,medium,4
3028,Gregory,Morris,gregory.morris3028@email.com,Female,21,English Literature,78.1,82,58,62.6,57.2,60,79,67.9,D,13,no,Associate,medium,6
3029,Anthony,Hall,anthony.hall3029@email.com,Male,20,Mathematics,85.9,82,74,83.1,81.6,71,76,77.8,C+,5,yes,Associate,high,5
3030,Darius,Martinez,darius.martinez3030@email.com,Male,22,Business,77.5,41,54,55.4,59.1,60,57,51.2,F,6,yes,Master's,high,6
3031,John,Roberts,john.roberts3031@email.com,Female,20,Biology,74.8,66,84,81.7,85.0,73,88,78.3,C+,10,yes,Bachelor's,medium,4
3032,Erica,Rose,erica.rose3032@email.com,Male,18,Political Science,82.1,81,70,94.2,78.6,60,74,76.1,C,21,yes,Associate,medium,3
3033,Alyssa,Gordon,alyssa.gordon3033@email.com,Female,18,Physics,95.0,94,74,81.8,75.5,70,76,80.9,B-,16,yes,Associate,medium,4
3034,John,Scott,john.scott3034@email.com,Male,19,Biology,60.0,85,64,84.3,71.4,77,76,74.7,C,17,yes,High School,medium,3
3035,Patricia,Gilmore,patricia.gilmore3035@email.com,Female,24,Mathematics,73.4,58,60,76.9,69.4,70,79,64.0,D,11,yes,Associate,medium,7
3036,Melissa,Ward,melissa.ward3036@email.com,Female,18,Physics,95.2,56,50,50.0,50.0,60,50,52.3,F,8,no,Associate,low,7
3037,Lisa,Vargas,lisa.vargas3037@email.com,Male,21,Biology,94.8,54,52,66.7,51.0,60,61,55.3,F,12,yes,Associate,low,8
3038,Kristin,Raymond,kristin.raymond3038@email.com,Female,22,Engineering,84.8,99,80,91.3,88.4,62,84,86.8,B,18,yes,High School,low,8
3039,Amber,Pearson,amber.pearson3039@email.com,Female,19,Physics,83.7,58,52,56.5,50.0,60,54,54.8,F,8,yes,High School,low,3
3040,Jacqueline,Smith,jacqueline.smith3040@email.com,Female,23,History,91.5,40,40,50.0,50.0,60,50,43.5,F,5,yes,Bachelor's,medium,6
3041,Richard,Young,richard.young3041@email.com,Female,21,Psychology,95.9,67,57,72.5,51.4,60,50,60.8,D,10,yes,High School,high,8
3042,Steven,Cantu,steven.cantu3042@email.com,Female,22,Chemistry,80.6,73,68,79.9,86.0,65,77,72.5,C-,13,yes,Associate,medium,3
3043,Andrew,Martinez,andrew.martinez3043@email.com,Female,18,Political Science,98.2,84,70,98.0,89.0,72,76,78.7,C+,7,yes,Bachelor's,medium,5
3044,Emily,Wilkinson,emily.wilkinson3044@email.com,Male,18,English Literature,91.3,41,60,69.7,58.1,60,68,56.0,F,9,yes,Associate,medium,9
3045,Johnathan,Banks,johnathan.banks3045@email.com,Male,22,English Literature,84.7,40,40,50.0,50.0,60,50,43.5,F,15,yes,Doctorate,medium,7
3046,Jonathan,Boone,jonathan.boone3046@email.com,Male,21,Physics,97.3,87,57,72.9,77.0,60,78,70.9,C-,12,yes,Bachelor's,medium,5
3047,Andrew,Johnson,andrew.johnson3047@email.com,Female,23,Biology,79.0,61,57,58.9,50.8,60,53,57.9,F,6,yes,Associate,medium,7
3048,Scott,Lee,scott.lee3048@email.com,Female,21,Computer Science,77.3,61,61,60.8,50.0,60,55,59.9,F,13,yes,Associate,low,8
3049,Travis,Klein,travis.klein3049@email.com,Female,19,History,65.9,52,51,66.6,50.0,60,59,54.1,F,5,yes,Doctorate,medium,7
3050,Michael,Mccall,michael.mccall3050@email.com,Male,24,Biology,100.0,52,49,72.7,52.6,60,69,55.0,F,11,yes,Associate,medium,8
3051,Robert,Rivera,robert.rivera3051@email.com,Male,19,Business,85.8,68,71,69.4,69.5,60,74,69.7,D,11,no,Associate,high,6
3052,Dale,Cross,dale.cross3052@email.com,Male,21,Engineering,79.3,41,43,50.0,50.0,60,50,45.0,F,10,yes,Associate,medium,6
3053,Christopher,Dixon,christopher.dixon3053@email.com,Male,20,History,85.1,65,92,79.5,75.9,82,85,80.7,B-,5,yes,Master's,low,4
3054,Destiny,Perry,destiny.perry3054@email.com,Female,20,Economics,90.7,81,72,79.0,67.9,80,73,75.8,C,14,no,Bachelor's,medium,5
3055,Maria,Coleman,maria.coleman3055@email.com,Female,19,History,90.9,71,75,77.9,69.4,79,70,73.6,C,10,yes,Bachelor's,low,4
3056,John,Mitchell,john.mitchell3056@email.com,Male,24,English Literature,77.6,40,50,54.8,57.6,60,65,49.9,F,7,yes,Doctorate,high,7
3057,Victoria,Nguyen,victoria.nguyen3057@email.com,Female,20,Economics,73.5,65,89,88.2,78.9,78,76,79.4,C+,21,yes,Associate,medium,5
3058,Joseph,Hale,joseph.hale3058@email.com,Female,18,Psychology,100.0,84,70,78.5,78.6,75,73,76.1,C,11,yes,Associate,medium,4
3059,Laura,Sanchez,laura.sanchez3059@email.com,Female,23,Mathematics,95.6,92,74,82.6,84.8,87,82,82.3,B-,9,yes,Associate,high,2
3060,Jimmy,Clark,jimmy.clark3060@email.com,Female,20,Computer Science,75.2,49,54,53.5,50.0,60,54,52.6,F,10,yes,Associate,medium,9
3061,Marc,Hernandez,marc.hernandez3061@email.com,Female,22,English Literature,66.9,82,84,91.2,82.8,60,77,82.2,B-,10,yes,Master's,low,4
3062,Kyle,Torres,kyle.torres3062@email.com,Female,23,History,97.1,62,71,70.1,71.7,60,56,66.3,D,13,yes,Doctorate,medium,6
3063,Jeffrey,Crawford,jeffrey.crawford3063@email.com,Female,21,Physics,75.8,70,68,60.7,60.1,60,63,66.6,D,16,yes,Bachelor's,medium,7
3064,Zachary,Graham,zachary.graham3064@email.com,Male,19,History,100.0,71,73,78.7,69.0,70,88,74.2,C,11,yes,Doctorate,medium,6
3065,Darryl,Jones,darryl.jones3065@email.com,Female,19,Computer Science,90.4,57,68,55.0,67.9,60,50,61.2,D,15,no,Associate,medium,6
3066,Hailey,Wolf,hailey.wolf3066@email.com,Female,20,English Literature,81.7,65,56,71.9,61.4,60,65,61.7,D,9,yes,High School,low,6
3067,Amanda,Leach,amanda.leach3067@email.com,Female,23,Economics,89.4,57,79,81.1,81.9,74,82,72.9,C-,15,yes,High School,medium,3
3068,Chris,Edwards,chris.edwards3068@email.com,Male,19,Psychology,86.2,77,67,69.1,70.9,60,72,70.6,C-,13,yes,Master's,medium,4
3069,Michael,Lopez,michael.lopez3069@email.com,Male,20,Psychology,79.0,82,78,91.3,82.3,87,83,81.8,B-,16,yes,Doctorate,high,4
3070,Matthew,Smith,matthew.smith3070@email.com,Female,19,Mathematics,74.5,59,53,65.9,50.0,60,66,57.6,F,12,yes,Master's,low,7
3071,Lorraine,Smith,lorraine.smith3071@email.com,Male,21,History,86.0,59,87,70.3,75.7,83,86,76.1,C,14,no,Associate,medium,3
3072,Ashley,Garcia,ashley.garcia3072@email.com,Female,20,Physics,86.7,79,56,76.8,69.8,61,81,68.5,D,13,yes,Doctorate,medium,8
3073,Anita,Maynard,anita.maynard3073@email.com,Male,18,History,88.4,60,43,71.1,50.0,60,51,53.0,F,10,yes,Doctorate,high,6
3074,Kelly,Daniels,kelly.daniels3074@email.com,Male,24,Physics,82.4,89,93,83.0,80.0,77,73,87.4,B+,9,yes,Doctorate,medium,6
3075,Dylan,Davis,dylan.davis3075@email.com,Male,18,Political Science,91.8,63,68,74.7,55.9,60,59,65.3,D,6,yes,Associate,low,7
3076,Jasmin,Ruiz,jasmin.ruiz3076@email.com,Female,23,Business,72.3,85,75,83.9,89.0,69,80,79.8,C+,16,no,Associate,low,6
3077,Andrea,Lewis,andrea.lewis3077@email.com,Female,20,Political Science,88.2,70,69,76.6,83.9,63,79,71.6,C-,7,no,Bachelor's,medium,7
3078,Mary,Bishop,mary.bishop3078@email.com,Male,19,Psychology,81.9,56,45,56.2,50.0,60,51,51.1,F,14,yes,Bachelor's,medium,5
3079,Jacob,Russell,jacob.russell3079@email.com,Female,24,Business,82.7,60,73,73.6,58.4,71,77,68.8,D,5,yes,Master's,high,8
3080,Gina,Thomas,gina.thomas3080@email.com,Male,18,Chemistry,97.1,40,40,50.0,50.0,60,50,43.5,F,15,yes,Master's,medium,10
3081,Heather,Caldwell,heather.caldwell3081@email.com,Female,21,Business,78.2,74,43,64.1,53.6,67,50,56.9,F,14,yes,High School,medium,4
3082,Diana,Frost,diana.frost3082@email.com,Female,21,History,89.7,80,79,87.8,69.4,92,81,80.6,B-,9,yes,High School,medium,5
3083,Penny,Brown,penny.brown3083@email.com,Male,19,Chemistry,84.1,76,65,76.3,78.3,79,73,71.6,C-,5,yes,Associate,medium,2
3084,Brandon,Watts,brandon.watts3084@email.com,Male,20,Psychology,89.2,40,46,68.5,50.0,61,50,47.8,F,13,yes,High School,low,5
3085,Karen,Lopez,karen.lopez3085@email.com,Male,21,Psychology,76.3,68,83,69.0,63.1,64,63,73.2,C,22,yes,Bachelor's,high,5
3086,Michael,Valdez,michael.valdez3086@email.com,Male,18,Biology,97.7,61,66,68.4,63.0,60,66,64.3,D,12,yes,Bachelor's,medium,7
3087,Aaron,Meyer,aaron.meyer3087@email.com,Female,22,Psychology,98.0,67,72,77.1,50.3,60,71,69.3,D,13,yes,Bachelor's,medium,9
3088,Kelly,Moore,kelly.moore3088@email.com,Male,23,Mathematics,81.3,59,81,83.1,85.7,80,86,75.3,C,7,yes,High School,low,5
3089,James,Jensen,james.jensen3089@email.com,Male,23,Chemistry,86.2,40,47,50.0,50.0,60,50,46.3,F,11,yes,Bachelor's,medium,7
3090,Mason,Mills,mason.mills3090@email.com,Female,20,Political Science,77.1,72,75,90.6,80.6,76,81,76.6,C,14,yes,Associate,low,6
3091,Richard,Rogers,richard.rogers3091@email.com,Female,21,Political Science,77.5,40,47,66.1,60.5,60,50,48.4,F,10,yes,Associate,medium,8
3092,Ryan,Franco,ryan.franco3092@email.com,Male,22,Mathematics,81.0,62,76,75.1,69.4,64,77,71.0,C-,12,yes,Master's,medium,4
3093,Jane,Roberts,jane.roberts3093@email.com,Female,21,English Literature,80.2,83,68,99.0,85.0,60,67,76.0,C,14,yes,Master's,low,7
3094,Troy,Williams,troy.williams3094@email.com,Female,21,Mathematics,87.8,40,40,50.0,50.0,60,50,43.5,F,7,no,Associate,medium,7
3095,Jose,Francis,jose.francis3095@email.com,Female,21,Psychology,94.5,56,62,70.9,62.4,81,60,61.9,D,12,yes,High School,medium,5
3096,Gina,Mann,gina.mann3096@email.com,Female,24,English Literature,96.1,63,75,72.6,61.3,60,83,70.6,C-,7,yes,Master's,low,2
3097,Deborah,Jones,deborah.jones3097@email.com,Female,23,Economics,82.4,58,41,53.7,57.8,60,50,50.1,F,10,yes,Master's,medium,5
3098,Ian,Parks,ian.parks3098@email.com,Female,21,English Literature,98.5,74,75,92.9,87.3,72,72,76.7,C,6,yes,Associate,low,6
3099,Courtney,Brown,courtney.brown3099@email.com,Male,21,Psychology,92.8,50,50,50.0,54.2,60,55,51.3,F,14,yes,High School,high,7
3100,George,Green,george.green3100@email.com,Male,23,Chemistry,78.2,82,64,86.7,86.4,60,78,74.0,C,20,yes,High School,low,5
3101,Melissa,King,melissa.king3101@email.com,Male,23,Biology,76.3,40,40,50.0,61.9,60,60,45.2,F,10,yes,Bachelor's,medium,7
3102,Edward,Dillon,edward.dillon3102@email.com,Male,23,English Literature,85.8,83,64,60.3,75.9,60,50,68.3,D,14,no,Associate,low,5
3103,Alisha,Hall,alisha.hall3103@email.com,Male,22,Political Science,83.8,69,68,52.4,58.7,60,50,64.2,D,11,no,Master's,high,6
3104,Philip,Forbes,philip.forbes3104@email.com,Male,21,Political Science,94.8,81,81,81.2,80.3,65,73,79.5,C+,14,yes,Associate,low,5
3105,Sandra,Baker,sandra.baker3105@email.com,Female,18,English Literature,83.8,55,46,56.4,60.3,61,67,53.4,F,12,yes,High School,low,7
3106,Herbert,Short,herbert.short3106@email.com,Male,22,Biology,80.4,92,52,77.0,58.5,60,72,69.3,D,13,yes,Bachelor's,medium,8
3107,Michelle,Campos,michelle.campos3107@email.com,Male,19,Computer Science,98.2,83,84,78.1,66.6,67,61,79.2,C+,16,yes,Bachelor's,medium,5
3108,Tanya,Johnson,tanya.johnson3108@email.com,Male,23,Biology,100.0,85,59,66.5,75.4,60,59,68.5,D,7,yes,High School,medium,7
3109,Cheryl,Lucas,cheryl.lucas3109@email.com,Male,24,Physics,81.2,42,46,50.0,50.0,60,50,46.5,F,5,yes,Associate,medium,7
3110,Zachary,Smith,zachary.smith3110@email.com,Male,21,History,91.4,87,93,85.7,75.6,75,82,87.7,B+,14,yes,High School,low,3
3111,Keith,Delgado,keith.delgado3111@email.com,Male,20,Political Science,85.8,99,84,97.8,84.4,90,70,88.9,B+,20,yes,High School,high,6
3112,Rita,Flynn,rita.flynn3112@email.com,Male,21,Economics,81.9,40,73,57.1,60.7,63,73,60.5,D,6,yes,Associate,medium,5
3113,Bryan,Moon,bryan.moon3113@email.com,Male,20,History,83.0,40,40,50.0,50.0,60,50,43.5,F,10,yes,Associate,medium,7
3114,Michael,Johnson,michael.johnson3114@email.com,Male,21,Economics,99.3,72,92,96.8,83.1,66,81,83.8,B,9,yes,High School,high,1
3115,Joseph,Ferguson,joseph.ferguson3115@email.com,Male,20,Physics,90.5,56,60,77.4,59.9,66,71,62.0,D,6,yes,Associate,medium,8
3116,Lisa,Mcgee,lisa.mcgee3116@email.com,Female,21,Physics,75.8,53,44,50.0,50.0,60,53,49.3,F,13,yes,Associate,low,8
3117,Eric,Frazier,eric.frazier3117@email.com,Female,21,Biology,77.3,58,57,50.0,50.0,60,50,55.7,F,9,yes,Bachelor's,medium,6
3118,John,Quinn,john.quinn3118@email.com,Male,24,Political Science,97.4,71,84,69.7,91.6,78,64,76.8,C,16,yes,Master's,high,6
3119,Brittany,Chandler,brittany.chandler3119@email.com,Male,21,History,89.4,82,82,71.4,75.2,67,67,78.4,C+,14,yes,Master's,high,4
3120,Linda,Cole,linda.cole3120@email.com,Female,20,Computer Science,84.9,70,74,86.8,76.7,62,78,74.1,C,15,yes,Associate,low,5
3121,Joseph,Jones,joseph.jones3121@email.com,Female,18,Psychology,100.0,40,48,50.0,50.0,60,50,46.7,F,11,yes,Associate,medium,6
3122,Rebecca,Fowler,rebecca.fowler3122@email.com,Female,18,Economics,84.5,79,72,92.2,73.0,62,71,75.7,C,12,yes,Associate,low,4
3123,Dawn,Rollins,dawn.rollins3123@email.com,Female,19,Economics,64.6,87,78,77.6,89.3,64,87,81.5,B-,12,yes,High School,low,5
3124,Cindy,Dixon,cindy.dixon3124@email.com,Female,21,English Literature,91.3,70,72,77.7,82.8,79,79,73.6,C,16,yes,Doctorate,medium,8
3125,Kevin,Allen,kevin.allen3125@email.com,Male,21,Psychology,81.1,59,58,73.1,60.8,60,67,61.0,D,15,yes,Master's,low,7
3126,Natalie,Choi,natalie.choi3126@email.com,Female,18,Psychology,78.6,47,51,51.8,58.1,60,58,51.4,F,12,yes,High School,low,6
3127,Alexander,Brown,alexander.brown3127@email.com,Female,20,English Literature,80.6,86,78,92.9,71.2,76,95,83.2,B,15,yes,Master's,medium,5
3128,Matthew,Gill,matthew.gill3128@email.com,Female,22,Chemistry,100.0,83,96,84.7,81.1,60,74,86.2,B,13,yes,Bachelor's,medium,5
3129,Kimberly,Daniels,kimberly.daniels3129@email.com,Male,20,Physics,74.7,81,66,76.7,56.7,60,76,71.8,C-,11,yes,Bachelor's,medium,3
3130,Edward,Moody,edward.moody3130@email.com,Male,20,Biology,82.0,66,78,71.8,65.0,71,76,72.7,C-,10,yes,Associate,medium,8
3131,Brittney,Patel,brittney.patel3131@email.com,Female,24,Engineering,80.3,46,52,50.0,50.2,60,61,51.3,F,13,yes,Master's,medium,7
3132,Stacey,Wolfe,stacey.wolfe3132@email.com,Male,24,History,91.3,74,91,79.3,71.7,70,85,82.2,B-,16,no,Associate,medium,7
3133,Christine,Lee,christine.lee3133@email.com,Male,20,Business,89.0,85,84,71.0,76.1,72,92,82.9,B-,7,yes,Master's,medium,4
3134,Kelsey,Hicks,kelsey.hicks3134@email.com,Male,23,Chemistry,83.4,64,60,78.4,59.4,60,61,63.2,D,5,yes,Doctorate,high,6
3135,Kendra,Mitchell,kendra.mitchell3135@email.com,Female,19,Political Science,74.5,63,61,67.2,72.4,61,68,63.6,D,14,yes,Master's,low,4
3136,Linda,Daniels,linda.daniels3136@email.com,Female,22,Biology,95.2,71,80,76.0,87.4,88,85,78.3,C+,7,yes,Associate,medium,5
3137,Paul,Martinez,paul.martinez3137@email.com,Female,20,Political Science,87.4,86,71,77.9,70.2,60,50,73.5,C,8,yes,Associate,medium,5
3138,George,Foster,george.foster3138@email.com,Female,23,Business,79.0,75,83,78.8,77.6,73,80,79.2,C+,14,yes,Master's,low,4
3139,Isaac,Davis,isaac.davis3139@email.com,Male,20,Business,88.3,51,66,54.4,72.2,60,54,59.2,F,9,yes,Master's,medium,7
3140,Denise,Henderson,denise.henderson3140@email.com,Female,18,Biology,78.4,79,67,76.9,51.1,74,70,71.6,C-,7,yes,Bachelor's,low,6
3141,Paul,Hardy,paul.hardy3141@email.com,Male,18,English Literature,77.9,61,57,50.0,50.0,60,50,56.6,F,14,yes,Associate,medium,7
3142,Joann,Jackson,joann.jackson3142@email.com,Female,21,Computer Science,81.8,69,82,83.5,76.5,62,80,76.8,C,13,yes,Bachelor's,medium,5
3143,Justin,Ford,justin.ford3143@email.com,Female,24,Economics,82.5,85,66,59.8,65.6,75,61,71.1,C-,5,yes,High School,medium,6
3144,Randy,Alvarez,randy.alvarez3144@email.com,Male,22,History,81.0,77,88,100.0,81.9,72,87,84.7,B,20,yes,Master's,medium,4
3145,Devin,Glass,devin.glass3145@email.com,Male,19,Engineering,84.8,55,54,52.3,50.0,60,63,55.2,F,5,yes,High School,low,5
3146,Brandi,Figueroa,brandi.figueroa3146@email.com,Female,22,Political Science,90.2,53,54,70.9,57.7,60,50,55.5,F,12,yes,Doctorate,medium,4
3147,Timothy,Burnett,timothy.burnett3147@email.com,Male,18,English Literature,83.7,58,60,74.1,58.3,60,61,60.9,D,13,yes,Doctorate,medium,5
3148,Cassandra,Hughes,cassandra.hughes3148@email.com,Female,22,Physics,84.1,73,60,67.5,58.7,66,71,66.1,D,6,yes,Associate,low,5
3149,Stephen,Figueroa,stephen.figueroa3149@email.com,Female,19,Computer Science,100.0,75,77,90.4,79.8,74,75,77.6,C+,15,yes,Associate,low,4
3150,Sarah,Jackson,sarah.jackson3150@email.com,Female,22,Economics,82.2,40,40,50.0,50.0,60,50,43.5,F,13,yes,Master's,medium,6
3151,Lori,Dean,lori.dean3151@email.com,Male,22,Psychology,86.2,57,60,50.0,59.2,60,55,57.6,F,5,yes,Bachelor's,low,5
3152,Allison,Smith,allison.smith3152@email.com,Female,24,Political Science,86.2,75,69,73.3,76.9,64,61,70.7,C-,9,yes,High School,medium,4
3153,Jacob,Rodriguez,jacob.rodriguez3153@email.com,Male,22,History,89.1,87,79,82.1,65.2,73,72,80.1,B-,9,yes,High School,low,4
3154,Juan,Brewer,juan.brewer3154@email.com,Male,21,Psychology,92.2,97,75,87.0,70.1,60,77,82.0,B-,16,yes,Associate,low,5
3155,Julia,Garcia,julia.garcia3155@email.com,Female,23,Economics,98.1,66,81,89.0,85.5,77,82,77.5,C+,12,yes,Associate,medium,5
3156,Jeffrey,Jefferson,jeffrey.jefferson3156@email.com,Male,20,Mathematics,87.8,58,74,71.0,69.0,72,73,68.5,D,7,yes,High School,medium,5
3157,Sara,Freeman,sara.freeman3157@email.com,Female,22,Chemistry,87.9,50,54,50.0,50.0,60,54,52.6,F,13,yes,Bachelor's,high,6
3158,Richard,Parks,richard.parks3158@email.com,Male,18,Mathematics,93.0,65,82,83.5,91.2,77,77,76.8,C,15,yes,Associate,medium,4
3159,Becky,Lee,becky.lee3159@email.com,Female,21,Chemistry,76.1,61,66,60.5,62.2,60,62,63.1,D,6,no,Doctorate,low,7
3160,Joseph,Brown,joseph.brown3160@email.com,Female,18,Biology,62.4,40,40,50.0,52.3,60,50,43.6,F,6,yes,Master's,medium,8
3161,Nicole,Rush,nicole.rush3161@email.com,Male,19,Engineering,89.9,83,84,93.1,79.6,90,89,85.3,B,7,yes,Associate,medium,5
3162,Margaret,Bradford,margaret.bradford3162@email.com,Female,21,Computer Science,80.0,49,60,77.7,69.4,81,75,61.6,D,11,yes,High School,high,5
3163,Joshua,Stephens,joshua.stephens3163@email.com,Female,18,Computer Science,93.0,79,72,80.3,81.7,64,79,75.8,C,15,yes,Doctorate,medium,4
3164,Craig,Wilson,craig.wilson3164@email.com,Female,21,Economics,79.9,89,74,95.3,81.8,86,92,83.5,B,10,yes,Bachelor's,medium,4
3165,Brent,Alvarez,brent.alvarez3165@email.com,Male,24,Political Science,65.6,59,70,68.5,74.0,60,70,66.3,D,9,yes,High School,low,9
3166,Dana,Bowers,dana.bowers3166@email.com,Male,18,Economics,96.3,48,51,53.6,50.0,60,54,51.1,F,13,yes,Associate,low,5
3167,Travis,Le,travis.le3167@email.com,Male,18,History,70.3,45,40,50.0,50.0,60,50,45.0,F,15,yes,Master's,high,5
3168,Wanda,Holmes,wanda.holmes3168@email.com,Male,19,Engineering,72.0,40,57,51.6,50.0,60,50,50.5,F,15,yes,Associate,medium,7
3169,Tim,Parker,tim.parker3169@email.com,Female,18,Psychology,72.3,49,50,64.8,52.0,78,54,53.2,F,5,yes,Master's,medium,6
3170,Kelly,Sanchez,kelly.sanchez3170@email.com,Male,23,English Literature,82.1,79,78,73.3,83.1,90,69,77.9,C+,13,yes,High School,medium,6
3171,Sheri,Davis,sheri.davis3171@email.com,Female,23,Psychology,72.2,77,88,88.2,83.1,67,80,82.7,B-,12,yes,Bachelor's,medium,6
3172,David,Lee,david.lee3172@email.com,Female,18,Computer Science,85.4,76,88,78.5,76.2,60,99,82.6,B-,9,yes,Associate,medium,2
3173,Marc,Madden,marc.madden3173@email.com,Female,24,Computer Science,80.6,68,72,61.8,65.0,74,65,68.9,D,5,yes,High School,low,5
3174,Kendra,Patterson,kendra.patterson3174@email.com,Male,18,Biology,96.1,95,66,72.4,65.3,60,74,75.9,C,11,yes,Bachelor's,high,6
3175,Dawn,Hartman,dawn.hartman3175@email.com,Female,21,Economics,82.3,78,68,86.0,75.1,95,87,76.5,C,8,yes,Bachelor's,medium,6
3176,Michael,Benitez,michael.benitez3176@email.com,Female,24,Political Science,87.7,60,74,64.7,57.0,60,65,66.4,D,18,yes,Associate,high,7
3177,Lindsay,Banks,lindsay.banks3177@email.com,Male,21,Physics,73.9,51,78,73.9,62.4,71,68,67.4,D,15,yes,High School,medium,8
3178,April,Christensen,april.christensen3178@email.com,Male,22,Mathematics,88.1,50,63,75.7,66.4,71,57,60.4,D,5,yes,Doctorate,medium,7
3179,Melanie,Perez,melanie.perez3179@email.com,Female,18,Chemistry,96.1,55,54,70.6,60.1,60,65,57.7,F,14,no,Master's,high,6
3180,Zachary,Smith,zachary.smith3180@email.com,Male,20,Biology,96.1,82,87,93.0,80.9,80,80,84.8,B,5,no,Doctorate,low,4
3181,Parker,Wilson,parker.wilson3181@email.com,Male,24,Physics,75.3,68,68,77.0,72.6,78,69,69.8,D,7,yes,High School,medium,8
3182,Richard,Robbins,richard.robbins3182@email.com,Female,22,Engineering,84.0,69,64,91.8,86.6,60,79,70.7,C-,16,yes,Bachelor's,high,7
3183,Michelle,Patterson,michelle.patterson3183@email.com,Female,22,Political Science,81.3,80,65,79.3,71.1,70,75,72.6,C-,9,no,Associate,high,3
3184,Erik,Daugherty,erik.daugherty3184@email.com,Male,20,Psychology,74.1,66,63,59.4,71.6,72,55,63.7,D,10,no,High School,medium,10
3185,Robert,Baker,robert.baker3185@email.com,Female,23,History,76.1,51,62,69.7,74.6,81,66,61.6,D,16,yes,High School,high,7
3186,Krystal,Jensen,krystal.jensen3186@email.com,Male,23,Economics,82.1,69,57,84.6,86.9,77,76,67.8,D,12,yes,Master's,high,7
3187,Ruben,Banks,ruben.banks3187@email.com,Male,22,Mathematics,84.2,61,58,66.6,60.2,60,50,59.2,F,8,yes,High School,medium,7
3188,Alan,Nelson,alan.nelson3188@email.com,Female,24,Political Science,74.9,40,40,50.0,50.0,60,50,43.5,F,11,yes,Bachelor's,medium,6
3189,Carla,Brooks,carla.brooks3189@email.com,Female,20,Business,84.5,58,56,61.8,54.4,60,67,58.4,F,11,no,Doctorate,low,7
3190,Ashley,Ortiz,ashley.ortiz3190@email.com,Female,19,Psychology,75.4,51,59,57.7,50.0,60,75,57.8,F,11,yes,High School,low,6
3191,Angela,Baker,angela.baker3191@email.com,Female,20,Computer Science,73.8,52,59,60.2,63.4,60,64,57.8,F,9,yes,Bachelor's,low,7
3192,John,Gonzalez,john.gonzalez3192@email.com,Female,23,Engineering,91.8,81,76,75.4,83.2,81,89,79.4,C+,21,yes,Master's,medium,5
3193,Robert,King,robert.king3193@email.com,Male,21,Business,90.8,84,82,78.4,71.0,60,81,80.5,B-,13,no,Master's,high,6
3194,Roger,Parker,roger.parker3194@email.com,Male,18,Political Science,80.0,50,51,61.0,52.6,60,50,52.1,F,25,yes,Associate,low,8
3195,Danny,Wagner,danny.wagner3195@email.com,Female,19,Psychology,87.8,40,40,50.0,50.0,60,52,43.8,F,10,no,Doctorate,low,5
3196,Jennifer,Quinn,jennifer.quinn3196@email.com,Female,19,Computer Science,82.0,83,69,98.3,77.9,70,91,78.9,C+,6,yes,High School,low,5
3197,Melissa,Garcia,melissa.garcia3197@email.com,Male,24,Mathematics,66.4,75,72,85.6,88.0,87,81,76.8,C,13,yes,High School,medium,8
3198,Sarah,Summers,sarah.summers3198@email.com,Female,22,Computer Science,84.8,85,78,71.4,79.8,70,73,78.7,C+,22,yes,Bachelor's,low,6
3199,Justin,Fitzpatrick,justin.fitzpatrick3199@email.com,Female,22,Chemistry,100.0,76,83,72.0,87.4,65,90,79.9,C+,20,yes,Master's,medium,8
3200,Tina,Smith,tina.smith3200@email.com,Female,23,Mathematics,95.6,50,60,69.5,57.3,60,63,58.2,F,11,yes,Associate,low,5
3201,Trevor,Moyer,trevor.moyer3201@email.com,Male,18,Political Science,92.6,65,79,64.4,65.6,88,73,72.6,C-,10,yes,Master's,high,6
3202,Michael,Cooper,michael.cooper3202@email.com,Female,22,Engineering,91.5,57,75,83.8,80.5,79,73,70.8,C-,12,yes,High School,medium,1
3203,Jesse,Spencer,jesse.spencer3203@email.com,Male,20,Biology,81.7,67,58,79.8,50.0,60,58,62.7,D,7,yes,Associate,medium,7
3204,Angela,Walker,angela.walker3204@email.com,Female,18,History,95.8,67,72,70.4,65.1,60,75,69.7,D,10,yes,Bachelor's,medium,7
3205,Brent,Wheeler,brent.wheeler3205@email.com,Female,23,Computer Science,83.9,78,90,79.6,75.5,92,74,83.2,B,18,yes,High School,high,5
3206,Christine,Lewis,christine.lewis3206@email.com,Male,23,Business,86.7,69,61,61.5,59.8,60,60,63.3,D,13,yes,High School,low,10
3207,Stephen,Burgess,stephen.burgess3207@email.com,Male,21,Mathematics,98.6,85,90,70.0,76.9,60,86,84.0,B,19,yes,High School,low,4
3208,Brandon,Fletcher,brandon.fletcher3208@email.com,Male,20,Engineering,71.6,72,82,79.5,75.4,92,81,78.9,C+,19,yes,High School,medium,4
3209,Christopher,Bright,christopher.bright3209@email.com,Female,24,Psychology,89.7,69,88,85.2,91.4,87,79,81.3,B-,13,yes,Doctorate,high,3
3210,Catherine,Simmons,catherine.simmons3210@email.com,Female,22,Mathematics,88.5,66,54,68.4,50.0,60,54,59.2,F,10,yes,Master's,high,7
3211,Ronald,Davis,ronald.davis3211@email.com,Male,24,Biology,73.7,47,53,56.5,63.0,62,53,52.6,F,16,yes,Master's,medium,6
3212,Crystal,Noble,crystal.noble3212@email.com,Female,18,Mathematics,80.5,62,47,58.4,50.0,60,50,53.7,F,9,yes,Bachelor's,medium,4
3213,Dorothy,King,dorothy.king3213@email.com,Male,23,Psychology,83.2,51,57,83.0,61.4,60,89,61.5,D,5,yes,Master's,medium,6
3214,Cody,Vance,cody.vance3214@email.com,Male,24,Mathematics,91.6,52,85,94.2,66.3,76,77,73.9,C,13,yes,High School,low,5
3215,Sarah,Rowe,sarah.rowe3215@email.com,Male,18,Physics,100.0,46,54,63.1,50.0,60,50,52.2,F,8,yes,Bachelor's,medium,8
3216,David,Hester,david.hester3216@email.com,Female,18,Biology,91.5,60,65,62.2,52.1,60,50,60.8,D,11,no,Associate,high,5
3217,Jennifer,Hunt,jennifer.hunt3217@email.com,Male,23,Biology,97.6,67,79,79.9,65.6,65,62,72.5,C-,10,no,Associate,low,5
3218,Ariana,Li,ariana.li3218@email.com,Female,20,Political Science,91.7,45,41,54.2,50.0,60,54,46.2,F,7,yes,Master's,high,4
3219,William,Clark,william.clark3219@email.com,Female,18,Mathematics,83.3,80,61,73.0,59.0,64,69,68.9,D,11,yes,Associate,medium,8
3220,Kristen,Abbott,kristen.abbott3220@email.com,Male,23,History,94.6,89,70,91.1,73.2,72,82,79.3,C+,8,no,Master's,medium,5
3221,Amanda,Wilson,amanda.wilson3221@email.com,Female,20,English Literature,78.8,83,71,77.6,93.2,71,77,77.0,C+,7,no,High School,low,6
3222,Brittney,Ramsey,brittney.ramsey3222@email.com,Male,21,Computer Science,100.0,82,73,83.4,69.3,81,69,76.7,C,14,yes,High School,low,7
3223,Troy,Heath,troy.heath3223@email.com,Male,21,Mathematics,81.0,54,62,66.2,52.4,67,50,58.6,F,15,yes,High School,medium,6
3224,Timothy,Wilkerson,timothy.wilkerson3224@email.com,Female,23,Psychology,81.6,51,67,55.0,51.4,60,54,58.6,F,11,yes,Associate,high,7
3225,Colleen,Wyatt,colleen.wyatt3225@email.com,Female,18,Psychology,86.9,59,48,69.5,59.6,62,65,56.5,F,13,yes,Bachelor's,high,7
3226,Brandon,Valencia,brandon.valencia3226@email.com,Female,18,Economics,69.0,55,41,57.7,50.0,60,58,50.1,F,18,no,Bachelor's,medium,5
3227,Justin,Jones,justin.jones3227@email.com,Female,22,Chemistry,86.4,50,53,51.3,67.9,60,56,53.4,F,15,yes,Associate,high,5
3228,Maria,Sullivan,maria.sullivan3228@email.com,Female,18,Psychology,80.2,79,48,50.0,65.3,60,53,59.5,F,15,yes,Associate,medium,10
3229,Michelle,Gonzales,michelle.gonzales3229@email.com,Male,24,English Literature,81.4,40,40,50.0,50.0,60,50,43.5,F,13,yes,Master's,high,7
3230,Matthew,Delgado,matthew.delgado3230@email.com,Female,21,Engineering,92.5,78,75,66.7,69.0,74,63,73.6,C,9,yes,Associate,medium,5
3231,Shawn,Stone,shawn.stone3231@email.com,Male,22,Economics,66.3,99,94,81.8,75.5,67,97,92.3,A,13,no,High School,low,3
3232,Cameron,Jensen,cameron.jensen3232@email.com,Female,24,Engineering,87.4,81,82,92.7,93.0,74,68,81.6,B-,8,yes,Bachelor's,low,3
3233,Christopher,Williamson,christopher.williamson3233@email.com,Male,21,Chemistry,88.2,73,65,76.0,87.8,93,87,73.3,C,15,yes,Associate,medium,3
3234,Heather,Chavez,heather.chavez3234@email.com,Male,20,Economics,100.0,40,62,53.8,71.2,60,75,56.3,F,5,yes,Bachelor's,low,5
3235,Lacey,Edwards,lacey.edwards3235@email.com,Male,24,Mathematics,71.2,84,80,70.4,90.4,92,79,81.4,B-,12,yes,Associate,high,4
3236,Donna,Navarro,donna.navarro3236@email.com,Male,19,Physics,82.0,74,71,60.0,63.7,60,56,68.4,D,6,yes,Associate,medium,5
3237,Edward,Parker,edward.parker3237@email.com,Male,21,History,80.0,40,49,50.0,50.0,63,59,48.2,F,9,yes,Bachelor's,high,6
3238,Kelsey,Cole,kelsey.cole3238@email.com,Female,21,Economics,97.5,57,41,60.5,50.0,60,52,50.3,F,10,yes,Master's,low,3
3239,Jay,Ward,jay.ward3239@email.com,Male,23,Chemistry,69.7,72,85,79.3,76.2,69,65,77.4,C+,5,no,Associate,low,5
3240,Michael,Johnson,michael.johnson3240@email.com,Male,20,Political Science,68.3,94,75,77.7,89.2,62,74,81.0,B-,17,yes,Master's,low,3
3241,Shelly,Phillips,shelly.phillips3241@email.com,Female,22,Physics,83.8,55,58,67.7,81.3,82,62,60.9,D,7,yes,Doctorate,low,4
3242,Ashlee,Reid,ashlee.reid3242@email.com,Female,21,Biology,70.3,92,79,100.0,75.7,72,77,84.3,B,13,yes,Bachelor's,medium,4
3243,Christopher,Stephenson,christopher.stephenson3243@email.com,Female,20,Psychology,86.3,56,47,53.4,73.1,60,60,53.7,F,8,yes,High School,medium,6
3244,Justin,English,justin.english3244@email.com,Female,21,Computer Science,78.7,46,45,50.0,50.0,60,50,47.3,F,6,yes,Bachelor's,low,7
3245,Nicole,Baxter,nicole.baxter3245@email.com,Female,24,Physics,61.2,68,74,84.4,72.3,67,97,75.1,C,10,yes,Master's,high,1
3246,Joe,Calderon,joe.calderon3246@email.com,Male,24,Computer Science,90.5,70,80,80.1,75.9,80,65,75.4,C,12,yes,High School,medium,3
3247,Steven,Henderson,steven.henderson3247@email.com,Female,20,Mathematics,87.0,85,81,88.9,98.7,77,81,83.7,B,7,yes,Master's,medium,5
3248,Raymond,Charles,raymond.charles3248@email.com,Male,19,Business,91.0,70,84,80.4,72.6,88,57,76.4,C,16,yes,Bachelor's,medium,7
3249,Elizabeth,Mcdonald,elizabeth.mcdonald3249@email.com,Female,22,History,87.2,78,63,58.9,66.3,68,77,69.0,D,9,yes,Bachelor's,low,5
3250,Michael,Stone,michael.stone3250@email.com,Male,20,Physics,83.6,40,40,50.0,50.0,60,50,43.5,F,7,no,Associate,high,4
3251,Donald,Chambers,donald.chambers3251@email.com,Female,20,Engineering,78.0,44,40,50.0,51.1,60,50,44.8,F,7,yes,Bachelor's,medium,9
3252,Jamie,Walsh,jamie.walsh3252@email.com,Male,18,Physics,81.8,53,88,74.5,81.8,85,64,73.4,C,12,no,Bachelor's,medium,6
3253,Shelby,Johnson,shelby.johnson3253@email.com,Female,22,Computer Science,90.1,79,79,75.3,76.9,79,77,78.5,C+,16,yes,Bachelor's,medium,4
3254,Teresa,Norman,teresa.norman3254@email.com,Male,24,English Literature,88.7,40,40,50.0,50.0,60,50,43.5,F,5,yes,Associate,medium,8
3255,Gary,Hayes,gary.hayes3255@email.com,Female,22,Biology,80.0,63,58,66.1,69.7,69,78,63.5,D,5,yes,Bachelor's,high,8
3256,Alicia,Johnson,alicia.johnson3256@email.com,Female,20,Mathematics,85.7,70,69,66.8,66.2,67,90,71.1,C-,11,yes,Doctorate,low,3
3257,Daniel,Jacobson,daniel.jacobson3257@email.com,Female,23,Biology,68.9,70,69,77.4,90.1,76,69,71.6,C-,14,yes,High School,high,6
3258,Cassandra,Adams,cassandra.adams3258@email.com,Female,24,Engineering,89.2,68,47,60.8,52.9,60,59,56.9,F,7,yes,Associate,medium,2
3259,Danielle,Berry,danielle.berry3259@email.com,Male,22,Political Science,81.0,45,44,50.0,55.7,60,52,47.1,F,11,yes,Bachelor's,medium,5
3260,Michael,Smith,michael.smith3260@email.com,Female,22,Physics,82.0,81,78,83.0,51.9,76,76,77.8,C+,11,yes,High School,medium,8
3261,Carol,Hanson,carol.hanson3261@email.com,Female,24,Physics,94.8,40,48,50.0,51.0,60,50,46.8,F,10,yes,Master's,high,7
3262,John,Wood,john.wood3262@email.com,Female,19,Business,75.6,76,76,76.5,85.4,78,85,77.6,C+,13,yes,High School,low,3
3263,Melvin,Kline,melvin.kline3263@email.com,Female,21,Political Science,80.2,53,72,55.3,65.4,60,50,61.5,D,12,yes,Master's,medium,6
3264,Maria,Gonzalez,maria.gonzalez3264@email.com,Female,22,Business,100.0,73,59,70.1,68.8,60,62,65.2,D,9,yes,Associate,medium,7
3265,Dana,Johnson,dana.johnson3265@email.com,Female,21,Engineering,83.8,56,80,75.1,65.5,68,62,69.3,D,5,yes,Bachelor's,low,8
3266,Katelyn,Morris,katelyn.morris3266@email.com,Female,19,Physics,70.2,79,88,90.7,88.8,65,72,82.9,B-,14,yes,Associate,medium,8
3267,Jacob,Martinez,jacob.martinez3267@email.com,Female,24,English Literature,91.7,83,79,79.0,70.6,74,68,78.5,C+,15,yes,Doctorate,low,6
3268,Michael,Schwartz,michael.schwartz3268@email.com,Female,19,Economics,83.5,65,62,54.3,58.5,60,50,60.7,D,15,no,Bachelor's,medium,4
3269,Elizabeth,Allen,elizabeth.allen3269@email.com,Female,24,Computer Science,90.5,85,83,82.6,75.2,71,86,83.0,B-,20,yes,Bachelor's,medium,5
3270,Sherry,Greer,sherry.greer3270@email.com,Male,23,History,89.5,75,96,88.0,75.1,64,87,85.4,B,10,yes,Doctorate,low,4
3271,Margaret,Adams,margaret.adams3271@email.com,Male,20,Chemistry,83.8,68,65,70.4,69.4,75,72,68.0,D,15,yes,Bachelor's,medium,6
3272,Lisa,Bruce,lisa.bruce3272@email.com,Female,23,Business,100.0,92,75,80.5,79.5,75,90,82.4,B-,14,yes,High School,medium,3
3273,Tanya,Nelson,tanya.nelson3273@email.com,Female,23,Psychology,91.7,97,81,94.7,81.9,90,86,88.2,B+,9,yes,Bachelor's,medium,5
3274,Pamela,Woods,pamela.woods3274@email.com,Female,18,English Literature,81.3,84,88,89.5,73.0,95,79,85.7,B,8,yes,Associate,medium,6
3275,Rebecca,Washington,rebecca.washington3275@email.com,Male,23,Physics,97.0,84,76,86.6,86.4,72,66,78.9,C+,8,yes,High School,medium,6
3276,Renee,Santiago,renee.santiago3276@email.com,Female,24,Engineering,79.9,48,43,50.0,50.8,60,51,47.3,F,16,yes,Associate,low,10
3277,Mark,Watson,mark.watson3277@email.com,Male,21,Political Science,77.1,53,40,50.0,50.0,60,50,47.4,F,13,yes,Master's,medium,7
3278,Claudia,Gilmore,claudia.gilmore3278@email.com,Female,22,English Literature,93.1,73,63,69.7,60.6,64,72,67.5,D,12,yes,Doctorate,medium,7
3279,Matthew,Li,matthew.li3279@email.com,Male,18,Biology,88.2,74,78,79.2,75.2,87,77,77.2,C+,14,yes,High School,medium,4
3280,Ralph,Graham,ralph.graham3280@email.com,Female,23,Political Science,77.8,61,63,76.3,84.6,60,80,66.4,D,15,yes,Associate,high,8
3281,Angela,Johnston,angela.johnston3281@email.com,Male,24,Physics,90.9,66,64,70.5,64.9,60,52,64.0,D,11,no,Master's,medium,5
3282,Teresa,Maldonado,teresa.maldonado3282@email.com,Female,18,Political Science,87.2,83,86,87.3,88.9,82,87,85.4,B,18,yes,Associate,medium,6
3283,Marie,French,marie.french3283@email.com,Male,24,Psychology,99.9,85,90,88.5,84.6,60,55,83.1,B,16,no,Bachelor's,high,6
3284,Ryan,Chapman,ryan.chapman3284@email.com,Male,18,Chemistry,64.1,98,81,84.7,76.7,67,61,83.6,B,21,yes,Associate,high,5
3285,Kara,Li,kara.li3285@email.com,Male,24,English Literature,87.0,86,93,78.7,78.9,67,92,87.4,B+,11,yes,Bachelor's,medium,4
3286,Thomas,Brown,thomas.brown3286@email.com,Male,24,Business,94.0,40,40,50.0,50.0,60,50,43.5,F,12,yes,Master's,low,3
3287,Carl,Dean,carl.dean3287@email.com,Female,22,Chemistry,88.4,65,74,64.1,65.3,60,73,69.1,D,16,yes,Associate,medium,7
3288,David,Duarte,david.duarte3288@email.com,Female,23,Mathematics,89.7,40,40,50.0,50.0,60,50,43.5,F,19,no,Bachelor's,high,6
3289,Daniel,Evans,daniel.evans3289@email.com,Male,23,Physics,83.7,40,41,50.0,50.0,60,50,43.9,F,19,yes,Master's,medium,8
3290,Whitney,Watson,whitney.watson3290@email.com,Female,20,Economics,81.9,65,57,65.1,62.0,60,65,61.4,D,12,yes,Associate,medium,8
3291,Tamara,Martinez,tamara.martinez3291@email.com,Male,20,Physics,69.1,73,58,55.8,50.0,60,53,61.5,D,6,yes,Bachelor's,low,7
3292,Victor,Miller,victor.miller3292@email.com,Female,18,Biology,68.9,75,80,93.9,100.0,74,73,79.9,C+,11,yes,High School,low,5
3293,Blake,Mcmillan,blake.mcmillan3293@email.com,Female,21,Business,84.4,77,71,85.7,82.3,81,87,77.0,C+,11,yes,High School,low,7
3294,Thomas,Dorsey,thomas.dorsey3294@email.com,Female,20,History,85.8,71,88,77.5,76.9,72,74,79.1,C+,14,yes,High School,medium,5
3295,Lisa,Jacobs,lisa.jacobs3295@email.com,Male,19,Psychology,76.2,40,40,50.0,50.0,60,50,43.5,F,9,yes,Associate,high,7
3296,Phillip,Wood,phillip.wood3296@email.com,Male,22,English Literature,66.7,89,91,74.2,88.7,73,81,86.8,B,6,yes,High School,high,5
3297,Brandon,Collins,brandon.collins3297@email.com,Male,18,Political Science,71.0,40,51,50.0,59.2,60,51,48.5,F,14,yes,Associate,high,7
3298,Jennifer,Allen,jennifer.allen3298@email.com,Male,21,Psychology,94.1,76,77,79.0,86.9,60,60,74.9,C,14,yes,Associate,medium,1
3299,Robert,Chase,robert.chase3299@email.com,Male,24,Biology,74.2,76,85,80.6,75.3,65,95,81.5,B-,9,yes,High School,low,4
3300,Nicholas,Hayes,nicholas.hayes3300@email.com,Female,20,Psychology,90.5,40,42,50.0,50.0,60,50,44.3,F,14,yes,Bachelor's,medium,6
3301,Crystal,Burgess,crystal.burgess3301@email.com,Male,18,Business,96.7,79,72,90.2,84.3,75,78,77.4,C+,13,yes,Associate,low,5
3302,Beth,Hendricks,beth.hendricks3302@email.com,Female,21,English Literature,89.1,59,72,64.1,67.8,72,61,66.1,D,7,yes,Master's,medium,4
3303,Maria,Sawyer,maria.sawyer3303@email.com,Female,19,Political Science,87.1,84,67,73.6,81.2,62,68,73.3,C,18,yes,Bachelor's,low,6
3304,Debbie,Perez,debbie.perez3304@email.com,Female,20,Biology,92.9,61,52,61.8,50.0,65,50,56.0,F,11,yes,Associate,medium,6
3305,Thomas,Carter,thomas.carter3305@email.com,Male,20,Chemistry,76.5,85,82,88.4,94.5,68,82,83.5,B,9,yes,High School,medium,3
3306,Sara,Gomez,sara.gomez3306@email.com,Male,23,Chemistry,78.4,85,69,73.8,70.0,92,71,75.8,C,13,yes,Doctorate,high,7
3307,Kristin,Hammond,kristin.hammond3307@email.com,Male,21,Economics,76.7,81,92,81.7,69.2,73,95,85.9,B,7,yes,High School,medium,1
3308,Robert,Diaz,robert.diaz3308@email.com,Female,18,Economics,74.6,74,84,95.2,68.3,66,74,79.5,C+,16,yes,Master's,medium,3
3309,Timothy,Rodriguez,timothy.rodriguez3309@email.com,Male,19,Political Science,79.5,88,81,91.4,65.1,89,70,82.8,B-,7,yes,Bachelor's,medium,5
3310,Warren,Bradley,warren.bradley3310@email.com,Male,20,Psychology,76.8,50,57,54.9,60.6,60,50,54.3,F,15,yes,Bachelor's,low,6
3311,Taylor,Webb,taylor.webb3311@email.com,Female,23,History,82.6,67,58,55.2,55.2,60,59,60.5,D,5,yes,Bachelor's,medium,6
3312,Brianna,Strickland,brianna.strickland3312@email.com,Male,19,Mathematics,76.4,75,84,74.9,59.7,61,55,75.2,C,13,yes,Associate,low,5
3313,Tammy,Barber,tammy.barber3313@email.com,Male,24,Chemistry,82.1,75,73,59.7,76.0,60,69,71.4,C-,14,yes,Bachelor's,medium,7
3314,Michelle,Alexander,michelle.alexander3314@email.com,Male,23,English Literature,96.1,56,71,82.5,73.3,60,69,67.1,D,8,yes,Doctorate,medium,5
3315,Crystal,Vincent,crystal.vincent3315@email.com,Female,23,History,91.5,99,73,86.0,66.2,71,92,83.6,B,9,yes,Master's,low,1
3316,Mark,Lee,mark.lee3316@email.com,Male,24,Political Science,87.9,64,60,71.8,72.8,66,82,65.7,D,12,yes,Associate,medium,8
3317,Robert,Warren,robert.warren3317@email.com,Male,19,Business,95.4,40,44,50.0,50.0,60,50,45.1,F,10,yes,Associate,low,6
3318,Willie,Davis,willie.davis3318@email.com,Female,24,Chemistry,92.6,56,53,57.8,50.0,64,61,55.6,F,12,yes,Bachelor's,low,4
3319,Haley,Long,haley.long3319@email.com,Female,24,Mathematics,99.9,81,72,81.9,77.8,78,85,77.7,C+,15,no,Doctorate,medium,7
3320,Sophia,Cruz,sophia.cruz3320@email.com,Female,21,Computer Science,76.3,40,40,50.0,50.0,60,50,43.5,F,7,no,High School,high,8
3321,Jason,Thompson,jason.thompson3321@email.com,Female,24,History,67.2,69,63,81.3,79.0,66,81,69.5,D,7,yes,Doctorate,low,7
3322,Kimberly,Johnson,kimberly.johnson3322@email.com,Male,21,Economics,82.8,62,74,74.5,66.7,77,72,70.1,C-,11,yes,High School,medium,4
3323,Megan,Garza,megan.garza3323@email.com,Male,22,Physics,82.4,81,78,79.8,88.0,71,76,79.1,C+,5,yes,Master's,high,7
3324,Nichole,Lambert,nichole.lambert3324@email.com,Male,18,Mathematics,78.4,57,40,67.5,67.4,60,50,51.2,F,5,no,Master's,low,4
3325,Javier,Tucker,javier.tucker3325@email.com,Male,24,Chemistry,82.2,69,77,58.7,53.1,63,61,69.4,D,13,yes,Master's,low,7
3326,Meagan,Mitchell,meagan.mitchell3326@email.com,Female,23,Business,91.2,53,58,68.0,55.2,61,65,58.3,F,11,yes,Associate,medium,6
3327,Megan,Ward,megan.ward3327@email.com,Female,18,Mathematics,83.7,82,78,72.2,62.5,65,58,75.3,C,9,no,High School,low,4
3328,Natalie,Baker,natalie.baker3328@email.com,Female,18,Biology,82.3,54,40,50.0,50.6,60,50,47.7,F,11,no,High School,medium,6
3329,Teresa,Anderson,teresa.anderson3329@email.com,Female,18,Physics,100.0,60,64,68.8,58.9,60,58,62.2,D,11,yes,Doctorate,low,7
3330,Julie,Caldwell,julie.caldwell3330@email.com,Male,21,Chemistry,90.1,78,79,91.2,86.4,63,81,79.8,C+,18,yes,High School,medium,6
3331,Destiny,Hill,destiny.hill3331@email.com,Female,21,Computer Science,62.5,52,40,50.0,50.0,60,50,47.1,F,11,yes,High School,high,7
3332,Charles,Johnson,charles.johnson3332@email.com,Male,20,English Literature,65.9,56,59,51.4,50.0,60,50,56.0,F,10,yes,High School,medium,6
3333,Mitchell,Wyatt,mitchell.wyatt3333@email.com,Male,23,Computer Science,76.1,75,79,79.4,73.9,62,64,75.3,C,8,yes,Associate,medium,5
3334,Ashley,Flores,ashley.flores3334@email.com,Female,20,Engineering,100.0,72,76,93.1,80.5,63,96,78.1,C+,9,yes,Associate,high,4
3335,Michael,Kennedy,michael.kennedy3335@email.com,Female,20,Mathematics,71.0,87,87,89.7,74.7,68,84,85.5,B,10,yes,Doctorate,medium,7
3336,Deborah,Palmer,deborah.palmer3336@email.com,Male,24,English Literature,86.0,92,94,90.7,74.6,71,73,89.0,B+,10,no,Bachelor's,high,5
3337,Rachael,Silva,rachael.silva3337@email.com,Male,19,Psychology,100.0,50,48,58.0,52.1,60,50,50.6,F,16,yes,Master's,medium,6
3338,Grant,Brown,grant.brown3338@email.com,Male,18,Economics,73.3,91,89,79.3,59.6,65,79,85.0,B,18,yes,Bachelor's,low,4
3339,Alexander,White,alexander.white3339@email.com,Male,24,History,83.8,79,75,81.6,85.3,72,75,77.3,C+,17,yes,Associate,low,5
3340,Nancy,Eaton,nancy.eaton3340@email.com,Male,18,Biology,99.2,78,72,93.0,87.3,67,74,76.7,C,17,yes,Associate,high,5
3341,Melissa,Johnson,melissa.johnson3341@email.com,Male,19,History,95.2,90,70,74.2,69.2,68,76,76.9,C,15,yes,Master's,medium,7
3342,Aaron,Evans,aaron.evans3342@email.com,Female,23,Physics,80.6,62,59,50.0,50.0,60,67,59.4,F,12,yes,Doctorate,medium,6
3343,Victoria,Smith,victoria.smith3343@email.com,Female,18,Psychology,92.5,74,71,65.2,80.0,63,77,72.0,C-,8,yes,Bachelor's,high,4
3344,Courtney,Vazquez,courtney.vazquez3344@email.com,Female,19,Psychology,85.6,72,83,84.4,99.0,70,74,79.2,C+,17,yes,Master's,high,5
3345,Joel,Stewart,joel.stewart3345@email.com,Male,19,Chemistry,77.9,72,70,71.9,71.9,66,69,70.7,C-,10,yes,High School,low,5
3346,Chad,Wilcox,chad.wilcox3346@email.com,Female,21,Physics,83.7,49,62,58.0,50.0,60,50,55.8,F,13,yes,High School,medium,7
3347,Courtney,Mayo,courtney.mayo3347@email.com,Male,22,Psychology,97.9,51,68,73.6,61.8,60,67,62.7,D,12,yes,Doctorate,high,6
3348,Jon,Roth,jon.roth3348@email.com,Male,23,Economics,86.5,44,69,59.6,72.6,64,52,58.9,F,7,yes,Associate,low,9
3349,Jacqueline,Torres,jacqueline.torres3349@email.com,Female,20,Economics,68.0,87,77,93.8,88.2,80,76,82.4,B-,9,yes,Associate,medium,6
3350,Lisa,Thomas,lisa.thomas3350@email.com,Male,18,Psychology,81.3,85,78,79.5,76.2,66,77,79.6,C+,14,yes,Associate,medium,5
3351,Crystal,Williams,crystal.williams3351@email.com,Female,18,Business,94.7,62,62,72.8,63.8,74,62,63.8,D,10,yes,High School,medium,7
3352,Meghan,Bradley,meghan.bradley3352@email.com,Male,19,Psychology,71.6,97,83,92.0,73.9,87,78,87.4,B+,12,no,Associate,low,4
3353,Donna,Michael,donna.michael3353@email.com,Female,19,Biology,75.7,40,45,50.0,50.0,60,50,45.5,F,5,yes,Bachelor's,medium,7
3354,Jared,Kelly,jared.kelly3354@email.com,Female,19,English Literature,100.0,61,71,80.4,74.6,60,76,69.1,D,11,yes,Bachelor's,medium,4
3355,Carrie,Mccarthy,carrie.mccarthy3355@email.com,Male,20,Physics,88.4,93,77,82.4,90.0,68,79,82.8,B-,15,yes,Bachelor's,high,4
3356,Becky,Thompson,becky.thompson3356@email.com,Male,22,English Literature,82.7,49,67,50.0,61.2,60,55,58.1,F,7,yes,High School,medium,8
3357,Allison,Jones,allison.jones3357@email.com,Male,22,Computer Science,92.0,54,44,50.0,50.0,60,50,49.3,F,9,yes,Bachelor's,high,6
3358,Andrew,Nixon,andrew.nixon3358@email.com,Female,19,Economics,94.5,92,71,90.0,83.8,79,87,81.9,B-,11,no,Bachelor's,low,6
3359,John,Weiss,john.weiss3359@email.com,Female,19,Political Science,82.1,71,56,57.6,50.9,60,50,60.0,D,15,yes,Master's,medium,8
3360,Larry,Taylor,larry.taylor3360@email.com,Female,20,English Literature,94.6,56,65,66.1,65.3,63,57,61.6,D,8,yes,Master's,medium,6
3361,Sarah,Hale,sarah.hale3361@email.com,Male,21,Psychology,74.2,76,87,91.7,87.3,82,70,82.3,B-,11,yes,Doctorate,high,4
3362,Ann,Clark,ann.clark3362@email.com,Female,20,Engineering,99.3,75,72,72.2,69.9,71,76,73.2,C,18,yes,Associate,medium,4
3363,Nicole,Nicholson,nicole.nicholson3363@email.com,Male,23,Computer Science,100.0,40,40,50.0,50.0,60,50,43.5,F,15,yes,Associate,high,5
3364,Christine,Mcmahon,christine.mcmahon3364@email.com,Male,19,Biology,86.0,91,72,71.3,69.9,78,76,78.3,C+,13,yes,High School,low,5
3365,Regina,Johnson,regina.johnson3365@email.com,Female,23,Mathematics,96.7,66,53,59.4,55.5,60,53,58.1,F,18,yes,Master's,high,8
3366,Zachary,Johnson,zachary.johnson3366@email.com,Female,24,Business,87.5,71,75,58.2,82.4,65,76,72.2,C-,8,yes,High School,low,3
3367,Jennifer,Gomez,jennifer.gomez3367@email.com,Male,24,History,85.5,40,41,50.0,50.0,60,50,43.9,F,11,yes,Master's,medium,9
3368,Karen,Hernandez,karen.hernandez3368@email.com,Female,23,English Literature,88.6,99,78,75.7,68.0,73,80,83.6,B,10,yes,Master's,medium,5
3369,Christine,Ortiz,christine.ortiz3369@email.com,Female,19,Physics,83.7,86,89,94.8,92.5,80,71,86.7,B,12,yes,Master's,high,4
3370,Micheal,Walters,micheal.walters3370@email.com,Female,19,Business,91.5,40,51,51.8,54.1,60,60,49.4,F,8,yes,Associate,medium,8
3371,Sarah,Leach,sarah.leach3371@email.com,Female,20,Business,81.9,40,48,50.0,50.0,60,50,46.7,F,10,yes,Master's,low,6
3372,Stephen,Wilson,stephen.wilson3372@email.com,Female,18,Biology,82.7,64,64,64.2,50.0,60,54,62.2,D,5,yes,Bachelor's,medium,7
3373,Jennifer,Bennett,jennifer.bennett3373@email.com,Female,18,Computer Science,74.5,61,52,58.8,60.0,65,65,57.8,F,13,yes,Associate,medium,9
3374,Sean,Carter,sean.carter3374@email.com,Male,19,Engineering,78.4,65,71,76.7,76.7,70,79,70.9,C-,15,yes,High School,medium,5
3375,Andrea,Watkins,andrea.watkins3375@email.com,Female,19,Engineering,75.2,90,87,90.2,84.4,75,93,88.2,B+,23,no,High School,low,8
3376,Melissa,Gordon,melissa.gordon3376@email.com,Female,18,English Literature,60.0,52,49,50.0,50.0,60,54,51.1,F,5,no,Bachelor's,medium,6
3377,Michele,Ortiz,michele.ortiz3377@email.com,Female,23,Economics,100.0,43,68,55.6,50.0,60,58,57.0,F,10,yes,Master's,low,7
3378,Jacqueline,Martinez,jacqueline.martinez3378@email.com,Female,22,Engineering,89.1,60,74,68.8,76.4,67,81,69.8,D,5,yes,Associate,medium,7
3379,James,Mathews,james.mathews3379@email.com,Male,18,Engineering,90.5,99,80,71.5,80.1,70,86,85.1,B,10,yes,Associate,medium,4
3380,James,Barnett,james.barnett3380@email.com,Male,21,Economics,98.3,62,41,57.6,50.0,60,50,51.3,F,11,yes,Bachelor's,high,8
3381,Daniel,Hunter,daniel.hunter3381@email.com,Male,19,Engineering,85.4,52,71,71.7,67.2,73,51,63.3,D,12,yes,Bachelor's,low,7
3382,Steve,Brock,steve.brock3382@email.com,Male,24,Engineering,88.0,53,54,60.5,56.0,63,50,54.5,F,6,yes,Master's,medium,6
3383,Michael,Duncan,michael.duncan3383@email.com,Male,18,Business,80.5,78,75,79.3,67.1,71,65,74.8,C,20,yes,Associate,medium,6
3384,Cynthia,Bradley,cynthia.bradley3384@email.com,Male,22,Psychology,88.1,96,73,89.6,84.1,85,91,84.6,B,10,yes,High School,medium,3
3385,Brandy,Zuniga,brandy.zuniga3385@email.com,Male,18,Physics,75.1,66,76,79.9,68.5,89,85,74.6,C,12,yes,High School,medium,4
3386,Katherine,Fields,katherine.fields3386@email.com,Male,24,Mathematics,69.8,42,44,53.9,50.0,60,50,46.1,F,11,yes,Doctorate,medium,7
3387,Alexandra,Carrillo,alexandra.carrillo3387@email.com,Male,19,Chemistry,74.0,73,65,82.5,83.9,67,70,70.8,C-,11,yes,Master's,medium,4
3388,Jamie,Fischer,jamie.fischer3388@email.com,Male,23,Business,97.7,66,61,79.7,75.2,71,69,66.4,D,11,yes,Master's,medium,4
3389,Michael,Wright,michael.wright3389@email.com,Male,18,Physics,89.5,61,69,63.4,73.2,81,56,65.6,D,10,yes,High School,low,7
3390,Ryan,Miller,ryan.miller3390@email.com,Female,21,Computer Science,88.6,48,52,50.0,50.0,60,50,50.7,F,12,yes,High School,high,6
3391,Pamela,Donaldson,pamela.donaldson3391@email.com,Male,21,History,81.4,40,40,50.0,50.0,60,50,43.5,F,10,yes,Bachelor's,medium,4
3392,Melissa,Hawkins,melissa.hawkins3392@email.com,Male,18,Economics,89.2,87,87,92.3,90.4,80,88,87.5,B+,15,yes,High School,high,5
3393,Kenneth,Owens,kenneth.owens3393@email.com,Male,21,Business,85.1,71,54,65.8,56.6,67,56,61.4,D,13,yes,High School,medium,8
3394,Jeremy,Mcmahon,jeremy.mcmahon3394@email.com,Male,20,Political Science,84.2,88,82,78.1,92.5,69,76,82.7,B-,12,yes,Bachelor's,high,3
3395,Theresa,Sullivan,theresa.sullivan3395@email.com,Male,18,Engineering,77.6,48,48,54.4,50.0,60,67,51.2,F,5,yes,High School,medium,9
3396,Cheryl,Moore,cheryl.moore3396@email.com,Male,22,History,86.3,66,54,70.6,70.2,60,76,62.6,D,10,no,High School,low,8
3397,Abigail,Mcdonald,abigail.mcdonald3397@email.com,Male,19,Physics,90.0,65,79,80.5,70.0,70,64,72.7,C-,13,yes,High School,medium,2
3398,Sarah,Jacobs,sarah.jacobs3398@email.com,Male,21,Computer Science,67.6,70,83,82.8,67.5,87,85,78.8,C+,15,yes,Master's,medium,5
3399,Tina,Greer,tina.greer3399@email.com,Female,22,Biology,62.7,40,40,50.0,50.0,60,50,43.5,F,6,yes,Associate,medium,7
3400,Kaitlyn,Forbes,kaitlyn.forbes3400@email.com,Male,24,English Literature,67.0,66,52,65.6,71.5,79,78,62.6,D,11,yes,Associate,medium,7
3401,Kathleen,Carlson,kathleen.carlson3401@email.com,Female,24,Psychology,94.1,68,74,88.7,78.0,79,76,74.4,C,19,yes,Associate,high,6
3402,Daniel,Brown,daniel.brown3402@email.com,Female,23,Physics,74.8,44,54,52.5,52.1,60,51,50.8,F,10,yes,Associate,low,6
3403,James,Brown,james.brown3403@email.com,Male,23,Business,87.9,40,40,50.0,50.0,60,50,43.5,F,12,yes,Doctorate,high,7
3404,Michael,Thompson,michael.thompson3404@email.com,Female,22,Political Science,73.4,51,52,50.0,50.0,66,50,51.9,F,8,no,Bachelor's,low,6
3405,Rose,Estrada,rose.estrada3405@email.com,Male,24,Computer Science,81.4,71,53,60.0,68.2,60,56,60.6,D,11,yes,Bachelor's,medium,6
3406,Benjamin,Page,benjamin.page3406@email.com,Male,24,Business,78.3,59,51,71.0,56.2,60,50,56.0,F,10,yes,Associate,low,9
3407,Gina,Gonzalez,gina.gonzalez3407@email.com,Male,22,Business,91.4,69,65,74.9,73.9,60,60,67.0,D,10,yes,Associate,medium,3
3408,Timothy,Lopez,timothy.lopez3408@email.com,Female,22,Psychology,70.3,77,62,73.5,80.8,60,67,69.0,D,11,no,Bachelor's,high,9
3409,Shane,Martinez,shane.martinez3409@email.com,Female,18,Chemistry,94.7,84,80,86.2,69.7,60,87,81.0,B-,15,yes,High School,medium,7
3410,Holly,Moore,holly.moore3410@email.com,Male,20,Physics,79.8,87,78,89.2,83.0,60,100,83.4,B,18,yes,High School,low,4
3411,Daniel,Chandler,daniel.chandler3411@email.com,Male,19,Political Science,85.8,62,64,64.1,73.0,67,72,64.9,D,20,yes,Bachelor's,medium,9
3412,Tabitha,Bell,tabitha.bell3412@email.com,Female,20,Economics,77.3,87,86,74.4,72.3,64,67,81.5,B-,15,yes,Master's,high,6
3413,Amanda,Camacho,amanda.camacho3413@email.com,Female,21,English Literature,76.5,82,73,81.7,73.9,60,74,76.1,C,18,yes,Associate,medium,7
3414,Michael,Holmes,michael.holmes3414@email.com,Female,20,Engineering,100.0,50,56,83.2,64.8,72,65,59.1,F,10,yes,Associate,medium,7
3415,Joseph,Page,joseph.page3415@email.com,Female,19,Computer Science,72.8,87,68,81.1,76.4,60,79,76.2,C,16,yes,High School,low,5
3416,Joseph,Wilson,joseph.wilson3416@email.com,Male,21,English Literature,80.9,76,54,74.4,59.7,60,61,64.0,D,10,no,Bachelor's,medium,9
3417,Andrew,Weiss,andrew.weiss3417@email.com,Male,22,Psychology,60.0,50,58,69.6,62.7,74,81,60.2,D,16,yes,High School,low,5
3418,Jason,Bates,jason.bates3418@email.com,Male,19,Biology,87.1,66,41,63.7,65.9,60,50,53.9,F,12,yes,Master's,high,8
3419,Sharon,Estrada,sharon.estrada3419@email.com,Male,18,English Literature,87.1,53,65,63.0,63.7,60,62,60.7,D,8,yes,Bachelor's,medium,4
3420,Robert,Raymond,robert.raymond3420@email.com,Male,18,Mathematics,84.5,66,67,67.2,62.5,60,62,65.7,D,22,yes,Associate,medium,8
3421,Charles,Carson,charles.carson3421@email.com,Male,23,Psychology,87.2,56,59,70.5,60.1,75,55,59.8,F,12,yes,Master's,medium,8
3422,Jackson,Baker,jackson.baker3422@email.com,Male,21,English Literature,83.4,83,93,80.0,74.7,92,78,86.3,B,11,yes,High School,low,3
3423,Carlos,Anderson,carlos.anderson3423@email.com,Male,19,Computer Science,77.0,98,89,98.2,80.8,82,73,90.3,A,16,yes,Doctorate,high,7
3424,David,Hicks,david.hicks3424@email.com,Female,18,Engineering,85.3,40,56,50.0,50.0,60,50,49.9,F,8,yes,Master's,medium,4
3425,Bryan,Love,bryan.love3425@email.com,Male,20,Political Science,76.8,87,72,76.9,91.4,61,85,78.8,C+,10,yes,High School,low,5
3426,Sara,Cohen,sara.cohen3426@email.com,Male,22,Chemistry,72.4,40,40,50.0,50.0,60,50,43.5,F,8,yes,Associate,medium,9
3427,James,Logan,james.logan3427@email.com,Female,23,Psychology,88.2,93,86,88.2,81.4,70,90,87.7,B+,13,no,High School,medium,4
3428,Debbie,Mendoza,debbie.mendoza3428@email.com,Female,22,Engineering,79.6,93,76,91.6,90.0,84,92,85.4,B,12,yes,Associate,high,3
3429,Michael,Reynolds,michael.reynolds3429@email.com,Male,22,Mathematics,96.2,79,76,80.4,84.3,70,80,77.9,C+,10,yes,Bachelor's,medium,3
3430,Kimberly,Fuller,kimberly.fuller3430@email.com,Female,20,Mathematics,85.1,87,83,84.0,77.8,98,80,84.6,B,9,yes,Bachelor's,medium,5
3431,Heather,Fleming,heather.fleming3431@email.com,Female,21,Political Science,71.2,70,68,68.3,57.2,60,87,69.6,D,7,yes,Associate,high,6
3432,Whitney,Stanley,whitney.stanley3432@email.com,Male,22,English Literature,97.3,66,70,83.0,64.7,60,75,69.9,D,16,yes,Doctorate,high,8
3433,Brittany,Nichols,brittany.nichols3433@email.com,Male,22,Computer Science,88.0,76,77,69.8,77.5,62,50,72.6,C-,14,yes,High School,low,5
3434,Lauren,Morgan,lauren.morgan3434@email.com,Female,22,Psychology,94.9,83,88,87.9,80.3,77,83,85.2,B,14,no,High School,low,5
3435,Laura,Rice,laura.rice3435@email.com,Female,24,Psychology,76.1,60,63,61.9,62.6,60,53,60.9,D,16,yes,High School,medium,4
3436,Tracie,Mathis,tracie.mathis3436@email.com,Male,22,Psychology,82.0,72,68,77.6,78.2,63,50,68.6,D,14,no,Bachelor's,high,10
3437,Jacob,Brock,jacob.brock3437@email.com,Female,24,Engineering,83.6,64,66,71.5,75.1,88,67,67.7,D,12,yes,High School,high,7
3438,Jesus,Montgomery,jesus.montgomery3438@email.com,Male,20,History,60.0,74,78,96.2,94.4,69,90,80.3,B-,14,yes,Associate,medium,5
3439,Ronnie,Gill,ronnie.gill3439@email.com,Male,22,Engineering,79.1,53,43,53.5,54.1,60,64,50.6,F,18,yes,Master's,high,9
3440,Debra,Jennings,debra.jennings3440@email.com,Male,20,English Literature,79.7,41,59,50.0,50.0,60,50,51.4,F,5,yes,Bachelor's,medium,7
3441,Shelia,Ford,shelia.ford3441@email.com,Male,22,Chemistry,88.3,58,65,51.1,58.7,75,50,60.2,D,16,yes,Bachelor's,medium,5
3442,Kyle,Walker,kyle.walker3442@email.com,Male,21,History,76.1,40,40,50.0,50.0,60,50,43.5,F,15,yes,Bachelor's,high,7
3443,David,Marks,david.marks3443@email.com,Male,23,Chemistry,81.7,70,77,69.9,72.7,71,84,74.4,C,17,yes,Associate,high,4
3444,Paul,Gomez,paul.gomez3444@email.com,Female,21,Economics,95.0,40,42,50.0,50.0,60,50,44.3,F,10,yes,High School,high,10
3445,Jessica,Tucker,jessica.tucker3445@email.com,Female,21,Mathematics,76.7,76,75,84.6,88.0,73,93,78.7,C+,5,yes,High School,low,3
3446,Michael,Daniels,michael.daniels3446@email.com,Female,21,Biology,86.5,52,41,50.0,50.6,60,50,47.5,F,13,yes,Associate,medium,8
3447,Michael,Harris,michael.harris3447@email.com,Male,20,Biology,77.8,64,70,92.4,77.2,78,76,71.8,C-,8,yes,Bachelor's,medium,8
3448,William,Martinez,william.martinez3448@email.com,Female,20,English Literature,81.0,75,79,60.7,74.4,77,66,74.4,C,13,yes,Associate,low,3
3449,Allen,Smith,allen.smith3449@email.com,Male,23,History,100.0,80,82,77.7,75.4,63,73,78.9,C+,11,yes,Associate,low,7
3450,Sydney,Burgess,sydney.burgess3450@email.com,Female,24,Business,77.1,78,84,81.9,71.6,76,90,81.7,B-,7,yes,Associate,low,7
3451,Rachael,Morris,rachael.morris3451@email.com,Female,20,Computer Science,93.6,88,83,82.2,78.9,66,81,83.3,B,12,yes,Associate,medium,2
3452,Isaiah,Jones,isaiah.jones3452@email.com,Female,23,Chemistry,70.7,61,55,65.7,71.0,60,68,60.2,D,9,yes,Bachelor's,medium,7
3453,Joshua,Smith,joshua.smith3453@email.com,Female,18,Business,99.4,56,75,66.6,60.6,70,54,65.4,D,17,no,High School,medium,6
3454,Miguel,Mathis,miguel.mathis3454@email.com,Female,20,Political Science,77.9,51,51,51.6,63.4,82,67,54.9,F,15,no,High School,low,8
3455,Maria,Smith,maria.smith3455@email.com,Female,24,Biology,91.6,60,52,68.7,74.3,60,69,59.4,F,15,yes,Associate,low,6
3456,Michael,Lopez,michael.lopez3456@email.com,Male,19,English Literature,70.7,84,63,88.2,77.8,88,79,75.5,C,13,yes,Doctorate,high,4
3457,Aaron,Cooper,aaron.cooper3457@email.com,Male,22,Computer Science,100.0,81,81,80.9,80.4,61,74,79.3,C+,9,no,Master's,high,6
3458,Tracy,Daniels,tracy.daniels3458@email.com,Male,22,Physics,71.4,59,80,90.8,81.4,71,90,75.5,C,12,yes,High School,low,3
3459,Kim,Garza,kim.garza3459@email.com,Male,22,History,80.9,40,40,50.0,50.0,60,50,43.5,F,12,yes,Master's,high,6
3460,Sarah,Bell,sarah.bell3460@email.com,Male,18,Computer Science,81.7,65,78,81.5,82.2,63,72,73.4,C,21,yes,Bachelor's,medium,4
3461,Jennifer,Walker,jennifer.walker3461@email.com,Female,18,History,84.0,80,67,65.3,55.8,72,57,69.5,D,15,yes,Associate,low,6
3462,Tyler,Black,tyler.black3462@email.com,Female,19,English Literature,83.2,78,81,93.6,90.2,86,71,81.1,B-,13,yes,Master's,high,5
3463,Heather,Baker,heather.baker3463@email.com,Male,20,History,92.0,71,76,76.9,92.8,71,82,75.9,C,12,yes,Bachelor's,low,5
3464,Jeffrey,Rojas,jeffrey.rojas3464@email.com,Male,24,Political Science,93.4,79,81,82.5,100.0,74,75,80.6,B-,22,yes,Associate,high,4
3465,Robert,Ryan,robert.ryan3465@email.com,Male,22,Computer Science,77.7,77,83,89.3,70.8,74,92,81.8,B-,10,yes,Bachelor's,medium,5
3466,Jenna,Villanueva,jenna.villanueva3466@email.com,Male,21,Computer Science,80.2,64,90,99.6,85.4,64,94,82.1,B-,12,no,Associate,medium,5
3467,Brittany,Craig,brittany.craig3467@email.com,Male,22,Psychology,77.8,52,46,50.0,50.0,60,50,49.5,F,18,yes,Master's,high,8
3468,Colleen,Ball,colleen.ball3468@email.com,Female,20,History,75.7,85,57,72.6,61.9,62,72,69.0,D,9,yes,Associate,medium,4
3469,Ashley,Salinas,ashley.salinas3469@email.com,Male,19,Psychology,77.4,61,62,58.6,68.9,62,62,61.8,D,16,yes,High School,low,7
3470,William,Nelson,william.nelson3470@email.com,Male,23,Physics,93.3,68,45,61.4,50.0,65,53,55.6,F,12,no,Master's,low,9
3471,Michelle,Allen,michelle.allen3471@email.com,Male,21,Political Science,83.7,72,49,76.8,58.4,60,63,61.1,D,13,no,Bachelor's,low,7
3472,Shaun,Contreras,shaun.contreras3472@email.com,Male,23,Mathematics,87.2,48,56,53.6,50.0,60,65,54.2,F,7,yes,Master's,high,8
3473,Mason,Wilson,mason.wilson3473@email.com,Male,20,Mathematics,67.4,51,41,50.0,61.0,60,54,48.2,F,13,yes,Master's,medium,5
3474,Andrew,Hernandez,andrew.hernandez3474@email.com,Female,23,History,85.1,50,40,50.0,50.0,60,50,46.5,F,10,yes,Bachelor's,medium,5
3475,Stephanie,Graves,stephanie.graves3475@email.com,Male,18,Business,78.8,85,98,90.5,78.9,67,67,87.9,B+,13,no,High School,low,4
3476,Brian,Garcia,brian.garcia3476@email.com,Male,18,Economics,95.1,55,56,69.1,72.4,72,57,58.8,F,14,yes,Master's,low,9
3477,Sarah,Boyd,sarah.boyd3477@email.com,Female,22,Biology,67.0,61,43,50.0,50.0,60,50,51.0,F,9,yes,High School,medium,6
3478,Eric,Ball,eric.ball3478@email.com,Male,21,Psychology,91.7,75,66,72.5,54.6,60,50,66.9,D,10,yes,Bachelor's,medium,8
3479,Bobby,Davis,bobby.davis3479@email.com,Female,19,Engineering,76.3,88,82,80.8,74.6,81,73,82.4,B-,9,yes,Master's,medium,3
3480,Patty,Anderson,patty.anderson3480@email.com,Female,21,Computer Science,86.1,63,86,88.3,91.3,69,87,78.9,C+,11,yes,Master's,high,3
3481,Jessica,Scott,jessica.scott3481@email.com,Female,24,History,86.6,59,64,82.0,77.0,72,67,65.7,D,13,yes,Master's,medium,8
3482,Jerry,Montoya,jerry.montoya3482@email.com,Male,22,History,73.2,71,55,70.3,73.1,60,61,63.2,D,11,yes,Bachelor's,low,8
3483,Laurie,Hall,laurie.hall3483@email.com,Female,23,Chemistry,98.5,66,65,66.2,64.9,60,60,64.8,D,18,yes,Associate,medium,5
3484,Paul,Watson,paul.watson3484@email.com,Female,24,Biology,82.5,75,76,85.2,68.3,75,90,77.7,C+,15,yes,Associate,medium,3
3485,Jennifer,Gutierrez,jennifer.gutierrez3485@email.com,Male,20,Physics,100.0,63,47,67.9,50.7,60,66,56.7,F,13,yes,High School,medium,8
3486,Michelle,Mcdaniel,michelle.mcdaniel3486@email.com,Female,22,Business,76.0,45,64,57.0,62.0,60,52,56.2,F,11,yes,Associate,medium,6
3487,Kimberly,Cox,kimberly.cox3487@email.com,Female,22,Psychology,100.0,59,71,63.9,59.1,60,59,64.4,D,10,no,Bachelor's,high,6
3488,Marie,Tucker,marie.tucker3488@email.com,Male,21,Mathematics,77.8,59,65,69.2,52.2,64,63,62.9,D,16,yes,Associate,medium,5
3489,David,Clay,david.clay3489@email.com,Male,18,Mathematics,74.8,99,85,69.5,82.9,69,94,87.7,B+,11,yes,Associate,medium,4
3490,Charles,Callahan,charles.callahan3490@email.com,Male,19,Business,89.8,78,65,82.1,59.6,72,63,70.6,C-,24,yes,Associate,medium,9
3491,Sara,Morales,sara.morales3491@email.com,Male,24,Mathematics,100.0,76,93,85.5,65.6,72,89,84.4,B,11,yes,High School,medium,5
3492,Robert,Walker,robert.walker3492@email.com,Male,24,Computer Science,89.2,90,78,77.8,83.5,60,83,81.5,B-,13,yes,High School,medium,7
3493,Carol,Young,carol.young3493@email.com,Female,22,Physics,85.1,63,74,74.6,65.9,67,73,70.0,D,14,no,High School,low,5
3494,George,Walker,george.walker3494@email.com,Female,19,Economics,78.1,64,74,70.2,71.0,65,66,69.3,D,11,yes,High School,low,8
3495,Steven,Johnson,steven.johnson3495@email.com,Female,19,Business,89.9,76,91,91.2,72.0,67,94,84.8,B,14,yes,Master's,medium,2
3496,Lori,Richmond,lori.richmond3496@email.com,Female,23,English Literature,95.3,63,67,56.1,55.1,61,53,62.5,D,16,yes,Doctorate,low,4
3497,Matthew,Shaw,matthew.shaw3497@email.com,Male,22,Chemistry,85.5,62,48,50.0,50.0,60,50,53.3,F,9,yes,Bachelor's,medium,6
3498,Nicole,Mcdaniel,nicole.mcdaniel3498@email.com,Male,22,Physics,70.8,82,72,81.1,73.6,67,90,77.6,C+,14,yes,Associate,medium,5
3499,Desiree,Pitts,desiree.pitts3499@email.com,Male,19,Business,94.5,67,63,68.1,56.4,60,62,64.1,D,8,yes,Doctorate,medium,5
3500,Brandy,Reed,brandy.reed3500@email.com,Male,24,Chemistry,84.4,95,86,91.2,80.0,72,87,88.4,B+,10,yes,Bachelor's,medium,6
3501,Erica,Patterson,erica.patterson3501@email.com,Female,23,History,74.3,81,91,79.5,76.7,82,75,84.2,B,16,no,High School,low,7
3502,Kelly,Anderson,kelly.anderson3502@email.com,Female,20,Chemistry,83.8,60,66,65.1,66.4,60,54,62.7,D,15,yes,Master's,medium,6
3503,Carl,Vasquez,carl.vasquez3503@email.com,Male,20,Chemistry,71.4,89,80,87.5,88.8,72,66,82.2,B-,13,yes,Associate,medium,4
3504,Brian,Nunez,brian.nunez3504@email.com,Male,22,Psychology,100.0,67,77,80.9,70.2,84,82,75.0,C,11,yes,Associate,medium,6
3505,Samantha,Holder,samantha.holder3505@email.com,Female,20,Political Science,100.0,65,70,53.0,57.9,60,64,65.1,D,6,yes,Master's,low,5
3506,Gregory,Johnson,gregory.johnson3506@email.com,Female,19,English Literature,100.0,64,85,100.0,74.3,75,96,80.4,B-,18,yes,Doctorate,high,6
3507,Laura,Smith,laura.smith3507@email.com,Female,23,Economics,100.0,60,77,74.9,70.3,81,82,72.1,C-,12,yes,Bachelor's,medium,7
3508,Jason,Rodriguez,jason.rodriguez3508@email.com,Male,18,Mathematics,85.6,67,60,73.1,56.5,79,82,66.5,D,9,yes,Master's,high,9
3509,Christopher,Martin,christopher.martin3509@email.com,Male,23,Political Science,78.9,54,55,50.0,60.9,60,50,54.2,F,16,yes,Associate,medium,6
3510,Derrick,Lee,derrick.lee3510@email.com,Male,18,Psychology,90.5,80,96,82.5,87.1,89,77,87.3,B+,12,yes,Master's,medium,5
3511,Michelle,Olsen,michelle.olsen3511@email.com,Female,23,Economics,100.0,46,54,50.0,50.0,60,50,50.9,F,11,yes,Bachelor's,high,8
3512,Jason,Campbell,jason.campbell3512@email.com,Male,23,History,86.0,71,62,88.3,97.4,71,87,72.1,C-,13,yes,Bachelor's,medium,2
3513,Jennifer,Orr,jennifer.orr3513@email.com,Female,22,History,72.5,84,68,77.2,72.9,74,72,74.7,C,13,yes,Doctorate,high,6
3514,Ariana,Ward,ariana.ward3514@email.com,Female,23,Engineering,96.1,60,56,62.6,71.5,60,62,59.5,F,11,yes,Bachelor's,medium,5
3515,Wayne,Miller,wayne.miller3515@email.com,Female,22,Political Science,95.8,83,81,76.9,66.7,60,85,79.9,C+,9,yes,Bachelor's,low,2
3516,Kristina,Hobbs,kristina.hobbs3516@email.com,Male,23,Psychology,74.0,68,64,67.3,58.9,60,92,68.0,D,14,no,Associate,low,8
3517,Norma,Carroll,norma.carroll3517@email.com,Female,20,Chemistry,72.6,44,56,51.2,51.7,60,50,51.3,F,15,yes,Bachelor's,high,6
3518,John,Martin,john.martin3518@email.com,Male,20,Biology,71.3,66,49,72.1,57.4,70,56,58.6,F,14,yes,Bachelor's,high,7
3519,Cynthia,Mckee,cynthia.mckee3519@email.com,Female,23,History,94.7,79,68,82.4,78.9,73,66,73.4,C,17,yes,Associate,high,5
3520,Christina,Bartlett,christina.bartlett3520@email.com,Male,19,History,94.8,99,82,82.8,77.8,90,68,86.1,B,12,yes,Associate,medium,3
3521,Alexander,Combs,alexander.combs3521@email.com,Male,22,Political Science,71.6,67,61,80.0,69.0,64,62,65.4,D,15,yes,Bachelor's,high,6
3522,Elizabeth,Gay,elizabeth.gay3522@email.com,Female,24,Physics,85.0,56,66,53.6,50.0,60,50,59.1,F,12,yes,Associate,medium,5
3523,Rebecca,Johnson,rebecca.johnson3523@email.com,Male,24,Biology,91.3,74,66,100.0,78.9,81,81,74.8,C,10,yes,High School,low,7
3524,Nancy,Stone,nancy.stone3524@email.com,Male,21,Computer Science,93.1,85,90,86.1,92.0,86,74,86.5,B,12,yes,Bachelor's,medium,6
3525,Lisa,Blevins,lisa.blevins3525@email.com,Male,22,Chemistry,82.4,40,40,50.0,50.0,60,50,43.5,F,16,yes,Master's,medium,8
3526,Kathleen,Rowland,kathleen.rowland3526@email.com,Male,18,Psychology,78.8,40,48,50.0,56.2,60,50,47.0,F,12,yes,Bachelor's,medium,7
3527,Heather,Kent,heather.kent3527@email.com,Female,19,Chemistry,98.0,65,63,82.0,69.4,66,68,66.5,D,25,yes,High School,low,10
3528,Joel,Anderson,joel.anderson3528@email.com,Female,24,Physics,92.3,48,47,50.5,50.0,60,50,48.7,F,11,yes,Associate,medium,8
3529,Curtis,Butler,curtis.butler3529@email.com,Male,21,History,72.3,57,55,62.1,75.5,60,77,59.9,F,10,yes,Doctorate,low,7
3530,Jennifer,Cohen,jennifer.cohen3530@email.com,Male,24,Computer Science,73.5,61,71,71.6,75.9,60,65,67.2,D,13,yes,Bachelor's,high,5
3531,Katie,Rivera,katie.rivera3531@email.com,Female,22,Mathematics,76.0,62,63,73.7,76.8,60,67,64.8,D,16,yes,Bachelor's,medium,5
3532,Karen,Delacruz,karen.delacruz3532@email.com,Male,19,English Literature,85.1,59,60,88.2,80.8,90,70,66.2,D,11,yes,Associate,medium,7
3533,Aaron,Brooks,aaron.brooks3533@email.com,Male,22,Chemistry,82.4,66,73,78.7,76.7,60,69,70.7,C-,5,no,Bachelor's,medium,5
3534,Jennifer,Valentine,jennifer.valentine3534@email.com,Female,20,Chemistry,85.8,73,73,66.2,70.1,60,60,70.3,C-,15,yes,Bachelor's,medium,5
3535,Sandra,Smith,sandra.smith3535@email.com,Male,20,Political Science,76.8,40,42,50.0,50.0,60,50,44.3,F,7,yes,High School,medium,6
3536,Eric,Hernandez,eric.hernandez3536@email.com,Male,22,Engineering,78.8,40,40,50.0,50.0,60,50,43.5,F,12,yes,High School,low,5
3537,Beth,Russell,beth.russell3537@email.com,Male,21,Political Science,100.0,64,62,71.4,67.7,60,52,62.8,D,10,yes,Bachelor's,low,8
3538,Tamara,Mcknight,tamara.mcknight3538@email.com,Female,18,Chemistry,86.1,63,50,65.2,50.0,60,53,56.2,F,12,no,High School,low,7
3539,Lisa,Vasquez,lisa.vasquez3539@email.com,Male,18,Psychology,77.6,54,71,65.9,61.5,67,69,64.6,D,13,yes,High School,medium,7
3540,Todd,Chavez,todd.chavez3540@email.com,Female,24,English Literature,98.6,74,79,78.4,83.5,84,72,77.3,C+,13,no,Bachelor's,medium,6
3541,Jeffrey,David,jeffrey.david3541@email.com,Male,18,Physics,79.7,74,69,90.7,79.7,87,88,76.1,C,10,yes,High School,medium,2
3542,Marco,Gibson,marco.gibson3542@email.com,Female,19,Physics,73.9,95,91,72.9,88.9,84,89,89.8,B+,17,yes,Associate,low,1
3543,Gina,Baker,gina.baker3543@email.com,Male,18,Computer Science,93.1,89,83,81.9,76.3,80,79,83.9,B,10,yes,Bachelor's,medium,5
3544,Mark,Taylor,mark.taylor3544@email.com,Female,19,Computer Science,90.7,72,56,75.0,79.9,70,63,65.3,D,12,yes,Bachelor's,low,7
3545,Madison,Sutton,madison.sutton3545@email.com,Male,21,Mathematics,90.7,68,91,88.3,82.7,68,72,80.5,B-,15,yes,Associate,medium,3
3546,Aaron,Schmidt,aaron.schmidt3546@email.com,Female,18,Computer Science,94.8,54,80,60.6,59.3,64,50,65.5,D,6,yes,Associate,medium,7
3547,April,Hunter,april.hunter3547@email.com,Male,20,English Literature,93.9,84,91,79.8,75.8,82,73,84.9,B,7,yes,Associate,medium,2
3548,Mary,Fox,mary.fox3548@email.com,Male,19,Computer Science,83.9,44,58,69.0,50.0,68,68,56.1,F,10,yes,High School,low,7
3549,John,Oconnor,john.oconnor3549@email.com,Male,22,History,80.4,70,84,77.1,67.4,64,62,75.2,C,12,yes,Associate,medium,4
3550,Joseph,Parks,joseph.parks3550@email.com,Male,19,History,74.4,88,80,87.5,73.5,84,84,83.5,B,13,yes,Bachelor's,high,4
3551,Dawn,Collins,dawn.collins3551@email.com,Male,22,Business,92.9,87,77,95.7,77.5,78,77,82.0,B-,10,yes,Associate,low,5
3552,Zoe,Norris,zoe.norris3552@email.com,Female,23,Biology,78.5,84,73,76.3,64.8,72,84,77.4,C+,11,yes,Bachelor's,medium,7
3553,Maurice,Murray,maurice.murray3553@email.com,Male,20,Physics,71.8,50,49,58.2,57.5,60,50,51.3,F,7,yes,Associate,medium,5
3554,Julie,Marsh,julie.marsh3554@email.com,Male,23,Chemistry,90.5,98,81,81.0,91.2,89,82,87.2,B+,25,yes,Bachelor's,high,8
3555,Stephanie,Mullins,stephanie.mullins3555@email.com,Female,24,Psychology,87.3,66,54,54.8,53.5,61,53,58.0,F,10,yes,Associate,low,6
3556,Matthew,Lee,matthew.lee3556@email.com,Female,18,Physics,73.0,62,68,81.0,77.1,69,70,68.3,D,10,yes,High School,low,6
3557,Howard,Perry,howard.perry3557@email.com,Male,22,Political Science,100.0,84,83,97.5,98.1,72,78,84.5,B,10,yes,Associate,high,6
3558,Benjamin,Perry,benjamin.perry3558@email.com,Female,19,Political Science,78.5,63,77,80.1,60.7,73,77,72.2,C-,15,yes,Master's,medium,5
3559,James,Brown,james.brown3559@email.com,Female,23,Chemistry,79.6,81,71,75.6,74.8,85,63,74.6,C,17,yes,Bachelor's,medium,5
3560,Eric,Hernandez,eric.hernandez3560@email.com,Male,22,History,77.0,80,74,66.8,58.8,60,62,72.4,C-,8,yes,Master's,high,3
3561,Kathleen,Bond,kathleen.bond3561@email.com,Male,21,Economics,73.5,68,40,52.6,50.0,60,50,52.2,F,8,yes,High School,low,9
3562,Bryan,Dennis,bryan.dennis3562@email.com,Male,21,Chemistry,97.7,66,67,81.8,67.7,73,52,67.1,D,17,yes,Master's,low,3
3563,William,Allen,william.allen3563@email.com,Female,21,Political Science,80.4,73,59,90.3,81.5,60,68,68.5,D,8,yes,Doctorate,medium,9
3564,Darrell,Robles,darrell.robles3564@email.com,Male,23,Psychology,84.8,66,85,84.1,91.7,89,77,79.0,C+,10,yes,Bachelor's,medium,4
3565,Donna,Cooper,donna.cooper3565@email.com,Male,21,Engineering,100.0,75,82,81.4,65.0,69,86,78.8,C+,10,yes,Master's,medium,3
3566,Gary,Hoffman,gary.hoffman3566@email.com,Male,19,History,88.2,97,73,81.5,76.6,71,77,81.6,B-,14,yes,High School,low,5
3567,Cynthia,Sanchez,cynthia.sanchez3567@email.com,Female,23,Computer Science,96.9,65,69,78.8,82.5,60,78,70.0,D,11,yes,Associate,medium,8
3568,Barbara,Chang,barbara.chang3568@email.com,Male,22,Engineering,98.7,89,88,88.2,68.7,70,86,86.3,B,11,yes,High School,low,6
3569,Jamie,Daugherty,jamie.daugherty3569@email.com,Male,19,Business,76.0,80,71,71.9,77.4,60,61,72.6,C-,7,yes,Associate,medium,6
3570,Jason,Heath,jason.heath3570@email.com,Female,19,Business,95.4,62,72,99.7,82.6,76,76,73.0,C-,5,yes,Associate,medium,3
3571,Leslie,Walker,leslie.walker3571@email.com,Male,22,Engineering,89.5,69,82,72.1,69.3,87,65,75.1,C,11,yes,Associate,medium,7
3572,Jennifer,Cunningham,jennifer.cunningham3572@email.com,Male,24,Engineering,75.3,77,57,70.2,50.0,60,50,63.4,D,11,yes,Master's,high,7
3573,Lynn,Hunt,lynn.hunt3573@email.com,Male,18,Psychology,76.3,41,49,53.2,50.0,60,56,48.3,F,8,yes,High School,low,6
3574,Donna,Walls,donna.walls3574@email.com,Male,18,Psychology,86.0,82,81,62.0,67.3,65,69,76.8,C,12,yes,Bachelor's,high,4
3575,Sandra,Mcgee,sandra.mcgee3575@email.com,Female,22,Biology,71.5,49,40,50.0,50.0,60,50,46.2,F,5,yes,Associate,low,6
3576,Mark,Smith,mark.smith3576@email.com,Male,19,Political Science,85.1,80,82,85.3,79.1,100,92,83.5,B,6,yes,Associate,medium,7
3577,Elizabeth,Graves,elizabeth.graves3577@email.com,Female,23,English Literature,82.1,43,65,51.7,51.2,64,50,54.9,F,10,yes,High School,medium,10
3578,Jared,Garcia,jared.garcia3578@email.com,Female,23,Psychology,84.9,60,69,66.5,66.1,78,69,66.4,D,12,no,Doctorate,medium,7
3579,Peggy,Mathis,peggy.mathis3579@email.com,Male,20,English Literature,81.0,73,68,76.0,55.3,72,57,68.8,D,7,no,Bachelor's,low,8
3580,Amy,King,amy.king3580@email.com,Female,18,Political Science,72.9,58,61,64.0,58.5,60,60,60.2,D,17,yes,Associate,low,6
3581,Benjamin,Ortiz,benjamin.ortiz3581@email.com,Female,20,Computer Science,69.3,64,64,54.6,54.5,60,62,62.3,D,10,yes,Doctorate,medium,4
3582,Rita,Jackson,rita.jackson3582@email.com,Male,24,Physics,80.9,60,59,59.4,66.0,60,60,59.9,F,5,yes,Master's,medium,9
3583,Teresa,Stewart,teresa.stewart3583@email.com,Male,23,History,74.6,68,51,65.9,50.0,60,54,58.4,F,5,yes,Bachelor's,high,10
3584,Angela,Strong,angela.strong3584@email.com,Female,24,Physics,76.1,80,64,82.7,76.4,83,74,73.3,C,13,yes,Bachelor's,medium,5
3585,Christopher,Lawson,christopher.lawson3585@email.com,Female,18,Chemistry,69.4,61,44,60.6,51.6,60,56,53.2,F,5,yes,High School,low,8
3586,David,Mcdaniel,david.mcdaniel3586@email.com,Female,18,Economics,81.6,42,40,50.0,50.0,60,50,44.1,F,15,no,Associate,low,7
3587,Steven,Collins,steven.collins3587@email.com,Female,23,Political Science,80.9,75,86,83.3,98.5,88,77,82.4,B-,11,no,High School,medium,5
3588,Russell,Bailey,russell.bailey3588@email.com,Female,21,Business,93.1,41,57,50.0,50.7,60,50,50.6,F,7,yes,Associate,low,7
3589,Mercedes,Perkins,mercedes.perkins3589@email.com,Female,18,Chemistry,85.4,44,73,71.6,61.8,64,65,62.5,D,14,yes,High School,medium,4
3590,Antonio,Brewer,antonio.brewer3590@email.com,Female,21,English Literature,89.5,57,60,73.3,61.6,60,75,62.0,D,9,yes,Associate,medium,5
3591,Andrew,Morrison,andrew.morrison3591@email.com,Female,22,Engineering,61.8,62,64,73.7,66.6,73,63,65.0,D,19,yes,Master's,medium,9
3592,Bradley,Mcclure,bradley.mcclure3592@email.com,Female,24,Chemistry,93.4,68,71,79.3,79.8,79,81,72.8,C-,12,yes,Associate,medium,5
3593,Sara,Webb,sara.webb3593@email.com,Male,21,Computer Science,99.1,86,84,80.8,82.7,63,72,82.0,B-,16,yes,Master's,medium,4
3594,Larry,Hood,larry.hood3594@email.com,Male,23,History,89.9,54,66,60.0,63.3,60,58,60.6,D,13,yes,Bachelor's,medium,9
3595,Ashley,Tyler,ashley.tyler3595@email.com,Male,24,History,94.1,79,79,83.3,89.6,78,88,80.9,B-,18,yes,Bachelor's,low,8
3596,Robert,Martinez,robert.martinez3596@email.com,Male,21,Political Science,87.4,71,67,73.0,69.4,65,69,69.1,D,5,yes,Master's,medium,9
3597,Jonathan,Francis,jonathan.francis3597@email.com,Male,22,Economics,81.7,78,42,67.0,74.1,60,54,59.1,F,13,yes,Bachelor's,medium,6
3598,Bradley,Cortez,bradley.cortez3598@email.com,Male,24,Biology,81.4,70,71,68.9,72.2,68,64,69.8,D,9,yes,Master's,high,4
3599,Gail,Simon,gail.simon3599@email.com,Male,24,Political Science,83.1,64,74,87.0,87.9,80,67,72.7,C-,9,no,Bachelor's,low,6
3600,Alexander,Lopez,alexander.lopez3600@email.com,Female,19,Psychology,95.1,70,87,77.3,77.1,80,87,80.2,B-,16,yes,Bachelor's,low,3
3601,Ian,Murphy,ian.murphy3601@email.com,Female,19,Economics,94.9,40,45,50.0,50.0,60,50,45.5,F,5,yes,Bachelor's,high,6
3602,Sarah,Hull,sarah.hull3602@email.com,Female,18,Physics,86.7,49,40,58.3,50.0,60,51,47.2,F,9,yes,Bachelor's,medium,7
3603,Taylor,Lee,taylor.lee3603@email.com,Male,23,Physics,83.3,78,70,72.5,57.3,76,74,72.8,C-,12,yes,Associate,medium,4
3604,Joseph,Cole,joseph.cole3604@email.com,Male,21,Political Science,83.4,61,59,74.2,69.6,60,73,63.2,D,15,yes,Bachelor's,low,7
3605,Susan,Gregory,susan.gregory3605@email.com,Male,21,Psychology,77.7,80,64,84.2,80.3,75,80,73.9,C,16,yes,High School,low,4
3606,Miguel,Christensen,miguel.christensen3606@email.com,Female,19,Physics,85.8,80,91,79.7,90.5,87,99,87.2,B+,12,yes,Associate,medium,2
3607,Amanda,Anderson,amanda.anderson3607@email.com,Male,21,Economics,76.5,69,74,86.5,81.1,79,63,73.3,C,15,yes,Doctorate,medium,4
3608,Chloe,James,chloe.james3608@email.com,Male,24,Computer Science,68.8,68,57,60.3,50.0,60,71,61.8,D,13,no,High School,low,6
3609,Matthew,Zuniga,matthew.zuniga3609@email.com,Male,22,Mathematics,97.0,55,72,66.0,60.1,60,72,65.1,D,10,yes,Master's,high,7
3610,Christopher,Smith,christopher.smith3610@email.com,Male,23,Biology,69.8,89,82,95.5,89.4,81,80,85.6,B,10,yes,High School,medium,5
3611,Julia,Sims,julia.sims3611@email.com,Female,19,English Literature,95.7,72,67,66.0,68.4,60,50,66.4,D,6,yes,Bachelor's,medium,6
3612,Cynthia,Brown,cynthia.brown3612@email.com,Female,23,Chemistry,70.9,78,72,63.0,73.8,64,70,72.5,C-,13,no,Associate,medium,7
3613,Ashley,Flores,ashley.flores3613@email.com,Female,22,History,88.8,70,63,65.8,69.6,60,50,64.3,D,19,no,Associate,medium,10
3614,Chloe,Bullock,chloe.bullock3614@email.com,Male,18,English Literature,84.1,42,50,50.0,50.9,60,50,48.2,F,10,yes,High School,medium,8
3615,Michael,Torres,michael.torres3615@email.com,Female,20,Chemistry,90.7,76,85,93.6,79.1,89,77,82.4,B-,15,yes,Bachelor's,low,5
3616,Christopher,Anderson,christopher.anderson3616@email.com,Female,18,Economics,100.0,91,86,87.2,65.7,91,89,87.2,B+,12,no,Associate,medium,5
3617,Robert,Harris,robert.harris3617@email.com,Female,21,English Literature,96.8,74,69,86.9,76.1,74,67,72.8,C-,11,no,High School,medium,6
3618,David,Henry,david.henry3618@email.com,Male,18,Psychology,92.1,53,59,61.5,62.5,60,50,56.8,F,11,yes,High School,medium,7
3619,Nicole,Sanchez,nicole.sanchez3619@email.com,Female,22,Economics,85.5,68,77,69.1,76.4,64,98,75.0,C,10,yes,High School,low,4
3620,Brian,Lewis,brian.lewis3620@email.com,Male,20,Psychology,84.7,69,86,99.5,76.8,83,93,82.4,B-,11,yes,Associate,medium,7
3621,Jessica,Drake,jessica.drake3621@email.com,Female,19,Computer Science,83.1,80,74,89.3,71.6,73,76,77.4,C+,7,yes,Bachelor's,medium,5
3622,Alicia,Holt,alicia.holt3622@email.com,Female,23,Physics,84.0,82,89,84.0,75.5,78,92,85.5,B,16,yes,High School,medium,4
3623,Eric,Jones,eric.jones3623@email.com,Male,23,History,84.5,51,56,56.8,53.2,60,53,54.4,F,11,yes,Master's,high,7
3624,Zachary,Lang,zachary.lang3624@email.com,Female,20,Engineering,92.6,83,71,86.1,73.8,64,68,75.7,C,13,yes,Associate,medium,5
3625,Mathew,Beck,mathew.beck3625@email.com,Female,23,Economics,70.1,58,73,77.4,93.1,72,79,70.6,C-,16,yes,High School,medium,4
3626,Jonathan,Wilson,jonathan.wilson3626@email.com,Male,18,Political Science,80.7,63,67,66.9,84.1,66,66,66.6,D,12,yes,High School,medium,6
3627,Timothy,Baker,timothy.baker3627@email.com,Female,23,Biology,93.2,68,82,72.6,82.9,97,64,76.0,C,9,yes,High School,high,3
3628,Emily,Cox,emily.cox3628@email.com,Female,22,Business,96.1,87,80,97.8,85.4,73,79,83.8,B,12,yes,High School,low,4
3629,Holly,Williams,holly.williams3629@email.com,Male,22,Physics,84.8,76,75,84.2,86.2,82,83,78.1,C+,9,yes,Associate,medium,3
3630,Teresa,Mcdonald,teresa.mcdonald3630@email.com,Female,23,Political Science,87.6,64,60,52.7,64.4,60,50,59.7,F,5,no,Doctorate,high,7
3631,Troy,Wolf,troy.wolf3631@email.com,Female,20,Computer Science,98.0,43,65,60.4,52.7,60,51,55.7,F,7,yes,Associate,medium,5
3632,Kimberly,Parker,kimberly.parker3632@email.com,Female,18,Physics,80.6,55,57,56.6,67.7,60,66,58.0,F,14,yes,Master's,medium,4
3633,Sheila,Johnson,sheila.johnson3633@email.com,Male,21,Engineering,79.5,61,63,68.1,61.1,60,50,61.4,D,13,no,High School,low,8
3634,Johnny,Evans,johnny.evans3634@email.com,Male,22,Psychology,99.1,48,63,57.4,72.5,60,52,57.2,F,13,no,Bachelor's,medium,6
3635,Melody,Le,melody.le3635@email.com,Female,24,Computer Science,81.4,46,40,50.0,50.0,60,50,45.3,F,10,yes,Master's,medium,9
3636,Kristen,Perez,kristen.perez3636@email.com,Female,21,English Literature,82.0,40,58,55.6,50.0,60,64,52.7,F,11,no,Associate,medium,5
3637,Richard,Banks,richard.banks3637@email.com,Male,22,Biology,74.2,68,90,74.4,84.1,60,57,76.8,C,11,yes,Bachelor's,medium,4
3638,Jason,Hill,jason.hill3638@email.com,Male,21,Engineering,99.0,71,66,66.6,65.4,60,72,67.8,D,11,yes,Master's,low,6
3639,Jennifer,Smith,jennifer.smith3639@email.com,Female,21,Psychology,91.0,67,74,87.1,86.4,71,77,74.1,C,17,yes,Master's,medium,3
3640,Morgan,Lynch,morgan.lynch3640@email.com,Male,21,Engineering,79.9,75,76,71.0,81.6,77,79,75.9,C,18,yes,High School,low,6
3641,Emily,Moore,emily.moore3641@email.com,Male,23,English Literature,92.1,40,40,50.0,50.0,60,50,43.5,F,5,yes,Associate,low,3
3642,Michael,Rivera,michael.rivera3642@email.com,Female,19,Economics,95.9,65,80,84.2,93.5,60,71,74.7,C,13,yes,High School,low,7
3643,Samantha,Bailey,samantha.bailey3643@email.com,Male,18,History,84.0,40,50,50.0,50.0,60,50,47.5,F,7,no,Bachelor's,medium,7
3644,Courtney,Bird,courtney.bird3644@email.com,Male,20,Physics,69.5,83,84,91.5,67.1,73,65,81.3,B-,9,yes,High School,low,4
3645,Katherine,Cox,katherine.cox3645@email.com,Female,18,Computer Science,87.4,71,86,81.4,74.4,70,81,79.2,C+,12,yes,Bachelor's,medium,5
3646,Frank,Wong,frank.wong3646@email.com,Male,18,Engineering,91.8,75,77,77.6,73.2,82,86,77.5,C+,11,yes,Associate,medium,2
3647,Brittney,Glass,brittney.glass3647@email.com,Male,24,Biology,100.0,66,69,68.1,81.4,66,61,67.8,D,5,no,Associate,high,6
3648,Anthony,Mendez,anthony.mendez3648@email.com,Male,19,Psychology,87.5,78,81,94.6,87.1,63,73,80.1,B-,13,yes,Associate,high,3
3649,Brandon,Werner,brandon.werner3649@email.com,Female,18,Psychology,69.6,48,40,57.4,50.0,60,50,46.6,F,7,yes,High School,medium,7
3650,Debra,Herring,debra.herring3650@email.com,Female,22,Economics,73.9,61,82,80.2,81.6,72,83,75.2,C,22,no,Bachelor's,medium,7
3651,Brandon,Carey,brandon.carey3651@email.com,Male,22,Mathematics,100.0,74,89,94.1,86.0,79,83,83.9,B,12,yes,Master's,medium,2
3652,Chase,Edwards,chase.edwards3652@email.com,Male,23,Engineering,75.3,40,40,50.0,61.6,60,50,44.1,F,18,yes,Doctorate,medium,6
3653,Tyler,Young,tyler.young3653@email.com,Male,22,History,85.0,59,69,66.7,62.2,60,78,65.9,D,5,yes,Associate,low,4
3654,Morgan,Bush,morgan.bush3654@email.com,Female,21,English Literature,84.8,44,40,50.0,50.0,60,50,44.7,F,12,yes,Associate,medium,7
3655,Stephanie,Mcclain,stephanie.mcclain3655@email.com,Female,19,Business,74.2,79,70,79.1,74.8,71,82,75.1,C,10,yes,Associate,low,4
3656,John,Stout,john.stout3656@email.com,Female,21,Business,99.1,75,83,72.8,85.2,70,73,78.1,C+,12,no,Associate,low,6
3657,Chelsea,Lee,chelsea.lee3657@email.com,Female,23,Business,78.2,46,40,50.0,50.0,60,50,45.3,F,7,yes,Master's,medium,8
3658,Shannon,Wolfe,shannon.wolfe3658@email.com,Male,20,Political Science,74.7,55,50,69.7,64.4,64,58,55.7,F,18,yes,Bachelor's,high,9
3659,Jennifer,Stone,jennifer.stone3659@email.com,Female,20,English Literature,100.0,93,73,71.7,83.1,94,76,80.8,B-,9,yes,Master's,high,5
3660,Gary,Clark,gary.clark3660@email.com,Male,18,History,89.5,71,59,52.8,66.8,60,66,63.1,D,12,yes,Associate,medium,8
3661,Patrick,Shields,patrick.shields3661@email.com,Male,19,Business,100.0,88,96,91.6,84.3,62,59,87.2,B+,7,yes,Associate,medium,3
3662,James,Richards,james.richards3662@email.com,Male,19,Political Science,96.0,74,69,80.1,72.7,60,81,72.6,C-,18,yes,Associate,high,8
3663,Margaret,Cross,margaret.cross3663@email.com,Male,20,Chemistry,85.3,58,58,72.1,68.0,79,76,62.9,D,7,yes,High School,low,5
3664,Carlos,Stewart,carlos.stewart3664@email.com,Female,21,Biology,100.0,74,90,95.2,65.4,84,76,82.9,B-,5,yes,Master's,high,5
3665,Joseph,Wilson,joseph.wilson3665@email.com,Female,21,Psychology,93.6,75,77,82.5,81.4,71,77,76.9,C,15,no,Associate,medium,5
3666,Lisa,Delgado,lisa.delgado3666@email.com,Male,19,Psychology,86.1,50,42,59.4,50.0,60,64,49.7,F,7,no,Bachelor's,medium,7
3667,David,Floyd,david.floyd3667@email.com,Female,23,Economics,92.3,72,64,78.6,69.8,73,70,69.2,D,12,yes,Bachelor's,medium,7
3668,Joshua,Short,joshua.short3668@email.com,Female,19,English Literature,96.5,64,69,84.4,77.9,78,71,70.3,C-,11,no,High School,low,2
3669,Benjamin,Roach,benjamin.roach3669@email.com,Female,24,History,88.2,60,74,56.5,66.8,60,53,65.0,D,15,yes,Associate,medium,5
3670,Evan,Nguyen,evan.nguyen3670@email.com,Female,22,Physics,92.7,84,86,76.1,81.0,60,87,83.0,B,9,yes,Associate,medium,6
3671,Allison,Juarez,allison.juarez3671@email.com,Female,21,Physics,69.5,47,47,61.1,55.1,60,73,52.1,F,19,yes,Bachelor's,high,9
3672,Joseph,Adams,joseph.adams3672@email.com,Female,18,Biology,87.0,79,85,85.0,77.5,91,80,82.7,B-,13,yes,Associate,low,4
3673,Jacqueline,Barnes,jacqueline.barnes3673@email.com,Male,21,History,86.5,70,69,81.7,62.0,81,71,71.1,C-,16,yes,Associate,high,4
3674,Brian,Villa,brian.villa3674@email.com,Female,20,Physics,83.7,60,61,63.9,66.7,80,71,63.3,D,14,yes,Associate,medium,7
3675,Bob,Burch,bob.burch3675@email.com,Female,24,Physics,100.0,71,62,58.7,69.2,60,53,63.8,D,17,yes,Bachelor's,medium,8
3676,Wendy,Mcbride,wendy.mcbride3676@email.com,Male,21,Engineering,91.7,40,40,50.0,50.0,60,50,43.5,F,9,yes,Master's,medium,7
3677,Patrick,Rangel,patrick.rangel3677@email.com,Male,19,Physics,81.3,74,60,84.8,71.4,71,93,71.2,C-,10,yes,Bachelor's,medium,6
3678,Stacey,Reed,stacey.reed3678@email.com,Female,19,Mathematics,76.8,85,83,77.7,91.3,90,82,83.9,B,8,yes,Master's,high,5
3679,Jeffrey,Gonzalez,jeffrey.gonzalez3679@email.com,Female,24,Physics,84.2,77,85,91.3,82.3,71,74,81.4,B-,8,yes,Bachelor's,medium,4
3680,Jamie,Jones,jamie.jones3680@email.com,Female,19,Economics,87.8,60,61,53.3,50.0,60,54,58.7,F,11,yes,Associate,medium,7
3681,Joseph,Rivera,joseph.rivera3681@email.com,Male,21,Biology,90.9,40,45,50.0,50.0,60,50,45.5,F,17,yes,High School,low,6
3682,Maria,Richards,maria.richards3682@email.com,Female,18,Computer Science,98.7,43,40,50.3,50.0,60,50,44.4,F,10,yes,Bachelor's,low,4
3683,William,Wallace,william.wallace3683@email.com,Female,20,Psychology,93.7,66,59,70.2,53.2,60,61,62.2,D,14,yes,Doctorate,medium,7
3684,Christopher,Wilson,christopher.wilson3684@email.com,Female,20,Economics,81.6,40,54,50.0,50.0,60,50,49.1,F,11,yes,High School,medium,6
3685,Sandra,Patton,sandra.patton3685@email.com,Male,22,Business,76.9,68,69,74.8,66.1,74,62,68.7,D,13,yes,Associate,medium,5
3686,Sarah,Clayton,sarah.clayton3686@email.com,Male,18,Psychology,88.4,80,75,76.7,77.0,70,67,75.8,C,17,yes,Associate,medium,5
3687,Patrick,Walsh,patrick.walsh3687@email.com,Male,24,Mathematics,85.2,59,55,66.4,59.3,60,64,58.7,F,13,yes,Bachelor's,low,7
3688,Ryan,Bender,ryan.bender3688@email.com,Male,19,Computer Science,75.6,51,59,50.0,56.8,63,57,55.6,F,12,no,Associate,high,5
3689,Jose,Bradley,jose.bradley3689@email.com,Female,20,Mathematics,84.8,49,62,68.4,66.7,60,67,59.4,F,10,yes,Master's,medium,9
3690,Julie,Norton,julie.norton3690@email.com,Female,19,Physics,98.4,74,90,85.3,73.9,75,70,81.3,B-,13,no,Associate,low,5
3691,Brett,Potter,brett.potter3691@email.com,Male,22,Computer Science,73.8,74,86,83.7,70.7,60,58,77.4,C+,17,yes,Doctorate,low,3
3692,Eric,Cruz,eric.cruz3692@email.com,Female,22,Biology,91.4,78,77,79.8,84.0,74,72,77.4,C+,5,yes,Associate,medium,7
3693,Meredith,Gregory,meredith.gregory3693@email.com,Female,18,Economics,68.1,82,87,98.5,76.7,97,79,85.9,B,6,yes,Associate,medium,5
3694,Brandon,Hinton,brandon.hinton3694@email.com,Male,19,Economics,80.2,92,83,80.3,79.2,69,77,84.1,B,15,no,Bachelor's,medium,7
3695,Thomas,Castaneda,thomas.castaneda3695@email.com,Male,18,Business,100.0,60,54,68.4,50.0,60,74,59.4,F,10,yes,Associate,low,4
3696,David,Golden,david.golden3696@email.com,Male,20,Engineering,78.0,82,79,87.1,80.1,67,90,81.3,B-,10,yes,Bachelor's,medium,2
3697,Christopher,James,christopher.james3697@email.com,Female,18,Psychology,77.1,53,62,62.9,50.2,60,50,57.5,F,8,yes,High School,low,7
3698,Gina,Rollins,gina.rollins3698@email.com,Female,20,Physics,88.5,55,59,57.0,50.0,60,54,56.7,F,6,yes,Associate,low,9
3699,Dylan,Ford,dylan.ford3699@email.com,Male,18,Physics,86.4,57,67,62.9,70.3,60,66,63.3,D,9,yes,High School,low,6
3700,Ryan,Lindsey,ryan.lindsey3700@email.com,Female,19,Business,84.1,68,68,68.8,76.7,67,64,68.2,D,16,yes,Bachelor's,medium,7
3701,Ashley,Moore,ashley.moore3701@email.com,Female,22,Psychology,77.7,56,40,53.3,50.0,60,50,48.6,F,14,yes,High School,low,6
3702,Robert,Church,robert.church3702@email.com,Male,18,Business,100.0,44,50,50.0,50.0,60,50,48.7,F,5,yes,Associate,medium,5
3703,Tanya,Pace,tanya.pace3703@email.com,Female,20,History,99.2,68,70,82.2,65.7,65,85,71.8,C-,17,yes,High School,medium,6
3704,Adrienne,Austin,adrienne.austin3704@email.com,Female,22,Physics,85.8,40,40,59.0,50.0,60,50,44.4,F,12,yes,Bachelor's,high,5
3705,Michael,Jones,michael.jones3705@email.com,Female,20,Chemistry,67.5,57,40,50.0,50.0,60,50,48.6,F,13,yes,Associate,low,6
3706,Johnny,White,johnny.white3706@email.com,Female,21,Psychology,84.4,58,80,80.5,63.9,60,63,70.0,D,11,yes,Associate,medium,5
3707,James,Gibbs,james.gibbs3707@email.com,Male,19,History,97.1,61,65,79.1,50.8,65,64,64.5,D,5,yes,Master's,high,5
3708,Jennifer,Williams,jennifer.williams3708@email.com,Male,24,Business,94.2,40,40,50.0,50.0,60,50,43.5,F,12,yes,High School,low,5
3709,Adam,Martinez,adam.martinez3709@email.com,Female,24,Biology,89.6,82,84,85.7,72.6,86,78,82.6,B-,17,yes,High School,low,5
3710,Joshua,Hogan,joshua.hogan3710@email.com,Male,24,Business,88.0,81,89,78.7,82.8,67,70,82.3,B-,10,yes,Associate,medium,5
3711,Gabriel,Collins,gabriel.collins3711@email.com,Male,22,English Literature,89.1,66,80,58.6,85.0,74,63,72.0,C-,8,yes,Associate,high,5
3712,Olivia,Roberts,olivia.roberts3712@email.com,Male,20,Psychology,68.2,59,66,71.4,82.4,75,95,68.6,D,11,yes,High School,medium,7
3713,Diana,Villarreal,diana.villarreal3713@email.com,Female,18,Chemistry,86.7,61,84,70.9,69.8,68,77,73.7,C,16,yes,Associate,medium,4
3714,Jeanette,Simmons,jeanette.simmons3714@email.com,Female,23,Business,75.8,73,79,76.2,91.7,89,91,79.4,C+,18,yes,High School,low,7
3715,Aaron,Gonzalez,aaron.gonzalez3715@email.com,Male,21,Biology,90.6,45,49,50.0,66.3,60,54,49.9,F,8,yes,Doctorate,medium,5
3716,Charlene,Montoya,charlene.montoya3716@email.com,Female,20,Mathematics,95.1,77,83,76.7,78.9,66,83,79.6,C+,19,yes,Master's,low,7
3717,Kelsey,Burnett,kelsey.burnett3717@email.com,Male,23,Computer Science,83.9,53,60,51.9,50.0,60,56,56.2,F,10,yes,Bachelor's,high,7
3718,Andrea,Lewis,andrea.lewis3718@email.com,Male,20,Engineering,76.0,78,83,62.9,80.8,83,60,77.2,C+,12,yes,High School,medium,5
3719,Melissa,Kim,melissa.kim3719@email.com,Male,22,Biology,100.0,81,69,82.3,86.2,77,70,75.4,C,6,yes,Master's,low,6
3720,Charles,Taylor,charles.taylor3720@email.com,Female,24,Mathematics,86.3,50,57,70.0,57.4,60,50,55.7,F,11,yes,Master's,low,9
3721,Raven,Jones,raven.jones3721@email.com,Female,23,Mathematics,98.2,58,80,69.6,66.5,60,78,70.5,C-,17,yes,High School,low,8
3722,Joseph,Oneal,joseph.oneal3722@email.com,Male,20,Physics,66.6,81,91,87.1,73.9,79,83,85.4,B,5,no,Master's,high,5
3723,Kevin,Wright,kevin.wright3723@email.com,Male,24,Biology,95.3,75,78,68.2,74.4,60,71,74.4,C,13,yes,Master's,medium,3
3724,Eric,Edwards,eric.edwards3724@email.com,Male,22,Physics,83.4,46,61,64.0,73.5,71,60,57.9,F,9,no,Doctorate,low,7
3725,Thomas,Warren,thomas.warren3725@email.com,Male,19,Engineering,72.8,40,40,50.0,50.0,60,50,43.5,F,6,yes,Associate,medium,6
3726,Nicholas,Carter,nicholas.carter3726@email.com,Male,18,Economics,68.8,84,79,70.4,76.2,66,72,78.2,C+,13,yes,Associate,low,2
3727,Jane,Townsend,jane.townsend3727@email.com,Female,21,Political Science,100.0,83,79,95.1,74.1,82,80,81.9,B-,7,yes,Associate,low,4
3728,Brandon,Ramos,brandon.ramos3728@email.com,Male,19,Physics,100.0,81,78,85.4,84.6,88,85,81.2,B-,5,yes,Associate,medium,5
3729,Patrick,Smith,patrick.smith3729@email.com,Male,19,Biology,85.1,78,83,94.3,78.0,90,82,82.7,B-,11,yes,High School,medium,6
3730,Ryan,Taylor,ryan.taylor3730@email.com,Male,22,Business,85.1,78,59,72.9,63.3,64,70,67.8,D,8,yes,High School,low,5
3731,Mary,Mcdonald,mary.mcdonald3731@email.com,Male,19,Mathematics,70.8,86,54,76.5,65.8,83,72,69.8,D,8,yes,Associate,low,8
3732,Hannah,Walker,hannah.walker3732@email.com,Female,24,History,77.1,79,63,74.3,78.3,83,75,71.9,C-,10,yes,Associate,medium,4
3733,Charles,Davis,charles.davis3733@email.com,Female,21,Mathematics,80.4,63,60,50.0,57.2,60,50,58.8,F,8,yes,Bachelor's,medium,7
3734,Sharon,Murphy,sharon.murphy3734@email.com,Male,24,English Literature,82.2,42,40,50.0,50.0,60,50,44.1,F,14,yes,High School,medium,3
3735,Jacob,Nelson,jacob.nelson3735@email.com,Female,23,Mathematics,78.5,51,73,73.3,67.6,71,69,65.7,D,16,yes,Associate,low,4
3736,Cameron,Hardin,cameron.hardin3736@email.com,Female,22,English Literature,96.7,72,79,77.0,69.6,84,88,77.4,C+,5,yes,Bachelor's,medium,3
3737,Jennifer,Hunter,jennifer.hunter3737@email.com,Female,19,Economics,73.9,73,93,100.0,90.6,75,69,84.4,B,17,yes,Bachelor's,medium,5
3738,Steven,Wells,steven.wells3738@email.com,Female,24,History,84.9,77,85,93.5,74.6,60,77,81.0,B-,8,yes,Master's,medium,6
3739,Tricia,King,tricia.king3739@email.com,Female,23,Biology,86.2,70,77,93.7,84.3,71,86,77.6,C+,17,yes,Associate,medium,5
3740,Jasmine,Porter,jasmine.porter3740@email.com,Female,23,Mathematics,99.1,46,59,70.6,66.0,69,81,59.4,F,14,yes,Associate,high,7
3741,Donna,Stevens,donna.stevens3741@email.com,Female,19,Biology,87.1,48,52,59.9,56.3,60,55,52.6,F,5,yes,Master's,low,9
3742,Michael,Taylor,michael.taylor3742@email.com,Female,20,Business,76.3,94,85,74.7,75.7,67,73,84.2,B,15,no,High School,low,7
3743,Eduardo,Moore,eduardo.moore3743@email.com,Female,22,Physics,69.8,55,63,56.4,51.1,60,50,57.9,F,19,no,Associate,medium,7
3744,Robert,Jones,robert.jones3744@email.com,Male,23,Psychology,84.9,40,48,64.7,56.1,60,50,48.5,F,9,yes,Master's,high,5
3745,Stephanie,Chen,stephanie.chen3745@email.com,Male,23,English Literature,97.5,71,61,67.7,68.6,60,77,66.7,D,8,yes,Associate,medium,7
3746,Lawrence,Farrell,lawrence.farrell3746@email.com,Male,20,Computer Science,83.4,76,68,66.3,77.0,69,55,69.5,D,14,yes,Doctorate,high,3
3747,Luis,Brown,luis.brown3747@email.com,Female,19,Psychology,77.7,56,71,58.2,58.3,60,57,62.7,D,6,yes,Bachelor's,medium,7
3748,Whitney,Jones,whitney.jones3748@email.com,Female,19,Physics,91.9,82,88,85.0,82.9,60,73,82.8,B-,5,yes,Associate,medium,6
3749,Joshua,Kim,joshua.kim3749@email.com,Male,18,Physics,99.4,69,60,75.5,62.8,60,50,63.4,D,15,yes,Doctorate,high,9
3750,Matthew,Wells,matthew.wells3750@email.com,Male,21,Biology,68.8,73,85,84.7,80.9,79,61,78.6,C+,5,yes,Associate,medium,6
3751,Misty,Manning,misty.manning3751@email.com,Female,19,English Literature,86.8,79,86,85.6,75.3,81,76,82.1,B-,12,no,High School,high,3
3752,Natalie,Velasquez,natalie.velasquez3752@email.com,Female,19,Chemistry,94.5,54,48,60.7,65.6,63,58,53.8,F,9,yes,Bachelor's,high,6
3753,Richard,Smith,richard.smith3753@email.com,Male,23,Psychology,94.7,57,85,87.7,76.4,91,76,76.0,C,5,yes,High School,low,7
3754,Mindy,Mora,mindy.mora3754@email.com,Female,19,Economics,98.5,64,71,60.5,61.6,60,50,64.7,D,16,yes,Doctorate,low,6
3755,David,White,david.white3755@email.com,Male,23,Political Science,82.7,51,53,50.0,50.0,60,50,52.0,F,6,yes,Associate,medium,5
3756,Christie,Hunt,christie.hunt3756@email.com,Male,21,Economics,85.6,56,45,58.7,57.0,60,69,53.5,F,10,no,Associate,low,7
3757,Adrienne,Vaughn,adrienne.vaughn3757@email.com,Male,22,Psychology,83.1,87,85,78.7,75.0,70,80,83.3,B,14,yes,Bachelor's,medium,6
3758,Laura,Bell,laura.bell3758@email.com,Female,18,Chemistry,91.3,56,47,55.6,50.0,60,50,51.7,F,14,no,Associate,medium,6
3759,Linda,White,linda.white3759@email.com,Male,19,Economics,86.7,46,57,50.0,50.0,60,50,52.1,F,7,yes,Master's,medium,10
3760,Natasha,Thomas,natasha.thomas3760@email.com,Female,23,Business,81.8,48,60,77.0,54.5,68,50,57.3,F,8,yes,High School,medium,4
3761,Jesse,Gutierrez,jesse.gutierrez3761@email.com,Male,21,Mathematics,89.0,65,45,66.9,50.4,83,73,58.3,F,10,yes,Bachelor's,high,8
3762,Marilyn,Phelps,marilyn.phelps3762@email.com,Female,19,Political Science,80.8,40,56,52.8,50.0,60,50,50.2,F,5,yes,Associate,medium,8
3763,Monica,Sims,monica.sims3763@email.com,Male,21,Physics,79.7,72,83,85.0,74.2,60,92,79.3,C+,16,yes,High School,low,6
3764,Brian,Rhodes,brian.rhodes3764@email.com,Female,22,Physics,86.0,57,63,87.1,71.4,60,69,64.5,D,9,yes,High School,low,6
3765,Erin,Sanchez,erin.sanchez3765@email.com,Male,19,Physics,93.5,70,64,82.6,89.8,82,77,71.2,C-,13,yes,High School,medium,7
3766,Abigail,Mendoza,abigail.mendoza3766@email.com,Male,21,Business,73.6,80,95,71.0,83.3,62,74,83.8,B,10,yes,Associate,medium,4
3767,Bailey,Carney,bailey.carney3767@email.com,Male,19,Computer Science,83.5,99,89,69.1,80.5,90,76,88.4,B+,12,yes,Associate,high,7
3768,Nicholas,Fletcher,nicholas.fletcher3768@email.com,Male,22,Biology,75.4,96,97,100.0,75.7,67,98,94.6,A,14,yes,Bachelor's,medium,3
3769,Bruce,Mejia,bruce.mejia3769@email.com,Male,24,Psychology,78.9,62,56,69.4,51.7,61,63,60.0,F,10,yes,Associate,high,6
3770,Claire,Johnson,claire.johnson3770@email.com,Female,19,Engineering,76.7,99,67,83.4,66.4,60,69,78.1,C+,11,yes,Associate,low,5
3771,Briana,Williams,briana.williams3771@email.com,Female,21,History,89.5,61,53,58.6,50.0,65,70,58.2,F,12,yes,Associate,medium,7
3772,Ryan,Barton,ryan.barton3772@email.com,Female,19,Biology,96.3,63,79,91.3,68.5,60,74,73.5,C,8,yes,Bachelor's,medium,6
3773,Brittany,Valencia,brittany.valencia3773@email.com,Female,20,English Literature,78.5,57,40,50.1,50.0,60,50,48.6,F,9,yes,Bachelor's,medium,6
3774,Danny,Gonzalez,danny.gonzalez3774@email.com,Female,21,History,80.9,41,47,50.0,50.0,60,50,46.6,F,12,yes,Associate,medium,9
3775,Thomas,Gregory,thomas.gregory3775@email.com,Male,23,Business,89.6,60,55,50.0,60.8,60,56,56.7,F,11,yes,Associate,medium,6
3776,Amber,Choi,amber.choi3776@email.com,Female,21,Psychology,69.1,78,90,86.9,92.2,82,73,84.1,B,14,yes,Doctorate,high,6
3777,Douglas,Williams,douglas.williams3777@email.com,Male,23,History,94.2,67,81,84.1,95.9,68,85,77.7,C+,10,yes,Master's,medium,6
3778,Jason,Curtis,jason.curtis3778@email.com,Male,23,Mathematics,89.3,81,77,88.9,73.5,80,71,78.8,C+,16,yes,Master's,medium,7
3779,Dalton,Pacheco,dalton.pacheco3779@email.com,Male,18,Physics,93.1,50,43,61.4,60.8,64,58,50.5,F,11,yes,High School,medium,6
3780,Robin,Baxter,robin.baxter3780@email.com,Male,22,Political Science,96.0,69,83,77.1,72.4,75,68,75.8,C,13,yes,Associate,medium,6
3781,Lisa,Anderson,lisa.anderson3781@email.com,Female,18,Business,82.3,51,75,95.5,76.5,75,79,70.4,C-,16,no,Associate,medium,3
3782,Elizabeth,Buck,elizabeth.buck3782@email.com,Male,18,Mathematics,73.3,78,86,81.6,76.0,66,90,82.1,B-,15,yes,Master's,medium,1
3783,Michael,Middleton,michael.middleton3783@email.com,Male,21,Chemistry,80.0,44,56,56.6,69.5,60,57,53.5,F,13,yes,High School,high,8
3784,Tracey,Petersen,tracey.petersen3784@email.com,Female,18,Business,90.6,62,85,85.4,71.6,70,83,76.6,C,10,no,Associate,low,5
3785,John,Fox,john.fox3785@email.com,Male,20,Chemistry,83.2,74,77,81.0,55.9,65,85,75.7,C,13,yes,Associate,high,6
3786,Allison,Lawson,allison.lawson3786@email.com,Male,18,Psychology,82.6,59,57,83.8,66.6,60,71,62.4,D,11,yes,Bachelor's,high,4
3787,Elizabeth,Davis,elizabeth.davis3787@email.com,Female,20,History,71.5,84,79,79.0,96.0,89,75,81.5,B-,15,yes,Associate,low,4
3788,Penny,Allen,penny.allen3788@email.com,Male,18,Biology,84.8,40,40,50.0,50.0,60,50,43.5,F,12,no,Bachelor's,low,6
3789,Jenna,Wilson,jenna.wilson3789@email.com,Female,21,Mathematics,73.7,82,74,80.7,79.4,88,66,77.3,C+,17,yes,Bachelor's,medium,4
3790,Jennifer,Yang,jennifer.yang3790@email.com,Male,21,Engineering,88.0,50,68,61.8,67.7,74,80,63.6,D,13,no,Bachelor's,low,7
3791,Elizabeth,Zimmerman,elizabeth.zimmerman3791@email.com,Male,23,Mathematics,86.6,95,79,87.2,61.4,93,84,85.0,B,21,yes,Associate,medium,5
3792,Levi,Gonzalez,levi.gonzalez3792@email.com,Male,23,Political Science,78.1,84,59,83.4,73.2,85,75,72.6,C-,14,no,Doctorate,medium,6
3793,Richard,Delgado,richard.delgado3793@email.com,Male,21,Psychology,96.2,87,83,79.0,89.3,96,85,85.0,B,17,yes,High School,low,4
3794,Jennifer,Nunez,jennifer.nunez3794@email.com,Female,24,English Literature,73.4,40,42,50.0,50.0,60,50,44.3,F,10,no,Master's,medium,5
3795,Barbara,Hood,barbara.hood3795@email.com,Female,20,English Literature,86.9,76,75,66.2,68.3,63,69,72.9,C-,13,yes,High School,medium,3
3796,Lindsay,Wilkinson,lindsay.wilkinson3796@email.com,Female,23,Chemistry,96.5,75,97,82.3,80.1,88,81,86.2,B,8,no,Doctorate,low,4
3797,Charles,Larsen,charles.larsen3797@email.com,Male,19,Computer Science,84.7,93,79,86.4,79.5,70,65,82.1,B-,5,yes,Master's,medium,5
3798,John,Crane,john.crane3798@email.com,Male,22,Mathematics,94.6,70,79,71.0,53.2,69,73,73.2,C,15,yes,Master's,high,6
3799,Curtis,Stephens,curtis.stephens3799@email.com,Female,20,Engineering,86.5,73,77,67.4,58.5,81,66,73.1,C,11,yes,High School,low,2
3800,Benjamin,Sloan,benjamin.sloan3800@email.com,Male,22,History,73.2,65,58,58.8,69.6,60,61,61.2,D,14,no,High School,low,10
3801,Andrew,Freeman,andrew.freeman3801@email.com,Female,20,Mathematics,85.5,83,68,87.4,89.4,74,87,77.8,C+,16,yes,Bachelor's,medium,5
3802,Daniel,Hanson,daniel.hanson3802@email.com,Male,18,Psychology,94.6,73,71,77.5,77.1,84,89,75.1,C,9,yes,Bachelor's,medium,1
3803,Jill,Brewer,jill.brewer3803@email.com,Male,21,Business,81.6,72,78,92.1,72.7,75,87,78.2,C+,14,yes,Master's,high,4
3804,Alicia,Ballard,alicia.ballard3804@email.com,Female,23,Psychology,93.4,74,99,85.2,79.0,81,83,86.7,B,12,yes,Bachelor's,medium,5
3805,Margaret,Beck,margaret.beck3805@email.com,Female,18,English Literature,100.0,87,61,68.0,69.9,60,75,71.4,C-,12,yes,Associate,medium,3
3806,Haley,Crawford,haley.crawford3806@email.com,Male,21,Biology,75.2,77,70,94.7,75.2,85,90,77.7,C+,19,yes,Associate,medium,8
3807,Shannon,Morris,shannon.morris3807@email.com,Female,20,Mathematics,77.4,77,87,85.0,84.1,79,87,83.3,B,9,yes,High School,medium,3
3808,Mary,Sims,mary.sims3808@email.com,Male,21,History,76.3,42,51,64.2,67.6,73,52,51.7,F,8,yes,Associate,high,8
3809,Mary,Gordon,mary.gordon3809@email.com,Female,21,Mathematics,87.0,66,73,59.7,70.6,60,58,67.4,D,11,yes,High School,low,8
3810,Allen,Hansen,allen.hansen3810@email.com,Female,22,Political Science,90.0,59,51,50.0,50.0,60,50,53.6,F,9,yes,Associate,medium,6
3811,Christina,Coffey,christina.coffey3811@email.com,Female,22,Business,90.1,85,79,78.7,72.9,67,88,80.8,B-,14,no,Master's,medium,5
3812,Jose,Rodriguez,jose.rodriguez3812@email.com,Female,22,Political Science,92.8,78,88,84.2,77.7,73,80,82.6,B-,10,yes,Associate,low,3
3813,David,Crane,david.crane3813@email.com,Male,24,Chemistry,89.0,81,81,91.1,87.3,100,94,84.6,B,14,no,High School,low,5
3814,Sheila,Wang,sheila.wang3814@email.com,Male,18,Computer Science,80.8,63,80,85.6,69.7,72,92,75.8,C,16,yes,Master's,low,4
3815,Michael,Thompson,michael.thompson3815@email.com,Female,23,Business,70.0,40,42,50.0,50.0,60,50,44.3,F,7,yes,Associate,low,8
3816,Amanda,Ferguson,amanda.ferguson3816@email.com,Female,23,Political Science,88.5,54,40,50.0,50.0,60,50,47.7,F,16,yes,Bachelor's,high,7
3817,Mark,Moore,mark.moore3817@email.com,Female,23,Political Science,80.6,50,40,60.3,50.0,60,50,47.5,F,12,yes,Bachelor's,high,8
3818,Michelle,Jordan,michelle.jordan3818@email.com,Female,21,History,75.7,73,79,72.2,89.5,75,91,78.1,C+,10,yes,Associate,high,5
3819,William,Nguyen,william.nguyen3819@email.com,Male,19,Biology,84.7,89,69,89.5,82.8,77,81,79.4,C+,6,yes,Associate,medium,5
3820,Zachary,Ballard,zachary.ballard3820@email.com,Female,24,Mathematics,83.4,94,87,92.8,75.1,66,84,87.8,B+,12,yes,High School,low,5
3821,Courtney,Gaines,courtney.gaines3821@email.com,Female,18,Biology,84.4,54,58,50.0,67.6,60,50,55.8,F,12,yes,Master's,high,10
3822,Brandon,Holder,brandon.holder3822@email.com,Female,18,Computer Science,85.2,66,55,58.2,71.9,60,62,60.5,D,13,yes,Bachelor's,medium,3
3823,Laura,Leach,laura.leach3823@email.com,Female,24,History,78.1,93,87,93.1,91.3,70,76,87.8,B+,16,yes,High School,medium,6
3824,Michael,Anderson,michael.anderson3824@email.com,Female,23,Economics,100.0,58,76,61.6,61.7,73,76,68.4,D,8,yes,High School,low,9
3825,Nicholas,Hansen,nicholas.hansen3825@email.com,Female,24,Economics,91.6,95,84,82.6,87.1,75,76,86.1,B,9,yes,Bachelor's,medium,4
3826,Mikayla,Bullock,mikayla.bullock3826@email.com,Male,23,Business,87.9,82,69,100.0,93.3,82,80,79.0,C+,18,no,Bachelor's,medium,3
3827,Laura,Wright,laura.wright3827@email.com,Male,21,Psychology,94.5,84,86,91.4,74.3,60,82,83.8,B,14,yes,Bachelor's,high,6
3828,Johnny,Miller,johnny.miller3828@email.com,Female,22,Economics,100.0,58,45,59.4,50.0,60,54,52.3,F,7,yes,Bachelor's,high,6
3829,John,Lawrence,john.lawrence3829@email.com,Female,18,Chemistry,63.9,45,47,50.0,50.0,60,50,47.8,F,9,yes,Associate,low,6
3830,Justin,Lucas,justin.lucas3830@email.com,Male,21,Psychology,88.4,63,64,50.0,60.7,66,51,61.0,D,16,yes,Bachelor's,high,8
3831,Beth,Cruz,beth.cruz3831@email.com,Female,23,History,91.2,83,84,89.4,90.5,69,56,81.1,B-,8,yes,Master's,medium,4
3832,Robert,Johnson,robert.johnson3832@email.com,Male,23,Psychology,82.2,65,98,86.9,74.2,79,90,84.2,B,6,yes,Master's,low,3
3833,Jessica,Ellis,jessica.ellis3833@email.com,Male,24,Physics,89.4,72,75,71.1,77.5,60,78,73.4,C,11,yes,Bachelor's,medium,6
3834,Andrea,Bell,andrea.bell3834@email.com,Female,24,Biology,98.6,58,49,57.7,50.0,60,54,53.7,F,16,yes,High School,low,7
3835,Kimberly,Morgan,kimberly.morgan3835@email.com,Male,22,Psychology,79.9,56,57,61.7,50.0,60,58,57.2,F,12,yes,High School,low,8
3836,Christopher,Chang,christopher.chang3836@email.com,Male,23,Engineering,88.0,54,58,54.7,50.0,60,50,55.4,F,15,yes,Associate,high,8
3837,Michael,Jones,michael.jones3837@email.com,Female,19,Computer Science,78.9,90,75,77.2,72.4,60,71,78.5,C+,14,no,Doctorate,medium,6
3838,Jacob,Riley,jacob.riley3838@email.com,Female,22,History,80.1,73,90,83.5,69.3,60,66,79.4,C+,10,yes,Associate,medium,3
3839,William,Patterson,william.patterson3839@email.com,Male,21,Economics,65.3,67,44,51.2,50.9,64,59,54.5,F,14,yes,Associate,medium,6
3840,Ethan,Branch,ethan.branch3840@email.com,Male,24,Physics,97.1,70,93,95.2,93.4,80,82,84.6,B,19,yes,Bachelor's,high,6
3841,Gregory,Taylor,gregory.taylor3841@email.com,Female,21,Mathematics,86.7,86,70,88.6,89.1,70,66,77.3,C+,10,yes,Associate,medium,4
3842,Kathleen,Cunningham,kathleen.cunningham3842@email.com,Female,23,Engineering,64.6,45,57,50.0,52.4,60,50,51.9,F,9,no,Associate,medium,3
3843,Michelle,Beck,michelle.beck3843@email.com,Female,23,Computer Science,90.2,65,80,75.8,76.2,68,72,73.6,C,5,yes,Master's,low,1
3844,Keith,Stewart,keith.stewart3844@email.com,Female,23,Mathematics,89.5,86,73,83.2,73.6,70,100,80.5,B-,16,yes,Bachelor's,medium,3
3845,Cathy,Leonard,cathy.leonard3845@email.com,Female,24,Mathematics,92.7,72,63,68.7,62.9,60,63,66.2,D,6,yes,Associate,high,5
3846,Tanner,Harris,tanner.harris3846@email.com,Male,19,Chemistry,88.4,43,40,50.0,50.0,60,50,44.4,F,16,yes,Master's,low,8
3847,John,Taylor,john.taylor3847@email.com,Female,23,Economics,77.6,65,66,74.0,61.3,60,74,66.8,D,10,yes,Bachelor's,medium,8
3848,Daniel,Cuevas,daniel.cuevas3848@email.com,Male,20,Mathematics,84.1,60,65,58.0,66.3,60,66,62.8,D,6,no,Doctorate,high,6
3849,Mary,Thomas,mary.thomas3849@email.com,Male,18,Physics,90.0,58,71,59.9,70.9,72,71,66.1,D,5,yes,Bachelor's,low,7
3850,Mark,Stevens,mark.stevens3850@email.com,Female,18,Mathematics,87.0,86,78,93.7,87.7,97,66,82.3,B-,11,yes,Associate,low,6
3851,Justin,English,justin.english3851@email.com,Male,19,Economics,88.8,40,58,51.1,57.1,60,50,51.2,F,11,yes,Bachelor's,medium,9
3852,Renee,Lucas,renee.lucas3852@email.com,Female,23,Economics,90.2,54,52,50.0,50.0,60,50,52.5,F,6,yes,Associate,low,5
3853,Wendy,Russell,wendy.russell3853@email.com,Female,24,Engineering,99.9,46,48,75.0,57.2,60,64,52.8,F,13,yes,High School,medium,6
3854,Lisa,Love,lisa.love3854@email.com,Male,19,Business,77.3,82,83,89.9,85.5,75,72,82.1,B-,5,yes,Bachelor's,high,9
3855,John,Franklin,john.franklin3855@email.com,Female,19,Political Science,91.3,82,82,93.7,73.9,87,82,83.1,B,15,yes,Master's,low,5
3856,Lisa,Carter,lisa.carter3856@email.com,Male,23,Engineering,71.5,68,73,69.7,77.1,73,78,71.9,C-,15,yes,High School,low,4
3857,Michele,Brown,michele.brown3857@email.com,Male,18,Psychology,87.5,74,73,70.8,73.5,89,73,73.9,C,6,yes,Master's,high,4
3858,Amanda,Mathis,amanda.mathis3858@email.com,Female,22,Computer Science,86.5,58,44,52.1,51.9,64,52,51.3,F,8,yes,Associate,medium,10
3859,Richard,Hill,richard.hill3859@email.com,Female,22,Engineering,95.3,96,85,77.7,79.3,81,94,88.0,B+,15,yes,Master's,high,5
3860,Heather,Cross,heather.cross3860@email.com,Female,21,Physics,100.0,88,88,91.5,79.2,80,83,87.0,B+,12,yes,Associate,low,6
3861,Tommy,Taylor,tommy.taylor3861@email.com,Female,21,History,99.6,69,63,61.6,60.1,60,50,63.1,D,11,yes,High School,medium,9
3862,Maria,Sanchez,maria.sanchez3862@email.com,Male,20,English Literature,85.5,74,66,83.3,57.0,60,72,70.0,C-,7,yes,Master's,high,1
3863,Curtis,Williams,curtis.williams3863@email.com,Female,19,Business,91.4,52,48,53.7,57.6,60,58,51.9,F,14,yes,Associate,medium,5
3864,Kathleen,Stewart,kathleen.stewart3864@email.com,Male,21,Computer Science,93.1,67,80,88.3,81.6,66,89,77.3,C+,21,yes,High School,medium,6
3865,Cole,Figueroa,cole.figueroa3865@email.com,Female,24,Computer Science,72.0,71,81,79.3,78.9,61,76,76.3,C,5,yes,Doctorate,high,5
3866,Jessica,Simon,jessica.simon3866@email.com,Female,19,Business,70.6,87,84,77.2,66.1,68,57,80.0,C+,15,yes,High School,medium,1
3867,Nancy,Jones,nancy.jones3867@email.com,Female,22,Psychology,98.2,48,40,51.5,50.0,60,50,46.1,F,9,no,Bachelor's,low,7
3868,Joshua,King,joshua.king3868@email.com,Male,20,History,79.0,65,74,86.7,62.1,64,84,72.6,C-,17,no,Associate,low,6
3869,Jamie,Pena,jamie.pena3869@email.com,Female,22,Engineering,78.2,66,64,63.6,75.3,60,84,67.0,D,15,yes,High School,medium,8
3870,Donald,Brown,donald.brown3870@email.com,Female,20,Physics,88.7,88,81,79.3,77.0,78,92,83.7,B,13,no,Master's,medium,1
3871,Jared,Kramer,jared.kramer3871@email.com,Female,18,Computer Science,86.7,77,74,70.5,82.9,68,68,74.2,C,8,yes,High School,high,2
3872,William,Morgan,william.morgan3872@email.com,Female,22,English Literature,100.0,77,78,76.1,56.9,73,51,73.6,C,13,yes,Associate,high,7
3873,Dan,Johnson,dan.johnson3873@email.com,Female,20,Business,86.3,60,67,70.5,59.7,60,63,64.2,D,20,yes,Associate,high,7
3874,Angel,Houston,angel.houston3874@email.com,Female,18,Engineering,70.2,65,89,73.9,63.4,70,72,76.4,C,13,yes,Bachelor's,high,6
3875,Jennifer,Campos,jennifer.campos3875@email.com,Female,19,Biology,77.8,82,88,89.8,54.6,86,81,84.0,B,10,yes,Associate,medium,5
3876,Patrick,Leon,patrick.leon3876@email.com,Male,19,Biology,64.4,61,85,68.4,57.2,60,50,70.0,C-,14,no,Bachelor's,medium,7
3877,Sean,Dunn,sean.dunn3877@email.com,Male,22,Economics,91.6,90,75,98.9,66.5,79,62,80.4,B-,18,yes,Master's,medium,3
3878,Brandi,Ferguson,brandi.ferguson3878@email.com,Female,23,Engineering,81.9,52,67,60.1,57.9,60,76,61.9,D,20,yes,High School,low,7
3879,Alexander,Hodges,alexander.hodges3879@email.com,Female,24,Chemistry,100.0,48,48,59.3,58.1,60,65,52.0,F,14,yes,Associate,high,7
3880,Lisa,West,lisa.west3880@email.com,Male,22,History,67.6,84,84,83.6,86.5,74,72,82.5,B-,16,no,Associate,high,4
3881,Frederick,Cox,frederick.cox3881@email.com,Female,22,Biology,86.3,59,63,73.1,56.2,60,52,61.3,D,21,yes,Bachelor's,high,10
3882,Lawrence,Gibson,lawrence.gibson3882@email.com,Male,22,Political Science,73.9,78,81,87.9,91.8,80,74,80.7,B-,13,yes,Bachelor's,medium,4
3883,Belinda,Patrick,belinda.patrick3883@email.com,Female,21,Economics,91.3,49,57,50.0,55.2,60,58,54.1,F,11,yes,High School,medium,9
3884,Matthew,Hansen,matthew.hansen3884@email.com,Female,24,Computer Science,90.0,55,40,50.0,50.0,60,50,48.0,F,17,yes,Master's,medium,4
3885,Jeffrey,Griffin,jeffrey.griffin3885@email.com,Male,20,English Literature,83.8,61,73,70.7,52.7,62,78,68.2,D,12,yes,Bachelor's,medium,6
3886,Juan,Giles,juan.giles3886@email.com,Male,24,Engineering,93.2,67,72,82.0,83.0,76,71,72.2,C-,16,yes,Master's,low,5
3887,Eric,Castillo,eric.castillo3887@email.com,Male,18,Engineering,81.5,50,68,52.5,55.7,67,58,59.5,F,14,no,High School,high,4
3888,Melissa,Garcia,melissa.garcia3888@email.com,Female,23,Business,67.1,76,69,67.4,61.3,60,54,68.7,D,11,yes,Associate,medium,8
3889,Ryan,Smith,ryan.smith3889@email.com,Male,22,Engineering,87.1,76,90,78.7,76.3,90,73,82.3,B-,15,yes,High School,medium,7
3890,Stacy,Cooper,stacy.cooper3890@email.com,Male,20,English Literature,92.6,79,77,87.1,88.2,88,68,79.0,C+,15,yes,Bachelor's,high,4
3891,Kimberly,Holden,kimberly.holden3891@email.com,Male,21,Mathematics,80.1,78,84,77.9,95.5,78,68,80.4,B-,11,yes,Master's,medium,6
3892,Carol,Harrison,carol.harrison3892@email.com,Male,22,Business,82.5,79,64,70.5,57.2,68,66,69.3,D,10,yes,Associate,low,6
3893,Corey,Adkins,corey.adkins3893@email.com,Female,18,History,97.7,55,66,71.6,59.7,60,67,62.8,D,11,yes,Bachelor's,medium,5
3894,Jessica,Matthews,jessica.matthews3894@email.com,Male,20,Psychology,99.0,46,41,50.0,50.0,60,61,46.8,F,5,yes,High School,medium,6
3895,Paul,Wright,paul.wright3895@email.com,Male,23,History,70.3,70,51,58.8,58.1,60,51,58.3,F,12,yes,High School,medium,8
3896,Tonya,Ramirez,tonya.ramirez3896@email.com,Female,19,Chemistry,82.6,76,73,91.8,82.1,78,75,76.7,C,17,yes,Doctorate,low,4
3897,Joel,Jackson,joel.jackson3897@email.com,Female,23,History,82.0,50,63,87.7,71.0,60,71,62.7,D,5,yes,High School,low,6
3898,Theresa,Walter,theresa.walter3898@email.com,Male,18,Political Science,70.1,57,69,55.9,63.4,60,50,61.5,D,9,yes,Bachelor's,medium,5
3899,Deborah,Mcclure,deborah.mcclure3899@email.com,Female,19,Computer Science,93.3,67,91,94.1,78.1,83,82,82.3,B-,8,no,Bachelor's,high,4
3900,Jeffery,Bryant,jeffery.bryant3900@email.com,Male,23,Political Science,88.8,88,80,92.0,86.8,82,81,84.2,B,18,yes,High School,low,6
3901,Albert,Malone,albert.malone3901@email.com,Male,24,English Literature,93.1,84,62,80.8,66.5,71,62,71.2,C-,10,yes,Doctorate,medium,5
3902,Vincent,Glenn,vincent.glenn3902@email.com,Male,21,Mathematics,79.9,77,72,70.4,67.5,62,66,72.1,C-,13,yes,Associate,medium,5
3903,Julian,Willis,julian.willis3903@email.com,Male,18,Political Science,100.0,58,79,86.7,72.0,66,85,73.2,C,15,no,High School,low,3
3904,David,Allen,david.allen3904@email.com,Female,24,Mathematics,90.4,75,63,67.6,70.4,84,65,68.8,D,16,yes,Associate,high,7
3905,Margaret,Norton,margaret.norton3905@email.com,Male,18,History,80.3,92,82,91.4,92.1,77,90,87.0,B+,5,yes,High School,low,3
3906,Donald,Williams,donald.williams3906@email.com,Male,24,Political Science,90.2,76,63,83.8,83.6,66,82,72.2,C-,11,no,High School,low,5
3907,Elizabeth,Hansen,elizabeth.hansen3907@email.com,Male,21,Psychology,92.1,81,66,87.9,78.7,96,86,76.9,C,12,yes,Bachelor's,low,5
3908,Marie,Cox,marie.cox3908@email.com,Male,19,Chemistry,82.2,82,86,82.1,65.3,82,83,83.0,B-,9,yes,Associate,medium,6
3909,Jacqueline,Delgado,jacqueline.delgado3909@email.com,Female,23,Psychology,77.3,55,58,64.7,50.6,60,57,57.5,F,10,no,Master's,medium,7
3910,Vanessa,Cole,vanessa.cole3910@email.com,Male,23,Physics,77.1,49,40,50.0,50.0,60,50,46.2,F,5,yes,High School,medium,9
3911,Carrie,Mcgrath,carrie.mcgrath3911@email.com,Male,18,Psychology,68.8,66,58,53.6,50.0,60,51,59.0,F,13,yes,Associate,medium,6
3912,Cory,Davis,cory.davis3912@email.com,Male,22,Biology,73.4,64,78,82.1,77.2,60,85,74.0,C,9,yes,Associate,low,7
3913,Bryan,Larson,bryan.larson3913@email.com,Male,24,Computer Science,94.6,77,77,81.9,76.4,84,92,79.4,C+,10,yes,Bachelor's,medium,6
3914,Raymond,Lee,raymond.lee3914@email.com,Male,22,Business,92.0,52,45,50.0,56.4,60,50,49.4,F,15,yes,High School,low,7
3915,Emily,Johnson,emily.johnson3915@email.com,Female,21,Biology,92.9,77,77,70.3,69.9,79,93,77.7,C+,14,no,Bachelor's,low,6
3916,Larry,Rodriguez,larry.rodriguez3916@email.com,Female,21,Economics,79.2,80,96,93.0,77.8,78,73,86.9,B,18,yes,Associate,low,6
3917,Kristen,Rhodes,kristen.rhodes3917@email.com,Female,19,English Literature,60.0,45,49,50.9,57.4,60,50,49.1,F,7,no,High School,low,8
3918,Jennifer,Tran,jennifer.tran3918@email.com,Female,18,Psychology,88.2,62,77,84.7,84.5,87,89,75.4,C,15,yes,Associate,high,4
3919,Robert,Moore,robert.moore3919@email.com,Female,21,Physics,74.2,75,55,63.0,55.5,68,64,63.5,D,10,yes,High School,medium,8
3920,Nathan,Williams,nathan.williams3920@email.com,Male,22,English Literature,92.0,72,57,76.3,56.6,60,56,63.5,D,15,yes,Associate,medium,5
3921,Jessica,Lara,jessica.lara3921@email.com,Male,20,Engineering,84.3,63,58,60.0,54.7,60,55,59.4,F,13,yes,High School,low,3
3922,Daniel,Love,daniel.love3922@email.com,Female,21,Political Science,80.0,63,60,59.7,58.9,60,73,62.1,D,9,yes,Master's,low,6
3923,Judith,Pena,judith.pena3923@email.com,Female,23,Political Science,95.1,81,80,77.0,74.6,66,77,78.8,C+,14,yes,High School,medium,5
3924,Michael,Brown,michael.brown3924@email.com,Male,23,Physics,80.8,92,84,81.7,88.3,80,86,86.5,B,14,yes,Associate,high,7
3925,Melissa,Ware,melissa.ware3925@email.com,Male,20,English Literature,78.5,75,66,65.7,74.3,68,69,69.5,D,12,yes,Doctorate,high,5
3926,Lisa,Perkins,lisa.perkins3926@email.com,Male,21,English Literature,88.9,44,40,50.0,50.0,60,52,44.9,F,7,yes,Bachelor's,medium,6
3927,Charles,Ray,charles.ray3927@email.com,Male,22,Computer Science,89.2,86,76,85.6,78.9,85,80,81.0,B-,12,yes,Bachelor's,medium,5
3928,Michael,Martinez,michael.martinez3928@email.com,Female,22,History,77.4,40,51,54.0,50.0,60,50,48.3,F,16,yes,Associate,medium,8
3929,Vickie,Shepherd,vickie.shepherd3929@email.com,Male,21,Engineering,86.5,40,55,62.0,58.8,60,60,52.2,F,17,no,Bachelor's,medium,4
3930,Veronica,Potts,veronica.potts3930@email.com,Female,18,Biology,82.6,88,75,100.0,79.1,87,83,83.1,B,9,yes,Associate,medium,5
3931,Philip,Cline,philip.cline3931@email.com,Male,20,English Literature,73.5,86,62,93.8,82.1,76,96,77.6,C+,12,yes,Master's,medium,2
3932,Shawn,Miller,shawn.miller3932@email.com,Female,22,Engineering,90.1,82,71,83.2,85.2,60,76,76.2,C,8,yes,Bachelor's,medium,6
3933,David,Dudley,david.dudley3933@email.com,Male,22,Chemistry,95.1,85,78,83.1,87.9,82,72,80.8,B-,6,yes,High School,low,5
3934,Shelly,Gray,shelly.gray3934@email.com,Female,19,Physics,70.1,66,77,71.4,61.0,66,76,71.7,C-,5,yes,Associate,medium,7
3935,Tammie,Carey,tammie.carey3935@email.com,Female,22,Economics,63.6,40,40,50.0,50.0,60,50,43.5,F,6,yes,High School,low,5
3936,Kim,Smith,kim.smith3936@email.com,Male,24,Physics,90.7,71,82,86.2,71.1,93,76,78.6,C+,17,yes,High School,medium,5
3937,Eric,Alvarez,eric.alvarez3937@email.com,Female,18,Business,100.0,60,46,68.0,50.0,60,59,54.7,F,12,yes,Bachelor's,medium,7
3938,Jean,Allen,jean.allen3938@email.com,Male,23,English Literature,95.3,60,73,74.3,67.3,74,83,70.1,C-,13,yes,Bachelor's,high,5
3939,Karen,Stephens,karen.stephens3939@email.com,Male,24,Physics,91.2,83,78,84.3,90.9,87,85,82.0,B-,7,yes,Associate,medium,6
3940,Kathy,Hamilton,kathy.hamilton3940@email.com,Male,22,Computer Science,77.4,40,40,50.0,50.0,60,50,43.5,F,13,no,Master's,low,1
3941,Jesse,Walker,jesse.walker3941@email.com,Female,24,Engineering,71.6,40,40,50.0,50.0,60,50,43.5,F,9,yes,Master's,high,10
3942,James,Waters,james.waters3942@email.com,Female,23,Physics,95.1,68,79,85.0,69.3,60,82,75.2,C,9,no,Master's,low,4
3943,Tiffany,Camacho,tiffany.camacho3943@email.com,Male,23,Engineering,81.3,75,63,89.6,76.8,75,83,72.6,C-,13,yes,Master's,high,2
3944,Christine,Ramsey,christine.ramsey3944@email.com,Male,23,Computer Science,87.2,47,53,57.1,51.4,60,74,54.1,F,13,yes,Associate,medium,7
3945,Jeffery,Higgins,jeffery.higgins3945@email.com,Male,20,English Literature,81.1,90,69,67.7,69.0,68,57,74.0,C,10,yes,Bachelor's,medium,5
3946,Crystal,Singleton,crystal.singleton3946@email.com,Female,20,Physics,91.8,40,52,52.2,50.0,60,50,48.6,F,12,no,Master's,medium,7
3947,Kimberly,Hunter,kimberly.hunter3947@email.com,Male,21,Engineering,66.4,54,62,64.0,51.0,60,68,59.8,F,11,no,Associate,medium,6
3948,Garrett,Willis,garrett.willis3948@email.com,Female,19,Computer Science,74.4,67,47,50.0,50.0,60,57,55.2,F,5,yes,Associate,medium,4
3949,Tabitha,Douglas,tabitha.douglas3949@email.com,Female,22,Psychology,61.8,58,40,50.0,56.1,67,51,49.7,F,9,no,High School,medium,6
3950,Martin,Lindsey,martin.lindsey3950@email.com,Male,24,English Literature,77.0,94,74,77.6,84.7,75,77,81.3,B-,19,no,Bachelor's,medium,3
3951,Steven,Barnes,steven.barnes3951@email.com,Male,24,Mathematics,77.6,40,51,50.0,50.0,60,50,47.9,F,7,yes,Associate,high,6
3952,Eileen,Zuniga,eileen.zuniga3952@email.com,Male,18,Political Science,80.7,72,56,72.8,68.6,61,79,65.7,D,15,yes,Bachelor's,low,8
3953,Lisa,Wallace,lisa.wallace3953@email.com,Male,19,Mathematics,81.5,76,61,80.9,65.8,60,66,68.3,D,13,yes,High School,low,8
3954,Robin,Baker,robin.baker3954@email.com,Female,21,Physics,69.4,55,63,53.1,50.0,74,50,58.2,F,9,yes,High School,medium,5
3955,Connor,Smith,connor.smith3955@email.com,Male,23,Chemistry,93.3,78,73,64.5,66.6,75,59,72.2,C-,9,yes,Master's,medium,5
3956,Cody,Richard,cody.richard3956@email.com,Female,18,English Literature,75.5,48,69,50.0,63.7,61,55,58.8,F,9,yes,Bachelor's,medium,3
3957,Brian,Harper,brian.harper3957@email.com,Male,24,Psychology,71.3,64,76,68.0,87.1,60,79,71.7,C-,12,no,High School,medium,4
3958,Thomas,Mitchell,thomas.mitchell3958@email.com,Male,21,Economics,85.1,75,69,71.0,75.7,71,75,72.1,C-,8,no,Bachelor's,low,5
3959,Lynn,Haley,lynn.haley3959@email.com,Female,19,Engineering,98.7,72,92,100.0,80.5,75,88,85.0,B,12,yes,High School,low,5
3960,Donald,Adkins,donald.adkins3960@email.com,Male,22,Mathematics,79.9,71,56,62.5,67.0,68,50,61.8,D,10,yes,Associate,medium,5
3961,Ryan,Bullock,ryan.bullock3961@email.com,Male,22,Biology,82.6,61,77,74.1,67.2,74,69,70.5,C-,7,yes,Bachelor's,medium,3
3962,Erin,Esparza,erin.esparza3962@email.com,Female,24,Psychology,86.5,75,77,80.1,82.5,86,90,78.8,C+,12,yes,Doctorate,low,7
3963,Elizabeth,Davis,elizabeth.davis3963@email.com,Male,19,Psychology,70.2,57,78,73.9,100.0,74,89,73.4,C,13,yes,Bachelor's,medium,5
3964,Larry,Smith,larry.smith3964@email.com,Female,18,Biology,85.6,65,72,80.7,66.9,67,100,73.1,C,18,no,Bachelor's,medium,6
3965,Kevin,Anderson,kevin.anderson3965@email.com,Male,20,Physics,65.1,94,99,78.6,76.8,96,96,94.0,A,12,yes,Associate,medium,3
3966,Vincent,Wall,vincent.wall3966@email.com,Female,20,Engineering,60.0,76,71,87.9,73.9,86,68,74.8,C,20,yes,Associate,high,3
3967,Paula,Booker,paula.booker3967@email.com,Male,23,Computer Science,86.4,47,55,66.9,53.3,60,52,53.7,F,9,no,Bachelor's,low,9
3968,Christopher,Hutchinson,christopher.hutchinson3968@email.com,Male,22,Economics,100.0,86,83,67.7,70.3,82,74,80.8,B-,12,yes,Master's,medium,4
3969,Angela,Hill,angela.hill3969@email.com,Male,21,Computer Science,86.7,80,79,81.1,81.9,77,77,79.4,C+,22,yes,Bachelor's,medium,8
3970,Brittany,Norris,brittany.norris3970@email.com,Male,19,Mathematics,96.6,77,75,85.5,77.0,88,77,77.7,C+,15,yes,High School,low,2
3971,Brittany,Pena,brittany.pena3971@email.com,Male,24,Physics,85.4,49,69,72.7,75.7,60,70,63.4,D,10,no,High School,medium,5
3972,Laura,Blackwell,laura.blackwell3972@email.com,Male,18,Biology,84.8,40,42,50.0,50.0,60,59,45.2,F,15,yes,Associate,low,7
3973,James,Logan,james.logan3973@email.com,Male,18,Computer Science,96.0,86,83,68.6,90.4,80,92,83.6,B,7,yes,Master's,medium,3
3974,Tony,Spears,tony.spears3974@email.com,Male,19,Mathematics,90.0,61,63,72.5,66.3,67,51,62.6,D,6,yes,Associate,high,6
3975,Kimberly,Barrett,kimberly.barrett3975@email.com,Male,22,Economics,83.2,83,92,89.3,87.7,82,95,88.6,B+,9,no,Associate,low,5
3976,Shane,Strickland,shane.strickland3976@email.com,Female,20,Political Science,70.8,69,77,87.7,70.9,68,88,76.1,C,12,yes,High School,medium,1
3977,Joshua,Ramos,joshua.ramos3977@email.com,Female,20,Psychology,87.8,80,77,78.6,89.6,80,87,79.9,C+,9,yes,High School,low,4
3978,David,Wilson,david.wilson3978@email.com,Female,18,Computer Science,100.0,86,81,82.2,86.6,93,74,82.8,B-,19,yes,High School,low,6
3979,Heather,Armstrong,heather.armstrong3979@email.com,Male,20,English Literature,100.0,75,82,93.0,72.8,90,68,79.7,C+,11,yes,Master's,medium,4
3980,Nichole,Merritt,nichole.merritt3980@email.com,Male,24,Engineering,87.5,78,80,86.0,97.6,80,70,79.9,C+,17,yes,Bachelor's,medium,5
3981,Jillian,Glenn,jillian.glenn3981@email.com,Male,23,Engineering,96.4,63,49,58.6,58.8,68,64,57.2,F,15,yes,Associate,medium,7
3982,Shannon,Hall,shannon.hall3982@email.com,Male,24,Psychology,97.5,89,88,100.0,67.0,71,95,88.4,B+,15,yes,Bachelor's,medium,5
3983,Brandon,Cox,brandon.cox3983@email.com,Female,22,Computer Science,92.0,87,52,64.6,65.1,63,58,65.6,D,21,yes,Bachelor's,medium,8
3984,Monica,Kim,monica.kim3984@email.com,Male,21,Political Science,88.0,54,42,57.4,60.9,60,64,51.2,F,10,yes,High School,low,8
3985,Leslie,Stephenson,leslie.stephenson3985@email.com,Female,19,English Literature,98.4,40,51,50.0,50.0,60,52,48.1,F,13,no,Master's,low,6
3986,Jessica,Schultz,jessica.schultz3986@email.com,Female,19,Biology,79.4,80,59,65.5,62.0,70,61,66.9,D,5,yes,High School,low,5
3987,James,Thomas,james.thomas3987@email.com,Male,20,History,93.5,40,52,52.9,50.7,60,58,49.5,F,15,yes,Bachelor's,medium,4
3988,Denise,Collins,denise.collins3988@email.com,Female,20,Psychology,87.1,65,87,95.5,85.6,74,68,78.7,C+,16,yes,Bachelor's,medium,5
3989,Michelle,Mayer,michelle.mayer3989@email.com,Male,23,Mathematics,65.6,77,79,77.3,85.8,74,69,77.4,C+,14,yes,Associate,high,4
3990,Brittany,Stephens,brittany.stephens3990@email.com,Male,21,Chemistry,83.0,85,71,78.7,80.8,69,61,75.4,C,11,no,High School,medium,3
3991,Tracy,Schneider,tracy.schneider3991@email.com,Female,24,Psychology,94.4,69,78,86.4,60.2,75,78,75.2,C,11,yes,Associate,low,4
3992,Leslie,Thompson,leslie.thompson3992@email.com,Male,22,English Literature,90.0,47,54,56.1,50.0,60,56,52.5,F,16,yes,High School,low,7
3993,Rachel,Gallegos,rachel.gallegos3993@email.com,Female,18,English Literature,75.7,88,80,100.0,74.8,80,85,84.7,B,12,yes,Associate,medium,5
3994,Diana,Jacobs,diana.jacobs3994@email.com,Female,22,Economics,77.4,64,69,74.4,69.9,64,71,68.1,D,16,yes,High School,low,8
3995,April,Williams,april.williams3995@email.com,Male,24,Physics,69.9,82,82,86.8,74.8,76,90,82.7,B-,12,yes,Bachelor's,medium,2
3996,Matthew,Gonzalez,matthew.gonzalez3996@email.com,Male,19,Chemistry,81.8,95,77,82.3,88.9,73,82,83.9,B,10,yes,High School,medium,6
3997,Felicia,Smith,felicia.smith3997@email.com,Female,19,Mathematics,95.8,81,78,87.6,83.7,90,82,81.2,B-,17,yes,Associate,medium,5
3998,Sharon,Boyd,sharon.boyd3998@email.com,Male,21,Economics,84.6,67,79,75.9,77.2,71,80,74.8,C,9,yes,Bachelor's,medium,5
3999,Alexis,Smith,alexis.smith3999@email.com,Male,22,Business,82.0,93,82,87.3,75.2,92,76,85.5,B,7,yes,Associate,low,5
4000,Laura,Mitchell,laura.mitchell4000@email.com,Female,23,History,92.0,56,43,57.7,55.5,60,77,53.3,F,14,yes,Doctorate,medium,5
4001,Tasha,Foster,tasha.foster4001@email.com,Male,22,Mathematics,96.7,72,91,88.7,83.8,73,92,83.9,B,14,yes,High School,low,5
4002,Rhonda,Hughes,rhonda.hughes4002@email.com,Male,19,Engineering,80.9,74,72,85.9,84.5,64,91,76.2,C,5,yes,Associate,high,2
4003,Jose,Houston,jose.houston4003@email.com,Male,21,Economics,91.4,87,83,74.0,86.1,94,75,83.3,B,14,yes,Master's,high,2
4004,Jonathan,Little,jonathan.little4004@email.com,Female,20,English Literature,95.4,74,80,87.6,65.6,77,69,77.0,C,9,yes,Doctorate,medium,6
4005,Monica,Edwards,monica.edwards4005@email.com,Male,18,Economics,66.4,40,44,50.0,50.0,60,50,45.1,F,13,yes,Bachelor's,high,7
4006,Lisa,Washington,lisa.washington4006@email.com,Male,22,Economics,89.4,78,58,55.3,51.8,62,65,64.4,D,13,no,Bachelor's,low,8
4007,Melinda,Hutchinson,melinda.hutchinson4007@email.com,Male,24,Economics,87.8,80,74,81.3,88.0,67,66,76.2,C,11,yes,Associate,medium,4
4008,Seth,Anderson,seth.anderson4008@email.com,Male,19,Mathematics,81.7,69,72,84.9,76.2,72,70,72.5,C-,11,yes,High School,medium,3
4009,Kathleen,Ramirez,kathleen.ramirez4009@email.com,Female,23,History,74.4,79,69,76.8,71.1,60,61,71.7,C-,18,no,Bachelor's,medium,5
4010,David,Williams,david.williams4010@email.com,Female,19,Business,89.3,51,49,58.8,62.0,68,60,53.4,F,15,no,High School,low,7
4011,Matthew,Bonilla,matthew.bonilla4011@email.com,Female,18,Political Science,72.8,50,59,67.7,62.9,60,67,58.2,F,14,yes,Bachelor's,low,7
4012,Sara,Bryant,sara.bryant4012@email.com,Female,20,Physics,83.3,61,72,72.8,61.9,70,80,69.0,D,13,no,Doctorate,low,8
4013,Mary,Coffey,mary.coffey4013@email.com,Female,19,Engineering,80.2,66,42,60.8,53.7,60,62,54.6,F,8,yes,High School,medium,6
4014,Charles,Smith,charles.smith4014@email.com,Female,22,Biology,88.5,57,73,50.0,50.2,60,65,63.4,D,10,yes,Master's,high,4
4015,Jennifer,Brandt,jennifer.brandt4015@email.com,Male,22,Chemistry,92.7,64,87,78.1,60.3,77,78,76.6,C,8,yes,Bachelor's,high,4
4016,Diane,Young,diane.young4016@email.com,Female,20,Computer Science,85.0,57,50,63.1,50.0,60,58,54.7,F,8,yes,Bachelor's,low,9
4017,Samuel,Munoz,samuel.munoz4017@email.com,Female,23,Chemistry,100.0,78,80,77.3,75.3,77,77,78.5,C+,10,yes,High School,medium,6
4018,Chase,Howell,chase.howell4018@email.com,Male,24,Political Science,81.3,72,79,81.9,81.8,78,91,78.6,C+,10,yes,High School,low,4
4019,Joshua,Palmer,joshua.palmer4019@email.com,Female,21,Biology,96.7,40,40,50.0,50.0,60,50,43.5,F,5,yes,Associate,medium,8
4020,Troy,Baker,troy.baker4020@email.com,Female,22,Economics,91.0,52,60,63.3,71.1,65,61,58.9,F,14,yes,Master's,medium,6
4021,Cory,Bryant,cory.bryant4021@email.com,Male,22,Physics,97.6,40,67,53.4,58.9,60,62,56.3,F,13,yes,Associate,medium,8
4022,Henry,Madden,henry.madden4022@email.com,Male,24,Biology,89.6,40,42,50.0,50.0,60,50,44.3,F,9,no,Doctorate,medium,6
4023,Joshua,Mcdonald,joshua.mcdonald4023@email.com,Female,21,History,72.1,40,46,50.0,56.0,60,65,47.7,F,11,yes,High School,high,6
4024,Jennifer,Bullock,jennifer.bullock4024@email.com,Female,19,Computer Science,87.9,59,54,50.0,60.5,60,50,55.3,F,11,yes,Associate,low,7
4025,Ronald,Thomas,ronald.thomas4025@email.com,Female,20,Physics,78.9,74,72,84.9,100.0,83,84,77.2,C+,18,yes,High School,low,5
4026,Edward,Watson,edward.watson4026@email.com,Female,19,Physics,88.7,83,63,84.7,70.3,62,69,72.2,C-,13,yes,Associate,high,4
4027,Chad,Sloan,chad.sloan4027@email.com,Female,23,Political Science,82.5,67,52,50.0,57.5,60,65,58.4,F,13,yes,Bachelor's,low,7
4028,Joe,Hall,joe.hall4028@email.com,Male,18,Engineering,80.9,48,59,66.0,50.3,60,50,55.1,F,7,yes,Bachelor's,low,10
4029,Anna,Holt,anna.holt4029@email.com,Female,24,Economics,89.7,75,72,81.4,70.0,76,79,74.7,C,14,yes,Master's,medium,5
4030,Cole,Johnson,cole.johnson4030@email.com,Male,20,Economics,90.9,56,40,69.1,61.4,60,61,52.0,F,5,yes,Doctorate,low,8
4031,Jean,Wright,jean.wright4031@email.com,Male,24,History,89.4,79,91,81.9,66.1,65,81,83.0,B,16,yes,Associate,low,5
4032,Paula,Ferrell,paula.ferrell4032@email.com,Female,21,Physics,87.5,50,43,68.6,54.5,60,51,50.0,F,9,yes,Associate,low,7
4033,John,Hughes,john.hughes4033@email.com,Male,18,Computer Science,95.9,67,57,50.0,54.6,60,58,59.5,F,6,yes,Doctorate,high,9
4034,Jessica,Collins,jessica.collins4034@email.com,Male,24,Engineering,100.0,88,84,78.0,72.9,60,86,83.1,B,16,yes,Master's,high,3
4035,Sandra,Duncan,sandra.duncan4035@email.com,Female,18,Chemistry,100.0,86,78,85.5,71.1,76,95,82.5,B-,14,yes,High School,high,5
4036,Ashley,Thomas,ashley.thomas4036@email.com,Female,21,Economics,93.3,63,47,50.0,62.7,74,58,55.4,F,7,yes,Bachelor's,medium,9
4037,Samantha,Wilkins,samantha.wilkins4037@email.com,Male,20,Computer Science,90.4,69,59,68.1,66.3,78,55,63.9,D,13,yes,Associate,high,7
4038,Erica,Nelson,erica.nelson4038@email.com,Male,22,Computer Science,83.3,73,67,54.6,57.5,60,62,66.3,D,12,yes,Associate,medium,7
4039,Barbara,Chang,barbara.chang4039@email.com,Female,24,Engineering,87.6,47,53,50.0,50.2,60,50,50.8,F,7,no,Master's,medium,6
4040,Frank,Wise,frank.wise4040@email.com,Male,23,Physics,82.2,56,60,50.0,54.0,74,56,57.9,F,11,yes,Associate,medium,6
4041,Justin,Oconnell,justin.oconnell4041@email.com,Female,24,Biology,98.2,71,68,72.7,79.0,71,58,69.1,D,6,yes,Master's,medium,6
4042,Joe,Taylor,joe.taylor4042@email.com,Male,22,Political Science,88.2,77,72,91.9,83.8,72,81,77.0,C+,12,yes,Doctorate,high,4
4043,Michelle,Aguilar,michelle.aguilar4043@email.com,Male,20,Business,89.2,40,45,50.0,50.0,60,50,45.5,F,9,no,Bachelor's,medium,4
4044,Brandon,Williams,brandon.williams4044@email.com,Male,21,Computer Science,81.0,65,74,76.9,68.4,60,72,70.5,C-,14,yes,Associate,low,5
4045,Keith,Johnson,keith.johnson4045@email.com,Male,22,Economics,97.4,87,72,89.0,85.0,92,83,81.1,B-,13,yes,Bachelor's,medium,7
4046,Maria,Jordan,maria.jordan4046@email.com,Male,22,Economics,100.0,76,86,75.8,88.5,75,90,82.0,B-,15,yes,High School,low,5
4047,Taylor,Crawford,taylor.crawford4047@email.com,Female,23,Chemistry,82.4,85,58,81.5,68.9,60,55,68.9,D,14,yes,Bachelor's,high,9
4048,Robert,Parsons,robert.parsons4048@email.com,Female,24,Physics,80.4,68,54,59.3,64.1,60,68,61.0,D,7,yes,Bachelor's,low,6
4049,Matthew,Hamilton,matthew.hamilton4049@email.com,Male,18,History,75.2,79,66,69.1,71.6,83,63,71.1,C-,13,yes,High School,medium,4
4050,Amanda,Dixon,amanda.dixon4050@email.com,Male,21,Psychology,94.4,66,85,90.0,76.6,76,73,77.8,C+,13,yes,High School,low,3
4051,Angela,Chapman,angela.chapman4051@email.com,Male,19,Engineering,79.6,84,71,73.7,75.8,84,91,78.1,C+,13,no,High School,low,5
4052,Chad,Martin,chad.martin4052@email.com,Female,24,Mathematics,81.0,40,61,57.9,64.6,60,50,53.4,F,6,yes,Associate,medium,7
4053,Richard,Peters,richard.peters4053@email.com,Male,19,Chemistry,87.2,43,53,63.2,60.7,71,79,55.0,F,14,yes,Bachelor's,medium,6
4054,Chris,Jones,chris.jones4054@email.com,Female,19,Physics,89.6,60,40,69.4,71.7,63,68,54.5,F,9,no,Associate,medium,8
4055,Thomas,Flores,thomas.flores4055@email.com,Female,18,Political Science,75.7,81,77,80.1,67.0,60,72,76.7,C,11,yes,Associate,low,3
4056,Robyn,Greene,robyn.greene4056@email.com,Male,19,Political Science,60.0,40,42,50.0,50.0,60,50,44.3,F,14,no,Bachelor's,low,6
4057,Derrick,Moore,derrick.moore4057@email.com,Male,20,Computer Science,90.6,40,49,50.0,57.8,60,50,47.5,F,11,yes,Doctorate,high,6
4058,Richard,Aguilar,richard.aguilar4058@email.com,Male,19,Economics,92.8,40,58,50.7,50.0,60,50,50.8,F,12,yes,Bachelor's,high,9
4059,Tina,Lowe,tina.lowe4059@email.com,Female,19,History,99.8,76,76,88.9,71.2,72,74,76.7,C,14,yes,Master's,low,4
4060,Richard,Lutz,richard.lutz4060@email.com,Male,20,Business,86.6,70,53,57.5,53.7,60,61,59.8,F,10,yes,Associate,low,6
4061,Kelly,Massey,kelly.massey4061@email.com,Female,24,Political Science,81.9,47,40,50.0,50.0,60,50,45.6,F,7,yes,Doctorate,low,7
4062,Rebecca,Cruz,rebecca.cruz4062@email.com,Male,18,Biology,97.9,71,67,95.3,74.8,79,78,73.2,C,16,yes,Bachelor's,high,4
4063,Tammy,Sutton,tammy.sutton4063@email.com,Female,24,Economics,88.6,65,67,82.0,57.0,60,62,66.6,D,12,yes,Associate,medium,7
4064,Lauren,Evans,lauren.evans4064@email.com,Male,19,Psychology,73.6,50,40,50.0,50.0,60,64,48.0,F,10,no,Associate,medium,7
4065,Colleen,Stone,colleen.stone4065@email.com,Male,18,History,92.5,88,81,83.9,79.3,78,82,83.3,B,8,yes,Associate,low,3
4066,Melanie,Stone,melanie.stone4066@email.com,Female,23,Biology,89.2,75,56,70.9,63.8,64,63,64.7,D,5,yes,High School,medium,7
4067,Dylan,Hughes,dylan.hughes4067@email.com,Male,18,Biology,84.8,56,73,72.5,66.3,68,56,65.7,D,7,yes,High School,high,7
4068,Andrew,Willis,andrew.willis4068@email.com,Female,23,Physics,83.8,58,65,66.3,62.6,67,52,61.9,D,12,yes,Associate,medium,4
4069,Timothy,English,timothy.english4069@email.com,Male,21,Business,94.4,49,40,50.0,50.0,60,67,48.0,F,13,yes,High School,low,7
4070,Russell,Freeman,russell.freeman4070@email.com,Female,23,History,72.8,52,71,67.6,74.7,65,63,64.1,D,8,yes,High School,medium,6
4071,Francisco,Erickson,francisco.erickson4071@email.com,Female,22,Psychology,69.5,99,65,89.1,97.1,86,89,82.8,B-,14,yes,High School,medium,2
4072,Christopher,Gross,christopher.gross4072@email.com,Male,19,Economics,68.2,67,55,61.9,50.0,60,55,59.3,F,10,no,Bachelor's,medium,5
4073,Adam,Stuart,adam.stuart4073@email.com,Male,20,Biology,90.1,56,79,66.9,78.2,67,77,70.2,C-,6,yes,High School,low,5
4074,Roger,Martin,roger.martin4074@email.com,Male,20,Political Science,78.1,69,74,86.8,72.1,68,89,75.0,C,5,no,Doctorate,high,3
4075,Kaitlyn,Bender,kaitlyn.bender4075@email.com,Male,24,Business,97.7,40,59,79.7,78.1,60,51,55.6,F,12,yes,Bachelor's,medium,6
4076,Amanda,Rodriguez,amanda.rodriguez4076@email.com,Female,21,History,97.7,65,53,55.9,54.7,60,50,57.1,F,14,yes,Associate,medium,8
4077,Heather,Wolfe,heather.wolfe4077@email.com,Female,18,Economics,82.4,63,78,85.6,70.1,75,69,72.9,C-,21,yes,Bachelor's,medium,3
4078,Tony,Martin,tony.martin4078@email.com,Female,18,Engineering,82.2,99,72,86.5,83.5,89,72,83.1,B,14,yes,Associate,high,6
4079,James,Powell,james.powell4079@email.com,Female,24,History,91.8,82,80,72.9,83.4,69,78,79.4,C+,11,yes,Doctorate,medium,6
4080,Ashley,Liu,ashley.liu4080@email.com,Male,20,Mathematics,73.3,66,78,82.6,83.2,67,83,75.1,C,12,no,High School,medium,3
4081,Adrian,Johnson,adrian.johnson4081@email.com,Male,18,Economics,96.5,86,84,91.6,69.8,60,86,83.8,B,12,yes,Bachelor's,high,5
4082,Austin,Farmer,austin.farmer4082@email.com,Male,22,Mathematics,80.3,75,58,58.8,51.3,62,50,62.3,D,11,yes,Associate,high,7
4083,Gina,Thomas,gina.thomas4083@email.com,Male,18,Biology,93.9,65,73,50.0,55.9,60,64,65.9,D,7,yes,Bachelor's,medium,8
4084,Jasmin,Johnson,jasmin.johnson4084@email.com,Female,21,Business,87.4,63,71,81.4,62.6,70,69,69.1,D,6,yes,Doctorate,medium,8
4085,Lisa,Galvan,lisa.galvan4085@email.com,Male,20,Business,87.6,47,61,63.8,51.0,60,55,56.0,F,7,yes,High School,medium,6
4086,Noah,Ware,noah.ware4086@email.com,Female,18,Mathematics,100.0,65,70,81.3,81.4,84,86,72.6,C-,10,yes,High School,medium,3
4087,Benjamin,Newman,benjamin.newman4087@email.com,Female,20,Computer Science,80.0,63,63,65.9,77.5,76,69,65.3,D,9,yes,High School,medium,6
4088,James,Parker,james.parker4088@email.com,Male,23,Biology,81.3,72,89,81.2,89.5,90,72,81.6,B-,7,yes,Doctorate,medium,5
4089,Gary,Johnson,gary.johnson4089@email.com,Male,21,Economics,70.8,99,94,89.4,96.0,80,78,92.9,A,19,yes,Associate,medium,5
4090,Laura,Barton,laura.barton4090@email.com,Female,19,English Literature,100.0,91,74,92.7,83.5,68,79,81.8,B-,10,yes,Doctorate,low,3
4091,Emily,Nguyen,emily.nguyen4091@email.com,Male,18,English Literature,90.9,81,76,81.4,75.5,96,76,79.1,C+,12,yes,Master's,high,5
4092,Jose,Evans,jose.evans4092@email.com,Female,24,Computer Science,100.0,69,80,85.7,80.9,79,84,77.7,C+,11,yes,Doctorate,high,4
4093,Michael,Collier,michael.collier4093@email.com,Male,20,Mathematics,94.5,49,49,58.7,53.3,60,66,52.5,F,5,yes,Bachelor's,high,6
4094,Jasmine,Hernandez,jasmine.hernandez4094@email.com,Female,18,Chemistry,100.0,55,49,72.4,58.8,72,65,56.5,F,12,yes,Bachelor's,low,6
4095,Travis,Hubbard,travis.hubbard4095@email.com,Male,21,Business,97.6,70,65,92.6,73.8,82,91,73.3,C,13,yes,Associate,medium,3
4096,Kathleen,Hogan,kathleen.hogan4096@email.com,Male,18,Business,71.5,79,63,81.0,79.5,66,81,72.4,C-,12,yes,High School,medium,4
4097,Justin,Ortega,justin.ortega4097@email.com,Female,18,History,87.2,89,73,77.3,93.6,83,83,80.9,B-,9,no,Associate,medium,5
4098,Carlos,Simmons,carlos.simmons4098@email.com,Male,22,Physics,76.8,65,68,82.9,81.5,63,70,69.3,D,14,yes,Associate,low,4
4099,Shawn,Chase,shawn.chase4099@email.com,Female,22,Engineering,65.5,61,46,56.8,59.8,60,58,54.3,F,11,yes,Bachelor's,medium,7
4100,Melissa,Rocha,melissa.rocha4100@email.com,Male,19,Physics,95.1,53,53,58.4,64.2,60,57,54.9,F,5,yes,Bachelor's,high,8
4101,Candace,Smith,candace.smith4101@email.com,Female,20,Engineering,84.5,65,74,80.6,76.5,86,75,72.9,C-,20,yes,High School,low,6
4102,Cindy,Wells,cindy.wells4102@email.com,Female,23,Business,86.4,57,74,77.0,74.9,77,57,67.7,D,10,yes,Associate,medium,7
4103,Luke,Scott,luke.scott4103@email.com,Female,19,Economics,76.8,66,72,94.1,77.3,89,69,73.3,C,8,yes,Master's,low,5
4104,Susan,Rivera,susan.rivera4104@email.com,Male,20,Mathematics,89.4,45,51,56.4,52.9,60,60,51.3,F,8,no,Associate,medium,9
4105,Melanie,Ortega,melanie.ortega4105@email.com,Male,19,English Literature,89.8,55,49,59.8,52.0,60,73,55.0,F,15,yes,Bachelor's,high,5
4106,Christina,Perez,christina.perez4106@email.com,Female,21,Business,78.8,87,67,67.3,50.0,71,50,70.8,C-,21,yes,High School,low,5
4107,Melinda,Bush,melinda.bush4107@email.com,Female,18,Economics,85.8,67,70,73.3,91.1,60,94,72.4,C-,18,yes,High School,low,4
4108,John,Kim,john.kim4108@email.com,Male,19,History,86.0,48,45,60.7,55.8,60,61,50.4,F,9,yes,Doctorate,medium,7
4109,Kathleen,Wallace,kathleen.wallace4109@email.com,Male,24,Computer Science,76.1,42,66,64.6,50.2,60,50,56.0,F,11,yes,Bachelor's,high,5
4110,Christy,Brooks,christy.brooks4110@email.com,Male,20,History,79.5,44,56,55.6,58.7,70,56,53.3,F,7,no,High School,medium,7
4111,Amber,Wright,amber.wright4111@email.com,Male,23,Political Science,96.8,58,48,83.1,66.7,75,77,59.7,F,9,yes,Associate,medium,7
4112,Samuel,Hayes,samuel.hayes4112@email.com,Male,23,English Literature,93.9,62,78,68.8,75.7,69,65,70.5,C-,7,yes,Master's,medium,7
4113,Timothy,Potter,timothy.potter4113@email.com,Female,23,English Literature,86.2,66,68,51.5,71.3,77,66,66.3,D,17,no,High School,medium,6
4114,Peter,Rodgers,peter.rodgers4114@email.com,Female,24,Physics,76.3,48,48,65.4,54.2,60,50,50.9,F,9,yes,Associate,medium,6
4115,Pamela,Smith,pamela.smith4115@email.com,Female,24,Psychology,100.0,50,53,51.7,55.4,63,50,52.3,F,10,yes,Associate,medium,6
4116,David,Collier,david.collier4116@email.com,Male,21,Computer Science,88.0,53,40,50.0,50.0,60,50,47.4,F,10,no,Associate,medium,9
4117,Isabel,Little,isabel.little4117@email.com,Male,21,Political Science,100.0,64,78,91.6,79.8,60,75,74.1,C,16,no,Master's,medium,1
4118,Cody,Ritter,cody.ritter4118@email.com,Male,24,History,75.6,76,55,65.2,55.6,72,54,63.1,D,15,yes,High School,low,9
4119,Kristy,Macias,kristy.macias4119@email.com,Male,22,Political Science,88.5,52,47,53.1,58.0,74,50,51.4,F,10,yes,Master's,high,6
4120,Heather,Armstrong,heather.armstrong4120@email.com,Female,23,Business,74.9,83,91,84.7,82.4,90,82,86.7,B,11,yes,Doctorate,high,3
4121,Scott,Davenport,scott.davenport4121@email.com,Male,20,Biology,80.8,90,63,89.1,77.1,78,97,78.6,C+,8,yes,Master's,low,3
4122,Wayne,Williams,wayne.williams4122@email.com,Female,20,Engineering,96.1,40,50,51.3,50.0,60,53,48.0,F,8,no,Associate,high,6
4123,Patrick,Reed,patrick.reed4123@email.com,Female,23,Physics,71.1,90,84,88.5,71.9,60,87,84.8,B,12,yes,High School,low,5
4124,Matthew,Jackson,matthew.jackson4124@email.com,Female,23,Chemistry,93.6,58,49,50.0,50.0,60,50,52.5,F,9,yes,High School,medium,5
4125,Barry,Sanchez,barry.sanchez4125@email.com,Female,21,Business,88.5,83,80,82.7,72.8,65,83,80.4,B-,6,yes,Associate,low,3
4126,Samantha,Anderson,samantha.anderson4126@email.com,Male,24,Psychology,84.8,49,40,55.6,50.0,60,50,46.8,F,10,yes,Bachelor's,low,6
4127,Mark,Murray,mark.murray4127@email.com,Male,24,English Literature,92.4,87,74,74.0,71.3,86,72,78.2,C+,21,yes,Associate,low,3
4128,Jamie,Anderson,jamie.anderson4128@email.com,Male,23,Business,73.6,60,76,67.8,53.2,60,55,66.4,D,10,yes,Bachelor's,low,8
4129,Jonathan,May,jonathan.may4129@email.com,Male,22,Economics,80.7,40,40,50.0,50.0,60,50,43.6,F,12,no,Bachelor's,high,5
4130,Karen,Rodriguez,karen.rodriguez4130@email.com,Female,23,Psychology,84.7,51,40,62.6,51.4,60,50,48.1,F,14,yes,Doctorate,medium,4
4131,Isaac,Chapman,isaac.chapman4131@email.com,Female,19,Engineering,92.7,85,83,84.5,76.7,66,73,81.7,B-,12,yes,Associate,low,7
4132,David,Benjamin,david.benjamin4132@email.com,Female,21,Biology,71.1,43,58,59.1,61.9,60,50,53.1,F,15,yes,High School,low,6
4133,Rebecca,Roberts,rebecca.roberts4133@email.com,Male,22,History,100.0,50,73,83.3,76.7,60,66,66.0,D,5,yes,High School,medium,7
4134,Tommy,Harrell,tommy.harrell4134@email.com,Female,24,Biology,73.4,59,67,69.8,59.9,60,62,63.8,D,9,yes,Doctorate,medium,8
4135,Tasha,Archer,tasha.archer4135@email.com,Male,22,Business,98.8,85,72,74.8,75.5,70,85,77.6,C+,19,yes,Doctorate,low,5
4136,Peter,Alexander,peter.alexander4136@email.com,Male,24,Psychology,86.4,76,65,79.6,81.5,83,72,72.2,C-,19,yes,High School,low,6
4137,Nicholas,Day,nicholas.day4137@email.com,Male,23,Business,86.0,80,79,77.2,81.0,69,71,77.9,C+,17,yes,High School,medium,5
4138,Stephanie,Stevens,stephanie.stevens4138@email.com,Male,20,Psychology,84.8,62,70,86.8,77.4,72,65,69.3,D,14,yes,Associate,medium,5
4139,Vincent,Turner,vincent.turner4139@email.com,Male,21,Mathematics,75.3,82,79,85.1,71.6,78,78,80.1,B-,14,no,Bachelor's,low,5
4140,Caroline,Sanders,caroline.sanders4140@email.com,Male,24,Psychology,100.0,65,69,80.6,70.3,63,68,68.7,D,9,yes,Bachelor's,high,7
4141,Nicholas,Tyler,nicholas.tyler4141@email.com,Male,22,Engineering,84.2,95,79,85.2,78.5,71,87,84.9,B,12,yes,Associate,medium,4
4142,Daniel,Daniel,daniel.daniel4142@email.com,Female,21,Mathematics,82.1,56,55,50.0,50.0,60,50,54.3,F,9,no,Associate,medium,5
4143,Justin,Nixon,justin.nixon4143@email.com,Female,18,Political Science,84.7,66,73,72.5,51.2,60,77,69.6,D,7,yes,Associate,medium,7
4144,Nicholas,Keith,nicholas.keith4144@email.com,Female,18,Physics,98.5,67,79,73.2,66.5,69,69,72.7,C-,12,no,Bachelor's,high,3
4145,Christopher,Gamble,christopher.gamble4145@email.com,Male,20,Economics,94.8,53,40,50.0,62.5,60,50,48.0,F,13,no,Associate,low,6
4146,Edward,Knight,edward.knight4146@email.com,Female,21,Business,80.7,65,77,73.8,57.2,68,70,71.1,C-,14,yes,High School,low,6
4147,Andrew,Spears,andrew.spears4147@email.com,Female,23,Political Science,70.4,87,73,69.6,81.7,82,92,79.7,C+,17,yes,Bachelor's,low,2
4148,Gregory,Harrison,gregory.harrison4148@email.com,Female,21,Business,97.6,81,68,77.7,70.9,73,72,73.7,C,14,yes,Doctorate,medium,2
4149,Mark,Myers,mark.myers4149@email.com,Female,21,Psychology,65.3,48,40,55.5,63.2,60,62,48.3,F,20,yes,Associate,medium,6
4150,Calvin,Riddle,calvin.riddle4150@email.com,Female,22,Physics,83.0,68,60,79.2,65.7,82,75,67.3,D,13,yes,Bachelor's,high,6
4151,Elizabeth,Hartman,elizabeth.hartman4151@email.com,Male,20,Computer Science,96.5,67,73,84.7,92.2,73,82,74.3,C,18,yes,High School,medium,4
4152,James,Garcia,james.garcia4152@email.com,Male,18,Engineering,71.1,51,73,67.8,78.6,66,54,64.0,D,5,yes,High School,medium,8
4153,Gary,Frazier,gary.frazier4153@email.com,Male,20,English Literature,78.6,87,81,96.7,76.2,72,82,83.8,B,12,yes,Bachelor's,medium,5
4154,Ashley,Crawford,ashley.crawford4154@email.com,Male,21,Business,100.0,55,95,88.3,93.1,78,82,80.1,B-,10,yes,Bachelor's,medium,3
4155,Tiffany,Nichols,tiffany.nichols4155@email.com,Male,21,Chemistry,91.0,73,71,85.0,83.2,81,99,76.9,C,9,yes,Associate,medium,6
4156,Dominic,Lewis,dominic.lewis4156@email.com,Male,21,English Literature,84.1,82,66,56.9,51.3,60,59,68.2,D,12,yes,Associate,low,4
4157,Scott,Smith,scott.smith4157@email.com,Male,24,Economics,70.5,82,78,87.1,70.6,62,96,80.8,B-,7,yes,Master's,medium,5
4158,Tracy,Anderson,tracy.anderson4158@email.com,Male,18,History,74.4,81,83,80.7,80.7,75,86,82.1,B-,16,yes,Associate,low,6
4159,Leslie,Wilson,leslie.wilson4159@email.com,Female,20,History,98.7,86,66,71.8,72.7,60,80,74.1,C,18,yes,Bachelor's,high,6
4160,Gregory,Frazier,gregory.frazier4160@email.com,Female,20,Physics,77.2,65,65,54.7,53.8,60,53,62.0,D,10,yes,Bachelor's,medium,4
4161,Jeffrey,Mendez,jeffrey.mendez4161@email.com,Female,23,Economics,68.5,58,49,61.3,57.6,60,50,54.0,F,7,yes,Doctorate,high,7
4162,Chad,Andrews,chad.andrews4162@email.com,Male,22,Computer Science,100.0,70,55,71.1,61.5,60,59,62.2,D,12,yes,Master's,high,7
4163,Monique,Mills,monique.mills4163@email.com,Male,18,English Literature,86.9,74,76,93.5,97.6,84,64,77.5,C+,18,yes,Bachelor's,high,4
4164,Deanna,Reynolds,deanna.reynolds4164@email.com,Female,22,Economics,82.7,52,40,50.0,50.0,60,50,47.1,F,13,yes,Master's,high,5
4165,Steven,Rowland,steven.rowland4165@email.com,Female,21,History,100.0,61,58,75.3,66.3,60,56,61.0,D,16,yes,Bachelor's,medium,6
4166,Jeffery,Holmes,jeffery.holmes4166@email.com,Male,19,English Literature,82.3,60,62,74.5,69.9,60,50,61.7,D,10,yes,High School,low,8
4167,Danielle,Bailey,danielle.bailey4167@email.com,Female,19,Computer Science,80.5,57,61,61.8,50.0,60,71,60.4,D,9,yes,Associate,medium,8
4168,David,Huff,david.huff4168@email.com,Female,22,Mathematics,72.5,81,63,79.6,77.5,64,92,73.8,C,14,yes,Associate,low,4
4169,Gregory,Arnold,gregory.arnold4169@email.com,Female,24,Business,65.6,40,40,50.0,50.0,60,50,43.5,F,13,yes,Bachelor's,medium,6
4170,Dennis,Murray,dennis.murray4170@email.com,Male,24,Computer Science,91.2,40,40,50.0,50.0,60,50,43.5,F,13,yes,Bachelor's,high,5
4171,Wendy,Castaneda,wendy.castaneda4171@email.com,Female,23,Engineering,100.0,79,64,67.2,64.1,73,60,69.0,D,15,yes,High School,high,7
4172,Alicia,Cain,alicia.cain4172@email.com,Female,20,Psychology,80.7,80,75,82.5,83.0,75,80,78.2,C+,9,yes,Associate,medium,4
4173,Brian,Walker,brian.walker4173@email.com,Male,23,History,92.9,72,99,96.0,71.2,66,70,84.7,B,13,yes,Associate,medium,7
4174,Stanley,Roberts,stanley.roberts4174@email.com,Female,22,Political Science,73.6,86,78,90.6,84.1,82,86,83.0,B,16,yes,Master's,high,5
4175,Savannah,Ponce,savannah.ponce4175@email.com,Male,24,Chemistry,75.2,65,79,77.6,88.6,76,63,73.5,C,15,yes,High School,medium,4
4176,Heather,Shelton,heather.shelton4176@email.com,Male,18,English Literature,82.6,82,88,75.6,75.9,72,84,83.2,B,14,yes,Bachelor's,medium,4
4177,James,Henderson,james.henderson4177@email.com,Male,19,Business,93.1,90,86,82.3,54.2,60,69,82.3,B-,15,yes,Bachelor's,medium,5
4178,Karen,Lee,karen.lee4178@email.com,Male,22,Chemistry,83.7,46,83,72.0,71.8,67,64,67.6,D,12,yes,High School,low,7
4179,Melinda,Mckay,melinda.mckay4179@email.com,Male,22,English Literature,84.1,63,66,74.5,75.4,82,71,67.8,D,7,no,Bachelor's,high,6
4180,Dale,Cruz,dale.cruz4180@email.com,Female,21,Business,84.1,40,54,53.1,50.3,60,56,50.0,F,13,yes,Associate,medium,6
4181,Jeffrey,Fitzpatrick,jeffrey.fitzpatrick4181@email.com,Female,21,History,82.5,59,69,75.2,68.6,61,63,65.6,D,11,no,Associate,low,7
4182,Victor,Bailey,victor.bailey4182@email.com,Male,21,Biology,85.6,78,60,66.5,77.2,83,66,68.7,D,10,yes,Associate,high,5
4183,Bradley,Chavez,bradley.chavez4183@email.com,Female,24,Chemistry,75.8,56,43,50.0,50.0,60,53,49.8,F,11,yes,High School,low,9
4184,Edwin,Bates,edwin.bates4184@email.com,Female,19,Psychology,89.7,70,71,78.2,86.3,84,100,75.8,C,13,yes,High School,medium,5
4185,Ruth,Crawford,ruth.crawford4185@email.com,Female,23,History,69.3,47,42,50.0,50.0,60,50,46.4,F,11,yes,Associate,low,6
4186,Nicholas,Wright,nicholas.wright4186@email.com,Male,20,English Literature,82.9,41,74,64.9,59.3,65,54,60.1,D,11,yes,Bachelor's,medium,7
4187,William,Montgomery,william.montgomery4187@email.com,Female,19,Business,65.8,79,71,84.1,68.4,92,60,74.6,C,9,yes,Associate,high,4
4188,Sarah,Hampton,sarah.hampton4188@email.com,Male,23,Economics,77.7,89,89,92.7,96.2,81,67,87.2,B+,14,yes,Doctorate,high,5
4189,Michelle,Brown,michelle.brown4189@email.com,Male,20,Chemistry,100.0,73,87,88.2,73.0,71,64,79.2,C+,17,yes,Associate,medium,2
4190,Megan,Gomez,megan.gomez4190@email.com,Female,22,Mathematics,75.8,77,47,59.2,66.5,60,50,59.2,F,15,yes,Associate,medium,8
4191,Brett,Morrison,brett.morrison4191@email.com,Female,18,Mathematics,78.4,73,52,50.0,52.8,60,53,58.7,F,6,yes,Bachelor's,high,8
4192,Jeffrey,Tran,jeffrey.tran4192@email.com,Male,21,History,94.7,70,51,67.9,58.0,60,54,59.5,F,9,yes,Master's,low,6
4193,Jennifer,Murphy,jennifer.murphy4193@email.com,Male,23,Political Science,90.9,81,78,98.7,78.3,62,74,79.9,C+,13,yes,Associate,low,3
4194,Andrew,Green,andrew.green4194@email.com,Female,23,Engineering,85.9,56,46,50.7,61.6,61,53,51.8,F,9,yes,Doctorate,low,7
4195,Jonathan,Matthews,jonathan.matthews4195@email.com,Male,20,Economics,80.0,73,82,78.2,86.1,84,69,77.9,C+,11,no,Associate,medium,2
4196,Alexander,May,alexander.may4196@email.com,Male,20,English Literature,100.0,72,64,71.3,77.4,69,66,68.4,D,11,yes,Associate,medium,6
4197,Nicholas,Ward,nicholas.ward4197@email.com,Female,18,Economics,85.1,40,40,50.0,50.0,60,50,43.6,F,8,no,Bachelor's,medium,6
4198,April,Davies,april.davies4198@email.com,Female,23,English Literature,71.7,63,68,66.3,52.4,72,66,65.6,D,8,yes,High School,low,5
4199,Samuel,Freeman,samuel.freeman4199@email.com,Male,21,Physics,81.8,63,65,56.8,63.3,60,51,61.9,D,13,yes,Bachelor's,medium,7
4200,Carolyn,Anderson,carolyn.anderson4200@email.com,Male,19,Engineering,100.0,57,71,63.2,72.9,60,61,64.6,D,14,yes,Bachelor's,high,6
4201,Julia,Zimmerman,julia.zimmerman4201@email.com,Male,24,Computer Science,97.9,43,40,50.0,50.0,60,50,44.4,F,10,yes,Bachelor's,low,5
4202,Nancy,Valencia,nancy.valencia4202@email.com,Female,19,History,84.3,74,83,89.4,63.5,65,65,77.4,C+,6,yes,Bachelor's,low,5
4203,Terri,Curry,terri.curry4203@email.com,Male,20,Chemistry,100.0,70,82,84.6,90.5,68,88,79.1,C+,14,no,High School,low,3
4204,Richard,Liu,richard.liu4204@email.com,Female,23,Biology,95.8,40,51,50.0,54.5,60,56,48.8,F,10,yes,Associate,medium,8
4205,Keith,Collins,keith.collins4205@email.com,Female,22,Physics,79.5,58,50,67.6,65.2,65,58,56.6,F,16,yes,Bachelor's,low,4
4206,Oscar,Johnson,oscar.johnson4206@email.com,Female,21,History,87.1,42,43,50.0,50.0,60,50,45.3,F,17,yes,Master's,high,7
4207,Kimberly,Curry,kimberly.curry4207@email.com,Female,24,Political Science,75.0,58,44,59.7,57.2,60,52,52.1,F,5,yes,Bachelor's,high,5
4208,Jerry,Clark,jerry.clark4208@email.com,Male,22,Business,82.8,60,85,76.7,89.4,70,78,75.5,C,11,no,Associate,medium,4
4209,Taylor,Gross,taylor.gross4209@email.com,Male,23,History,83.2,68,52,61.3,52.9,60,58,58.9,F,6,yes,Bachelor's,low,5
4210,Courtney,Butler,courtney.butler4210@email.com,Male,21,Biology,78.1,41,40,50.0,50.0,60,50,43.8,F,12,yes,Master's,high,7
4211,Alexis,Cook,alexis.cook4211@email.com,Male,24,Chemistry,83.1,40,44,50.0,56.8,60,50,45.4,F,8,yes,High School,low,5
4212,Kenneth,Harrison,kenneth.harrison4212@email.com,Male,21,Political Science,67.5,70,65,60.9,50.0,60,52,63.9,D,11,yes,Associate,medium,7
4213,Manuel,Payne,manuel.payne4213@email.com,Male,20,History,66.2,42,54,56.5,50.0,60,59,51.3,F,6,yes,High School,medium,9
4214,Laura,Schneider,laura.schneider4214@email.com,Female,18,Computer Science,91.5,83,68,76.1,72.7,60,61,72.5,C-,15,yes,High School,low,3
4215,Jack,Smith,jack.smith4215@email.com,Female,24,Business,99.4,87,57,69.6,66.8,60,75,69.7,D,8,yes,High School,low,6
4216,Allison,Zavala,allison.zavala4216@email.com,Female,18,Economics,75.8,40,40,50.0,50.0,60,50,43.5,F,5,yes,Master's,high,9
4217,Amanda,Howard,amanda.howard4217@email.com,Female,24,Business,80.4,78,76,64.0,57.4,60,73,73.5,C,7,yes,High School,low,5
4218,Rachel,Rodriguez,rachel.rodriguez4218@email.com,Female,24,Psychology,87.9,84,58,76.2,69.7,73,84,71.7,C-,15,yes,Associate,medium,4
4219,Carol,Miller,carol.miller4219@email.com,Male,20,Mathematics,80.4,76,86,85.4,66.2,68,88,81.3,B-,15,yes,Associate,medium,4
4220,Ian,Elliott,ian.elliott4220@email.com,Female,21,Political Science,79.2,46,44,53.3,50.0,60,50,47.2,F,10,yes,Associate,high,7
4221,Benjamin,Knight,benjamin.knight4221@email.com,Female,22,Political Science,76.3,83,68,65.5,53.3,68,75,72.3,C-,8,yes,Doctorate,medium,5
4222,Judith,Mills,judith.mills4222@email.com,Female,24,Political Science,93.4,81,74,89.8,72.3,73,84,78.6,C+,16,yes,Associate,high,3
4223,Rebecca,Chavez,rebecca.chavez4223@email.com,Male,23,Biology,94.6,65,90,76.7,80.7,77,74,78.6,C+,8,no,Doctorate,high,4
4224,Bryan,Wood,bryan.wood4224@email.com,Male,21,Political Science,90.4,54,63,62.4,55.9,60,67,60.2,D,16,yes,Associate,medium,5
4225,Christopher,Roberts,christopher.roberts4225@email.com,Male,20,Computer Science,80.9,70,66,76.3,67.6,66,82,70.0,C-,11,yes,High School,high,2
4226,Donald,Hutchinson,donald.hutchinson4226@email.com,Female,23,Chemistry,99.0,43,56,55.6,50.0,60,68,53.2,F,9,yes,Bachelor's,medium,6
4227,Karen,Thomas,karen.thomas4227@email.com,Male,24,Engineering,86.1,46,40,50.0,50.0,60,50,45.3,F,12,yes,Associate,high,8
4228,John,Allen,john.allen4228@email.com,Male,22,Chemistry,79.6,74,66,69.1,64.3,69,52,67.5,D,11,no,High School,high,8
4229,Richard,Frey,richard.frey4229@email.com,Male,23,Chemistry,78.2,72,89,76.6,100.0,79,68,80.7,B-,22,yes,High School,medium,2
4230,Jeffrey,Bullock,jeffrey.bullock4230@email.com,Male,22,English Literature,97.9,59,50,60.4,50.0,60,50,54.2,F,10,yes,Bachelor's,medium,8
4231,Matthew,Calderon,matthew.calderon4231@email.com,Male,19,English Literature,87.1,76,72,68.5,76.8,60,56,70.9,C-,18,yes,High School,low,5
4232,Tammy,Adams,tammy.adams4232@email.com,Female,24,Business,81.8,74,63,61.0,54.6,63,72,66.7,D,6,yes,Doctorate,medium,5
4233,William,Frank,william.frank4233@email.com,Female,22,Mathematics,96.2,63,63,82.0,80.7,74,65,66.6,D,15,yes,Master's,medium,6
4234,Steven,Ellis,steven.ellis4234@email.com,Male,23,Business,94.4,81,66,92.9,75.5,80,90,76.9,C,11,yes,Bachelor's,medium,6
4235,Patricia,Richardson,patricia.richardson4235@email.com,Female,21,Political Science,83.2,52,40,50.0,50.0,60,53,47.4,F,13,no,Master's,high,8
4236,Victoria,Lopez,victoria.lopez4236@email.com,Male,22,Political Science,87.4,57,47,63.8,60.5,87,50,54.7,F,10,yes,High School,low,6
4237,John,Pacheco,john.pacheco4237@email.com,Male,19,Chemistry,60.0,60,75,68.9,83.2,71,56,68.2,D,16,yes,Master's,low,3
4238,Joshua,Gray,joshua.gray4238@email.com,Male,19,Economics,81.2,81,76,67.4,64.6,70,74,75.6,C,5,yes,Bachelor's,low,4
4239,Brittany,Snow,brittany.snow4239@email.com,Male,22,Political Science,79.1,49,57,55.2,63.0,60,59,55.1,F,13,no,Bachelor's,low,4
4240,Larry,Hall,larry.hall4240@email.com,Male,24,Physics,72.2,76,64,90.1,88.0,60,67,71.5,C-,20,yes,Master's,medium,9
4241,Darryl,Ross,darryl.ross4241@email.com,Male,18,English Literature,90.5,51,83,96.4,78.6,74,77,73.6,C,11,yes,High School,medium,3
4242,Tiffany,Brown,tiffany.brown4242@email.com,Female,24,Political Science,89.2,76,89,95.7,83.2,79,74,83.6,B,15,no,High School,low,5
4243,Ronald,Alvarez,ronald.alvarez4243@email.com,Male,23,Business,85.4,90,73,88.0,79.5,77,65,79.4,C+,5,yes,High School,low,8
4244,David,Dominguez,david.dominguez4244@email.com,Female,24,Chemistry,64.9,50,60,62.7,50.0,60,54,56.2,F,8,yes,High School,low,6
4245,Raymond,Hardy,raymond.hardy4245@email.com,Female,21,Business,71.4,48,52,50.0,50.0,60,56,51.4,F,19,no,High School,medium,8
4246,Sheila,Powell,sheila.powell4246@email.com,Female,20,Mathematics,81.3,75,62,67.6,77.7,62,77,68.8,D,9,yes,Master's,medium,5
4247,Alexander,Moore,alexander.moore4247@email.com,Female,21,Psychology,79.6,44,40,50.0,50.0,60,50,44.7,F,16,yes,Bachelor's,medium,9
4248,Andrew,Small,andrew.small4248@email.com,Female,20,Economics,86.7,52,50,50.0,55.3,60,50,51.4,F,12,yes,Associate,medium,7
4249,Sean,Armstrong,sean.armstrong4249@email.com,Female,23,Mathematics,79.4,66,62,82.0,90.9,62,86,69.1,D,19,yes,Doctorate,high,9
4250,Brittany,Lawson,brittany.lawson4250@email.com,Female,18,Mathematics,80.8,67,84,77.3,81.9,88,82,78.2,C+,14,no,Bachelor's,medium,4
4251,Kristy,Poole,kristy.poole4251@email.com,Female,22,Business,78.1,65,82,72.2,68.3,79,74,74.3,C,12,yes,Bachelor's,high,5
4252,Gina,Bender,gina.bender4252@email.com,Male,23,Business,80.0,40,66,50.3,52.3,60,56,54.7,F,9,yes,Master's,low,7
4253,Robert,Munoz,robert.munoz4253@email.com,Female,21,Engineering,81.7,63,65,61.6,72.0,60,50,62.7,D,5,no,High School,medium,9
4254,Shane,Golden,shane.golden4254@email.com,Female,18,English Literature,100.0,67,58,63.1,50.8,60,50,60.1,D,11,no,Associate,low,8
4255,James,Mcguire,james.mcguire4255@email.com,Male,18,History,96.1,56,53,64.7,50.0,60,50,55.0,F,15,yes,Doctorate,medium,7
4256,Richard,Hardy,richard.hardy4256@email.com,Male,18,Chemistry,74.8,62,85,63.1,60.6,60,62,71.2,C-,10,yes,High School,low,5
4257,Michele,West,michele.west4257@email.com,Male,18,Political Science,80.4,44,57,59.9,64.6,60,50,53.2,F,7,yes,High School,medium,7
4258,Michael,Mcpherson,michael.mcpherson4258@email.com,Male,22,Political Science,100.0,73,67,73.8,82.3,80,70,71.3,C-,14,yes,Associate,medium,5
4259,William,Lowe,william.lowe4259@email.com,Male,24,English Literature,96.9,70,72,74.9,85.5,81,91,74.8,C,9,yes,Bachelor's,medium,8
4260,Jonathan,Tyler,jonathan.tyler4260@email.com,Male,20,Physics,93.6,58,63,75.5,54.5,62,58,61.9,D,11,yes,Bachelor's,high,8
4261,Justin,Gomez,justin.gomez4261@email.com,Female,24,Political Science,79.2,85,56,64.6,56.7,60,50,65.3,D,14,yes,Master's,high,7
4262,Charles,Holmes,charles.holmes4262@email.com,Male,23,Chemistry,77.4,63,74,54.9,53.3,60,54,65.1,D,14,yes,Associate,medium,3
4263,Lindsey,Mcdonald,lindsey.mcdonald4263@email.com,Female,22,Engineering,69.9,74,73,80.6,78.7,81,89,76.5,C,16,yes,Bachelor's,medium,5
4264,Daniel,Brady,daniel.brady4264@email.com,Female,19,Physics,86.7,52,52,54.8,50.0,60,50,52.4,F,6,no,High School,low,5
4265,Rhonda,Salazar,rhonda.salazar4265@email.com,Male,19,Computer Science,97.0,72,82,86.0,84.7,76,87,79.8,C+,11,yes,Associate,medium,4
4266,Mary,Anderson,mary.anderson4266@email.com,Female,20,History,87.1,41,41,50.0,52.9,60,50,44.3,F,16,no,Master's,high,6
4267,Ellen,Coleman,ellen.coleman4267@email.com,Male,24,Mathematics,99.0,75,66,83.5,92.0,60,53,70.2,C-,10,yes,Master's,high,6
4268,Rose,Donovan,rose.donovan4268@email.com,Female,23,Computer Science,94.1,99,74,100.0,92.9,73,69,84.6,B,16,no,High School,low,4
4269,Steven,Kim,steven.kim4269@email.com,Male,20,Mathematics,90.6,52,58,50.0,52.1,60,69,56.3,F,10,yes,High School,low,5
4270,Marc,Long,marc.long4270@email.com,Female,23,Economics,65.8,61,46,60.2,56.2,60,50,53.5,F,14,yes,Master's,high,6
4271,Jill,Clark,jill.clark4271@email.com,Male,19,Psychology,97.4,83,66,85.7,64.5,63,87,75.0,C,16,yes,Master's,medium,3
4272,Travis,Kline,travis.kline4272@email.com,Male,22,History,82.6,40,48,50.0,50.0,60,59,47.7,F,15,no,Doctorate,high,4
4273,Monica,Ramirez,monica.ramirez4273@email.com,Male,21,Mathematics,84.0,79,95,85.5,74.0,67,90,86.4,B,6,yes,Bachelor's,low,5
4274,Edward,Dominguez,edward.dominguez4274@email.com,Male,24,Mathematics,82.4,42,49,55.0,50.0,60,50,48.2,F,13,yes,Associate,medium,8
4275,Richard,Rhodes,richard.rhodes4275@email.com,Male,20,Economics,89.5,80,87,82.6,85.9,69,63,81.2,B-,16,yes,High School,low,4
4276,Latasha,Sanchez,latasha.sanchez4276@email.com,Male,21,Biology,82.8,68,57,73.6,64.7,74,74,65.0,D,10,yes,Associate,medium,8
4277,Jamie,Carpenter,jamie.carpenter4277@email.com,Female,24,Economics,82.3,83,78,93.0,83.7,77,76,81.1,B-,13,yes,Master's,medium,7
4278,Kimberly,Nunez,kimberly.nunez4278@email.com,Female,23,Chemistry,71.0,44,53,50.0,67.4,61,60,51.9,F,17,yes,Bachelor's,medium,8
4279,Javier,Carr,javier.carr4279@email.com,Female,19,English Literature,84.3,42,48,50.0,63.4,60,50,48.0,F,15,yes,High School,medium,8
4280,Benjamin,Mills,benjamin.mills4280@email.com,Female,22,Computer Science,73.5,40,40,50.0,50.0,60,50,43.5,F,6,yes,Master's,medium,6
4281,Michael,Taylor,michael.taylor4281@email.com,Male,24,Physics,100.0,78,73,79.4,78.2,66,80,75.8,C,7,yes,Doctorate,low,6
4282,Stacy,Craig,stacy.craig4282@email.com,Male,21,Business,96.9,67,41,55.6,50.0,60,50,52.6,F,18,yes,Master's,medium,10
4283,Barry,Jones,barry.jones4283@email.com,Female,20,Engineering,85.3,76,75,78.2,70.2,78,77,75.8,C,13,yes,Associate,medium,2
4284,Sandra,Castro,sandra.castro4284@email.com,Male,20,Physics,97.3,82,57,76.3,68.9,84,68,69.5,D,14,yes,Bachelor's,high,8
4285,Jennifer,Marquez,jennifer.marquez4285@email.com,Male,21,Computer Science,93.3,59,71,74.1,72.3,68,51,65.6,D,13,yes,Bachelor's,medium,8
4286,Natalie,Davenport,natalie.davenport4286@email.com,Male,22,Political Science,90.0,63,85,74.3,53.0,76,71,73.9,C,11,no,Master's,high,4
4287,Ana,Gallagher,ana.gallagher4287@email.com,Male,23,Engineering,68.4,76,78,74.4,69.2,71,69,75.5,C,13,yes,Associate,medium,5
4288,Megan,Moore,megan.moore4288@email.com,Male,20,Computer Science,100.0,89,79,86.8,85.4,71,81,82.9,B-,15,yes,High School,medium,3
4289,Eric,Carpenter,eric.carpenter4289@email.com,Male,21,History,67.1,45,61,63.3,50.0,60,56,55.3,F,8,yes,Associate,medium,5
4290,Brandon,Ruiz,brandon.ruiz4290@email.com,Male,19,English Literature,100.0,92,72,84.3,76.1,86,73,80.3,B-,12,no,High School,medium,3
4291,Sarah,Rogers,sarah.rogers4291@email.com,Male,19,Mathematics,65.2,49,51,64.8,50.0,60,50,52.1,F,13,yes,Bachelor's,medium,7
4292,Keith,Parker,keith.parker4292@email.com,Male,19,Engineering,73.2,41,53,50.0,50.0,60,50,49.0,F,12,yes,High School,low,7
4293,Jennifer,Andrews,jennifer.andrews4293@email.com,Female,19,Business,83.9,99,85,74.6,99.4,60,88,88.0,B+,8,yes,Bachelor's,medium,5
4294,Kenneth,Morgan,kenneth.morgan4294@email.com,Male,24,Engineering,86.3,58,56,73.9,66.0,68,84,62.4,D,9,yes,Bachelor's,medium,4
4295,Aaron,Andrews,aaron.andrews4295@email.com,Male,24,Engineering,71.3,40,54,60.3,62.3,61,63,52.2,F,9,yes,Associate,low,8
4296,Carol,Miles,carol.miles4296@email.com,Male,20,Mathematics,81.8,86,68,86.2,74.5,65,72,75.8,C,15,yes,Associate,low,7
4297,Courtney,Jones,courtney.jones4297@email.com,Male,20,Psychology,79.8,83,59,77.4,89.2,85,66,71.6,C-,7,yes,High School,low,6
4298,Vicki,Scott,vicki.scott4298@email.com,Female,23,Physics,78.8,47,61,51.3,50.0,60,53,54.5,F,17,yes,Associate,low,8
4299,Matthew,Brown,matthew.brown4299@email.com,Male,24,Computer Science,100.0,82,71,94.4,72.6,68,62,75.8,C,10,yes,High School,low,6
4300,David,Campbell,david.campbell4300@email.com,Female,21,Chemistry,72.7,41,61,63.9,50.3,60,62,54.8,F,13,no,High School,low,8
4301,Vanessa,Stevenson,vanessa.stevenson4301@email.com,Male,20,Psychology,100.0,63,82,81.6,77.1,68,78,75.0,C,11,yes,Bachelor's,medium,2
4302,Roy,Miller,roy.miller4302@email.com,Female,19,Economics,79.1,44,46,57.7,58.2,60,59,49.2,F,5,yes,Bachelor's,low,8
4303,David,Fox,david.fox4303@email.com,Female,22,Mathematics,92.5,43,40,50.0,50.0,60,63,45.7,F,10,yes,High School,low,8
4304,Nicole,Stevens,nicole.stevens4304@email.com,Female,23,English Literature,92.1,65,66,80.3,84.6,74,84,70.4,C-,18,yes,Master's,medium,3
4305,Thomas,Simmons,thomas.simmons4305@email.com,Male,22,History,75.9,70,60,68.4,62.8,60,62,64.2,D,15,yes,Doctorate,medium,7
4306,Lisa,Steele,lisa.steele4306@email.com,Male,19,History,83.6,44,49,51.1,50.0,68,59,49.8,F,9,yes,High School,low,5
4307,Victoria,Haynes,victoria.haynes4307@email.com,Male,21,Political Science,81.3,61,54,63.7,58.2,61,56,57.8,F,12,no,Doctorate,high,6
4308,Vincent,Green,vincent.green4308@email.com,Female,22,Political Science,75.9,76,70,93.0,78.3,60,78,74.8,C,12,yes,Bachelor's,medium,4
4309,Shannon,Murray,shannon.murray4309@email.com,Male,22,Physics,91.7,51,54,60.7,55.5,69,50,54.2,F,5,yes,Bachelor's,medium,5
4310,Henry,Lewis,henry.lewis4310@email.com,Female,21,Mathematics,80.3,49,40,50.0,55.0,60,50,46.5,F,14,yes,Bachelor's,medium,5
4311,Jennifer,Mcdaniel,jennifer.mcdaniel4311@email.com,Male,20,Engineering,72.4,77,68,68.0,71.7,71,67,71.0,C-,9,yes,Associate,low,5
4312,Christopher,Smith,christopher.smith4312@email.com,Male,24,Biology,100.0,81,78,94.0,73.2,75,70,79.4,C+,14,yes,Master's,low,6
4313,Robert,Crawford,robert.crawford4313@email.com,Female,20,Economics,83.9,76,83,80.4,83.0,84,65,79.0,C+,10,yes,Associate,medium,5
4314,Natalie,White,natalie.white4314@email.com,Male,20,Physics,77.8,40,48,50.0,50.0,60,58,47.5,F,10,yes,Associate,high,7
4315,Anthony,Ho,anthony.ho4315@email.com,Male,18,Political Science,68.3,69,62,59.3,64.0,60,57,63.4,D,20,yes,High School,medium,10
4316,Elizabeth,Cantu,elizabeth.cantu4316@email.com,Female,22,Computer Science,90.2,78,75,78.5,62.6,65,58,73.5,C,9,yes,Associate,medium,3
4317,Robert,Wood,robert.wood4317@email.com,Male,21,Psychology,79.2,40,41,50.0,50.0,60,50,43.9,F,15,yes,Associate,low,4
4318,Jennifer,Rice,jennifer.rice4318@email.com,Male,21,Mathematics,91.7,77,92,85.3,80.0,67,82,84.1,B,11,yes,High School,medium,6
4319,Mitchell,Irwin,mitchell.irwin4319@email.com,Male,18,Business,86.2,40,40,50.0,60.4,60,50,44.0,F,14,yes,Bachelor's,medium,8
4320,Wayne,Thomas,wayne.thomas4320@email.com,Female,20,Physics,81.3,65,78,82.1,76.1,64,92,75.2,C,12,yes,Master's,low,4
4321,Matthew,Marks,matthew.marks4321@email.com,Male,24,Chemistry,73.1,46,52,62.4,50.0,60,60,52.4,F,7,yes,Doctorate,medium,5
4322,Ariel,Tran,ariel.tran4322@email.com,Male,19,English Literature,84.3,62,93,84.0,82.3,67,71,78.9,C+,14,yes,High School,medium,5
4323,Julie,Andrews,julie.andrews4323@email.com,Female,22,Computer Science,87.3,63,54,51.8,60.2,60,61,57.8,F,7,yes,High School,low,6
4324,Lauren,Harvey,lauren.harvey4324@email.com,Female,18,Business,92.4,74,80,87.1,75.0,68,84,78.6,C+,10,yes,Bachelor's,high,6
4325,Omar,Reeves,omar.reeves4325@email.com,Female,24,Chemistry,100.0,80,85,88.5,82.1,67,82,82.5,B-,14,yes,Bachelor's,medium,1
4326,Veronica,Hernandez,veronica.hernandez4326@email.com,Male,24,Chemistry,88.8,84,81,81.8,94.8,63,70,80.7,B-,18,yes,Bachelor's,medium,5
4327,Hayley,Rodriguez,hayley.rodriguez4327@email.com,Female,19,Chemistry,92.0,67,68,74.1,72.0,72,74,69.4,D,15,yes,Bachelor's,low,6
4328,Tabitha,Carlson,tabitha.carlson4328@email.com,Male,22,Biology,93.9,55,73,79.4,63.9,66,75,67.7,D,16,yes,High School,medium,4
4329,Brandon,Underwood,brandon.underwood4329@email.com,Female,22,Psychology,70.8,59,65,81.5,66.8,81,67,66.0,D,14,yes,High School,medium,8
4330,Jessica,Pearson,jessica.pearson4330@email.com,Male,21,Engineering,93.3,78,90,87.6,79.1,60,84,83.6,B,13,yes,Bachelor's,medium,3
4331,Christina,Davis,christina.davis4331@email.com,Male,23,Physics,79.5,52,74,62.6,54.4,70,50,62.7,D,15,yes,Master's,low,7
4332,Cindy,Le,cindy.le4332@email.com,Female,22,Economics,89.1,92,88,75.5,86.7,94,78,87.2,B+,10,yes,Associate,low,6
4333,Diana,Williams,diana.williams4333@email.com,Female,19,Engineering,66.1,67,61,59.8,63.4,60,55,62.2,D,12,yes,Associate,medium,5
4334,Alexandra,Santana,alexandra.santana4334@email.com,Male,19,Economics,89.2,84,90,100.0,79.4,66,91,87.6,B+,22,yes,High School,low,3
4335,Latoya,Taylor,latoya.taylor4335@email.com,Female,19,Psychology,87.6,81,73,75.4,80.6,74,100,78.8,C+,6,no,Associate,low,3
4336,Kimberly,Schmidt,kimberly.schmidt4336@email.com,Male,23,Chemistry,74.0,90,87,82.4,84.7,88,60,84.7,B,9,yes,Associate,medium,5
4337,Alan,Keller,alan.keller4337@email.com,Male,21,Economics,84.8,88,72,94.0,72.4,67,90,80.6,B-,8,yes,Associate,low,6
4338,Jeffery,Johnson,jeffery.johnson4338@email.com,Male,24,Computer Science,77.6,43,46,54.8,59.8,60,50,47.8,F,5,yes,Associate,medium,8
4339,Scott,Elliott,scott.elliott4339@email.com,Male,22,Computer Science,93.1,64,74,50.0,64.1,69,50,65.5,D,11,yes,Associate,high,5
4340,Evan,Jenkins,evan.jenkins4340@email.com,Female,18,Psychology,68.8,88,85,91.1,76.4,75,74,84.6,B,10,yes,Master's,medium,5
4341,Noah,Shaw,noah.shaw4341@email.com,Male,21,Engineering,85.4,72,73,73.3,56.9,70,76,72.1,C-,10,yes,High School,medium,4
4342,Daniel,Guerrero,daniel.guerrero4342@email.com,Female,21,Mathematics,91.2,99,87,91.6,74.9,72,74,88.5,B+,13,yes,Master's,medium,6
4343,Patricia,Brown,patricia.brown4343@email.com,Female,22,Psychology,89.6,43,57,50.0,50.0,60,50,51.2,F,13,yes,Associate,medium,8
4344,Jonathan,Fleming,jonathan.fleming4344@email.com,Female,18,Psychology,93.4,66,72,76.8,64.2,79,70,70.5,C-,18,no,High School,low,6
4345,Maxwell,Reed,maxwell.reed4345@email.com,Male,20,Chemistry,78.7,55,53,61.5,50.0,60,54,54.8,F,9,no,Associate,low,6
4346,Alicia,Garza,alicia.garza4346@email.com,Male,23,History,68.6,40,40,50.0,57.1,60,50,43.9,F,11,yes,Master's,medium,8
4347,Juan,Bailey,juan.bailey4347@email.com,Female,19,Biology,81.6,87,89,74.1,89.2,67,87,85.7,B,16,no,Doctorate,high,4
4348,Thomas,Odom,thomas.odom4348@email.com,Female,20,Mathematics,80.9,46,60,71.3,51.5,60,73,57.9,F,9,yes,Associate,low,7
4349,Timothy,Griffith,timothy.griffith4349@email.com,Male,20,Mathematics,93.9,80,73,91.3,91.8,69,70,77.4,C+,13,yes,Associate,medium,6
4350,Daniel,Martinez,daniel.martinez4350@email.com,Male,19,Computer Science,87.6,71,80,71.2,80.4,77,50,73.4,C,10,yes,Bachelor's,high,3
4351,Shelly,Atkins,shelly.atkins4351@email.com,Female,22,Engineering,97.3,72,78,88.8,82.4,83,86,78.6,C+,15,yes,Associate,medium,5
4352,Tiffany,Turner,tiffany.turner4352@email.com,Male,24,Engineering,100.0,76,69,82.9,91.3,60,76,73.9,C,10,yes,High School,medium,4
4353,Christy,Smith,christy.smith4353@email.com,Female,24,English Literature,77.6,70,85,78.4,75.5,80,75,78.1,C+,6,yes,Master's,medium,5
4354,Karen,Molina,karen.molina4354@email.com,Male,21,Computer Science,69.6,80,71,72.9,80.5,60,59,72.6,C-,15,yes,Associate,medium,3
4355,James,Brown,james.brown4355@email.com,Male,20,Economics,90.6,86,93,84.3,76.9,62,83,86.7,B,8,yes,Bachelor's,medium,1
4356,Andrea,Ward,andrea.ward4356@email.com,Female,22,History,62.5,81,76,80.8,88.5,67,74,78.0,C+,15,yes,High School,low,3
4357,Cindy,Ellis,cindy.ellis4357@email.com,Male,24,Chemistry,86.4,78,77,83.7,73.7,61,86,78.0,C+,17,yes,High School,medium,6
4358,Cynthia,Jackson,cynthia.jackson4358@email.com,Male,21,History,73.0,79,86,88.6,73.5,83,74,82.3,B-,12,yes,Bachelor's,low,2
4359,Lauren,Smith,lauren.smith4359@email.com,Female,21,Business,100.0,66,70,70.9,69.0,60,63,67.7,D,11,no,Bachelor's,medium,6
4360,Sarah,Cunningham,sarah.cunningham4360@email.com,Female,20,English Literature,69.1,40,40,50.0,50.0,60,50,43.5,F,12,no,High School,low,8
4361,Tiffany,Romero,tiffany.romero4361@email.com,Female,20,History,86.8,72,56,70.1,61.0,69,65,64.1,D,9,yes,High School,medium,4
4362,Brian,Pierce,brian.pierce4362@email.com,Female,21,Business,84.5,55,70,68.0,68.3,60,66,64.3,D,12,yes,Bachelor's,medium,5
4363,Carla,Foster,carla.foster4363@email.com,Male,19,Business,85.5,67,71,78.6,56.2,73,66,69.5,D,13,no,Doctorate,high,4
4364,Jonathan,Macias,jonathan.macias4364@email.com,Male,22,Physics,88.9,82,82,75.7,93.7,74,73,80.7,B-,13,yes,Doctorate,medium,5
4365,Deborah,Bailey,deborah.bailey4365@email.com,Female,24,Psychology,77.9,61,55,50.0,50.0,60,50,55.8,F,17,yes,Associate,medium,5
4366,David,Lane,david.lane4366@email.com,Male,23,Chemistry,72.7,71,84,87.0,82.0,64,84,79.3,C+,10,yes,Associate,medium,8
4367,Sarah,Carey,sarah.carey4367@email.com,Female,19,History,80.5,63,40,50.0,50.0,60,50,50.4,F,11,yes,High School,medium,7
4368,Benjamin,Costa,benjamin.costa4368@email.com,Female,23,Computer Science,98.9,69,81,91.9,67.7,86,96,79.6,C+,12,yes,Bachelor's,low,6
4369,Todd,Stevens,todd.stevens4369@email.com,Female,21,Mathematics,89.0,54,78,92.9,61.9,60,63,69.1,D,13,yes,Master's,high,7
4370,Michael,Nielsen,michael.nielsen4370@email.com,Male,24,Computer Science,90.2,84,85,89.8,86.2,64,73,83.0,B,20,no,High School,low,6
4371,Amber,Diaz,amber.diaz4371@email.com,Female,20,Economics,87.8,84,90,80.1,85.9,88,83,86.3,B,7,yes,Associate,high,6
4372,Christian,Gibson,christian.gibson4372@email.com,Female,20,Computer Science,75.5,69,73,74.2,81.5,74,76,72.8,C-,11,yes,Master's,high,5
4373,Yolanda,Gaines,yolanda.gaines4373@email.com,Male,23,English Literature,85.6,71,81,89.4,89.3,70,97,80.4,B-,12,yes,Master's,high,2
4374,Cory,Wilson,cory.wilson4374@email.com,Male,21,Economics,84.5,60,79,97.8,78.0,87,71,74.9,C,17,yes,Master's,high,4
4375,Jonathan,Mcguire,jonathan.mcguire4375@email.com,Male,18,Chemistry,80.9,77,56,64.4,61.4,60,53,63.4,D,12,yes,Bachelor's,medium,5
4376,Sarah,Oconnell,sarah.oconnell4376@email.com,Female,19,Mathematics,70.4,40,40,50.0,50.0,60,50,43.5,F,11,yes,High School,high,7
4377,Jennifer,Snow,jennifer.snow4377@email.com,Female,21,Computer Science,77.2,69,82,69.6,72.9,71,58,73.5,C,18,yes,Bachelor's,medium,3
4378,Lawrence,Patton,lawrence.patton4378@email.com,Female,23,English Literature,83.8,71,79,84.5,73.9,98,61,76.1,C,12,yes,Master's,medium,6
4379,Natalie,Stewart,natalie.stewart4379@email.com,Male,24,Economics,100.0,83,65,72.8,72.1,64,59,71.0,C-,11,no,Doctorate,high,5
4380,Tammy,Lee,tammy.lee4380@email.com,Female,23,Economics,95.3,90,86,93.1,86.3,77,75,86.5,B,12,yes,Bachelor's,low,4
4381,Mark,Warren,mark.warren4381@email.com,Female,24,Chemistry,87.2,83,92,98.6,79.7,100,92,89.8,B+,14,yes,Bachelor's,medium,3
4382,Leslie,Odom,leslie.odom4382@email.com,Male,23,History,68.8,59,42,57.7,61.2,60,50,51.3,F,10,yes,Doctorate,high,8
4383,David,Spencer,david.spencer4383@email.com,Female,18,Psychology,96.7,62,72,78.5,62.2,64,62,67.9,D,7,yes,Bachelor's,high,9
4384,Toni,White,toni.white4384@email.com,Male,24,Computer Science,88.0,69,74,75.9,64.1,60,62,70.4,C-,13,yes,High School,low,6
4385,Jacob,Flores,jacob.flores4385@email.com,Female,19,Chemistry,74.2,77,56,57.9,65.1,60,67,64.3,D,16,yes,High School,medium,6
4386,Phillip,Mendoza,phillip.mendoza4386@email.com,Male,23,Physics,86.1,94,75,90.9,75.8,78,90,84.0,B,13,yes,High School,medium,4
4387,Justin,Hamilton,justin.hamilton4387@email.com,Female,22,Engineering,88.8,86,82,78.0,83.6,77,90,83.5,B,8,yes,Bachelor's,medium,7
4388,Brittany,Roberson,brittany.roberson4388@email.com,Male,21,Economics,90.3,76,78,76.3,73.1,60,85,76.8,C,16,yes,Master's,high,4
4389,John,Suarez,john.suarez4389@email.com,Female,24,Mathematics,69.0,79,67,98.6,72.1,79,76,75.6,C,16,yes,Associate,medium,5
4390,Steven,Pugh,steven.pugh4390@email.com,Male,22,Psychology,73.1,67,85,83.9,79.5,60,75,77.0,C+,14,yes,Associate,medium,4
4391,Alexandra,Garcia,alexandra.garcia4391@email.com,Female,18,English Literature,83.3,40,44,50.0,50.0,60,50,45.1,F,16,no,Associate,medium,4
4392,Edward,Barnett,edward.barnett4392@email.com,Female,18,Physics,94.3,83,70,80.8,82.6,87,84,77.9,C+,11,yes,Associate,medium,6
4393,Brianna,Gray,brianna.gray4393@email.com,Male,18,History,71.9,53,60,60.9,58.1,69,62,58.6,F,18,no,Associate,medium,6
4394,Jaclyn,Chase,jaclyn.chase4394@email.com,Male,21,Psychology,82.5,64,82,81.6,72.4,61,86,75.5,C,14,yes,Master's,high,5
4395,Heather,Fields,heather.fields4395@email.com,Male,21,Psychology,67.6,59,44,50.0,51.1,60,50,50.9,F,7,yes,Master's,low,6
4396,Jill,Beck,jill.beck4396@email.com,Male,19,Chemistry,79.7,77,52,74.1,69.2,91,79,67.3,D,12,yes,Associate,medium,9
4397,Craig,Palmer,craig.palmer4397@email.com,Female,19,History,79.4,80,77,94.9,81.3,79,67,79.1,C+,12,yes,Master's,medium,4
4398,Tony,Russo,tony.russo4398@email.com,Female,18,Mathematics,79.8,75,77,87.1,83.7,74,68,76.7,C,6,no,High School,low,5
4399,Timothy,Mccarty,timothy.mccarty4399@email.com,Female,22,Political Science,82.4,78,79,62.4,72.0,70,71,75.5,C,12,no,Master's,medium,5
4400,Elizabeth,Soto,elizabeth.soto4400@email.com,Female,24,Business,86.9,74,66,69.4,72.9,82,78,71.2,C-,12,yes,Bachelor's,medium,3
4401,Anthony,Wagner,anthony.wagner4401@email.com,Female,19,Computer Science,81.3,40,40,55.5,50.0,60,50,44.0,F,12,yes,Associate,low,6
4402,Rebecca,Adams,rebecca.adams4402@email.com,Male,18,Engineering,92.2,94,87,90.8,76.1,62,74,86.4,B,17,yes,High School,medium,6
4403,Jessica,Thompson,jessica.thompson4403@email.com,Female,24,Engineering,91.1,43,40,50.0,51.2,60,50,44.5,F,10,yes,High School,medium,6
4404,Kelly,Brown,kelly.brown4404@email.com,Female,19,History,86.7,68,57,63.8,50.0,60,51,60.3,D,15,yes,Master's,medium,10
4405,Brandon,Frederick,brandon.frederick4405@email.com,Female,23,Biology,99.3,79,92,92.5,82.9,60,77,84.6,B,14,yes,High School,medium,4
4406,Kiara,Blankenship,kiara.blankenship4406@email.com,Male,20,Biology,81.3,56,62,56.0,50.0,60,54,58.1,F,10,no,Bachelor's,medium,4
4407,Angela,Bush,angela.bush4407@email.com,Male,21,History,88.7,99,77,84.9,84.4,63,61,82.5,B-,11,no,Associate,low,2
4408,Alexis,Evans,alexis.evans4408@email.com,Female,18,Business,71.6,40,55,50.0,53.7,60,50,49.7,F,17,yes,Doctorate,medium,7
4409,Tasha,Campbell,tasha.campbell4409@email.com,Female,21,History,78.4,41,40,59.3,50.0,60,50,44.7,F,16,yes,Associate,medium,6
4410,Erin,Kelly,erin.kelly4410@email.com,Male,21,Engineering,99.9,56,69,65.0,51.7,62,64,63.0,D,15,yes,High School,low,5
4411,Cole,Estes,cole.estes4411@email.com,Male,22,History,92.2,56,65,60.7,57.4,60,57,60.5,D,8,yes,Doctorate,high,9
4412,Randy,Black,randy.black4412@email.com,Male,23,Chemistry,100.0,50,55,50.0,56.3,60,50,52.8,F,15,yes,Doctorate,medium,4
4413,Melissa,Douglas,melissa.douglas4413@email.com,Male,18,Physics,100.0,94,91,91.2,79.1,60,71,87.8,B+,10,yes,High School,medium,3
4414,Rachel,Wood,rachel.wood4414@email.com,Male,23,Psychology,92.8,89,73,66.2,66.8,60,86,77.5,C+,17,no,Master's,medium,6
4415,Kayla,Smith,kayla.smith4415@email.com,Female,22,Mathematics,79.9,57,49,71.9,71.1,60,50,55.4,F,5,yes,High School,high,9
4416,Virginia,Brown,virginia.brown4416@email.com,Female,24,Chemistry,82.4,70,73,97.8,79.3,86,82,76.5,C,10,yes,High School,medium,5
4417,Jason,Hall,jason.hall4417@email.com,Female,20,Political Science,81.0,78,65,64.5,72.9,60,79,70.5,C-,15,yes,High School,low,4
4418,Stephanie,Joyce,stephanie.joyce4418@email.com,Female,19,Biology,86.9,47,40,50.0,50.0,60,54,46.0,F,6,yes,Associate,medium,4
4419,Joshua,Hanson,joshua.hanson4419@email.com,Male,20,Business,88.2,88,80,93.6,88.5,84,75,84.0,B,12,yes,High School,medium,6
4420,Melissa,Williams,melissa.williams4420@email.com,Male,21,Political Science,83.6,48,45,58.6,70.0,60,51,49.9,F,13,yes,High School,low,8
4421,Kathleen,Barr,kathleen.barr4421@email.com,Female,20,Business,85.6,65,46,65.5,50.0,60,67,56.7,F,8,yes,Bachelor's,high,6
4422,Sherry,Mclaughlin,sherry.mclaughlin4422@email.com,Female,20,Political Science,83.8,99,79,89.0,89.4,79,66,85.4,B,9,yes,Associate,low,5
4423,Christine,Rivera,christine.rivera4423@email.com,Female,21,History,87.5,59,86,81.9,85.4,81,80,76.7,C,16,no,Bachelor's,medium,3
4424,Gary,Adkins,gary.adkins4424@email.com,Male,23,Economics,64.1,77,66,70.9,66.5,60,50,67.9,D,5,yes,Master's,medium,8
4425,Krista,Mills,krista.mills4425@email.com,Male,22,Business,83.2,84,81,83.7,73.8,84,73,81.2,B-,14,yes,Bachelor's,medium,2
4426,Brandon,Robinson,brandon.robinson4426@email.com,Male,24,Biology,87.1,67,59,57.4,62.9,60,65,62.1,D,12,yes,High School,low,5
4427,Matthew,Johnson,matthew.johnson4427@email.com,Male,22,Physics,95.7,58,63,73.4,62.5,68,55,62.1,D,13,no,Master's,high,6
4428,Deanna,Frazier,deanna.frazier4428@email.com,Female,24,English Literature,87.4,75,66,78.3,70.4,66,55,69.2,D,13,yes,Associate,medium,7
4429,Tracy,Hoffman,tracy.hoffman4429@email.com,Female,18,History,98.2,40,47,63.5,50.0,60,56,48.3,F,10,yes,Bachelor's,medium,8
4430,Marissa,Duke,marissa.duke4430@email.com,Male,19,Political Science,68.3,52,51,57.4,59.9,65,57,53.8,F,5,yes,Bachelor's,high,7
4431,Wendy,Johnson,wendy.johnson4431@email.com,Female,20,Biology,85.1,66,75,77.1,72.6,61,81,72.4,C-,8,no,Bachelor's,high,3
4432,Douglas,Delgado,douglas.delgado4432@email.com,Female,20,Political Science,89.4,85,81,90.6,79.4,76,92,84.0,B,13,yes,High School,high,5
4433,Elizabeth,Bell,elizabeth.bell4433@email.com,Female,21,History,85.1,78,67,79.3,67.1,61,64,71.0,C-,11,yes,High School,low,4
4434,Debbie,Hall,debbie.hall4434@email.com,Male,21,Engineering,99.7,66,72,81.6,80.9,78,71,71.9,C-,5,yes,High School,low,7
4435,David,Norman,david.norman4435@email.com,Male,18,Computer Science,96.2,50,73,72.5,79.2,60,80,66.4,D,15,yes,Master's,high,7
4436,Joe,Welch,joe.welch4436@email.com,Female,23,Physics,93.8,75,71,85.6,79.8,67,78,74.6,C,16,yes,Associate,medium,3
4437,Amber,Matthews,amber.matthews4437@email.com,Male,22,Chemistry,84.1,52,64,65.3,83.2,66,69,62.2,D,8,yes,Associate,low,6
4438,Brett,Thomas,brett.thomas4438@email.com,Female,19,English Literature,90.2,74,87,84.7,74.6,85,66,80.1,B-,7,yes,Associate,medium,2
4439,Kevin,Gonzalez,kevin.gonzalez4439@email.com,Female,20,Physics,85.3,74,71,75.7,67.2,62,72,71.9,C-,10,yes,Associate,medium,3
4440,Diamond,Carter,diamond.carter4440@email.com,Male,22,Engineering,83.2,49,61,62.9,59.4,60,54,56.8,F,12,yes,Associate,medium,6
4441,Natalie,Glover,natalie.glover4441@email.com,Female,22,History,85.1,66,67,89.2,80.7,70,88,72.0,C-,12,yes,Associate,low,5
4442,George,Williams,george.williams4442@email.com,Male,18,Computer Science,62.8,79,59,74.7,88.1,64,64,68.8,D,11,yes,Bachelor's,medium,6
4443,Cynthia,Phillips,cynthia.phillips4443@email.com,Female,22,Mathematics,85.7,75,52,74.5,67.3,61,73,64.6,D,14,yes,Doctorate,low,8
4444,Jason,Green,jason.green4444@email.com,Female,20,Mathematics,84.3,61,60,50.0,60.8,60,63,59.7,F,11,yes,Master's,low,3
4445,Carol,Le,carol.le4445@email.com,Female,22,English Literature,88.8,93,74,88.7,85.8,68,84,82.5,B-,13,no,Master's,high,3
4446,Arthur,King,arthur.king4446@email.com,Female,19,Business,69.3,78,81,88.3,72.0,71,64,78.3,C+,10,yes,High School,medium,5
4447,Steven,Bradshaw,steven.bradshaw4447@email.com,Female,24,Biology,75.6,77,73,81.8,76.4,84,87,77.2,C+,17,yes,Bachelor's,low,5
4448,Susan,Ramsey,susan.ramsey4448@email.com,Female,20,Chemistry,100.0,76,64,85.2,78.5,70,76,72.0,C-,16,yes,Associate,medium,3
4449,Jill,Johnson,jill.johnson4449@email.com,Female,18,Chemistry,75.9,51,59,50.0,50.0,60,53,54.7,F,8,yes,High School,medium,8
4450,Elizabeth,Garcia,elizabeth.garcia4450@email.com,Female,21,Biology,82.0,55,57,60.3,68.2,70,54,57.7,F,12,no,Doctorate,medium,5
4451,Jeffrey,Berry,jeffrey.berry4451@email.com,Male,21,Economics,71.4,68,81,80.8,76.0,68,85,76.6,C,11,yes,High School,high,6
4452,Johnny,Gibson,johnny.gibson4452@email.com,Male,23,Physics,85.5,71,56,72.5,74.2,60,68,64.5,D,11,yes,Bachelor's,high,7
4453,Dawn,Pearson,dawn.pearson4453@email.com,Female,19,Business,85.4,62,55,59.1,57.3,60,50,57.4,F,5,yes,Master's,medium,6
4454,Evan,Saunders,evan.saunders4454@email.com,Male,23,Business,85.6,40,42,52.5,50.0,60,50,44.6,F,5,no,Associate,medium,7
4455,David,Hughes,david.hughes4455@email.com,Male,22,Business,69.6,65,45,50.0,64.8,60,50,53.7,F,15,yes,Bachelor's,medium,5
4456,Robert,Howell,robert.howell4456@email.com,Female,18,Physics,84.3,63,69,65.9,61.7,60,65,65.8,D,7,yes,High School,high,7
4457,Hannah,Gonzalez,hannah.gonzalez4457@email.com,Female,21,Mathematics,81.4,95,64,89.8,76.8,69,70,77.5,C+,13,yes,Associate,high,4
4458,Wendy,Walker,wendy.walker4458@email.com,Male,23,Biology,77.6,43,45,50.3,55.7,60,50,46.7,F,11,yes,Bachelor's,low,6
4459,Krista,Alvarez,krista.alvarez4459@email.com,Female,23,Business,87.5,50,70,64.7,67.4,62,64,62.4,D,16,yes,Bachelor's,high,7
4460,Kyle,Moore,kyle.moore4460@email.com,Female,24,Biology,80.7,50,56,50.0,50.0,60,51,53.1,F,9,yes,Bachelor's,medium,6
4461,Sarah,Powell,sarah.powell4461@email.com,Male,24,Business,82.3,80,83,89.6,88.5,79,90,83.6,B,15,yes,High School,low,4
4462,Alexandra,Cortez,alexandra.cortez4462@email.com,Female,18,Political Science,80.4,84,85,74.7,68.8,85,85,83.0,B-,5,yes,High School,high,4
4463,Joel,Knox,joel.knox4463@email.com,Female,18,Economics,84.2,57,52,52.1,52.6,66,50,54.0,F,8,yes,Bachelor's,medium,5
4464,Maria,Atkins,maria.atkins4464@email.com,Male,21,Computer Science,71.0,76,82,74.3,67.5,63,71,76.8,C,11,yes,Doctorate,medium,6
4465,Amy,Perkins,amy.perkins4465@email.com,Male,22,Engineering,71.0,40,40,50.0,50.0,60,50,43.5,F,12,no,Bachelor's,medium,5
4466,Alan,Gomez,alan.gomez4466@email.com,Female,18,Psychology,83.1,48,50,57.3,50.0,60,50,50.6,F,14,no,Doctorate,medium,8
4467,Julie,Nichols,julie.nichols4467@email.com,Male,22,Physics,89.2,91,82,88.8,76.1,72,80,84.5,B,20,yes,Associate,high,4
4468,Joshua,Garcia,joshua.garcia4468@email.com,Female,24,Psychology,100.0,40,59,65.8,50.9,62,74,55.3,F,9,yes,Doctorate,high,6
4469,Paul,Howard,paul.howard4469@email.com,Female,20,Psychology,87.1,63,79,78.1,64.9,73,78,73.0,C,5,yes,Bachelor's,low,4
4470,Matthew,Walker,matthew.walker4470@email.com,Female,18,Mathematics,96.9,79,72,74.8,75.1,82,73,75.2,C,5,yes,Associate,medium,7
4471,Lori,Burnett,lori.burnett4471@email.com,Male,21,Political Science,100.0,46,57,60.0,66.1,60,55,54.4,F,10,yes,High School,low,9
4472,Sue,Higgins,sue.higgins4472@email.com,Male,19,Economics,100.0,40,53,50.0,50.0,63,63,50.2,F,11,yes,Bachelor's,low,7
4473,Deborah,Martin,deborah.martin4473@email.com,Female,19,Chemistry,79.1,61,81,74.7,68.4,66,63,71.3,C-,13,no,High School,low,5
4474,Robin,Jones,robin.jones4474@email.com,Female,20,Economics,91.0,76,57,69.8,55.7,76,61,65.4,D,13,yes,Associate,low,4
4475,Tracie,Martin,tracie.martin4475@email.com,Male,23,Chemistry,87.1,85,77,81.0,77.9,61,76,79.0,C+,17,yes,Doctorate,high,3
4476,Taylor,Roberts,taylor.roberts4476@email.com,Male,21,Biology,84.3,57,58,51.4,52.7,60,65,57.7,F,17,yes,Associate,low,4
4477,Jessica,Mcfarland,jessica.mcfarland4477@email.com,Male,21,Economics,99.5,53,73,84.2,83.0,82,100,71.8,C-,8,yes,Associate,medium,3
4478,Diane,Flores,diane.flores4478@email.com,Female,19,Computer Science,92.9,53,46,50.0,50.0,60,50,49.8,F,5,yes,Master's,low,7
4479,Paul,Gonzalez,paul.gonzalez4479@email.com,Female,20,Biology,76.0,46,40,50.0,50.0,60,50,45.3,F,9,yes,Associate,medium,6
4480,Susan,Perez,susan.perez4480@email.com,Female,21,Chemistry,94.8,58,50,61.0,50.0,60,50,54.0,F,9,no,Master's,medium,8
4481,Tricia,Medina,tricia.medina4481@email.com,Male,19,Engineering,83.2,80,77,73.3,76.4,74,84,78.1,C+,10,no,High School,low,5
4482,Megan,Gibson,megan.gibson4482@email.com,Female,20,Biology,73.1,55,61,72.7,64.3,60,62,60.6,D,11,yes,Bachelor's,medium,7
4483,Philip,Taylor,philip.taylor4483@email.com,Female,22,English Literature,90.8,55,65,83.0,60.2,60,57,62.6,D,11,yes,Master's,high,6
4484,Cynthia,Winters,cynthia.winters4484@email.com,Male,24,Psychology,88.4,62,40,54.3,50.0,60,50,50.5,F,9,yes,Bachelor's,medium,7
4485,Zachary,Mora,zachary.mora4485@email.com,Male,23,Physics,94.1,80,82,86.3,72.5,78,71,80.1,B-,13,yes,Bachelor's,medium,5
4486,Peter,Howard,peter.howard4486@email.com,Male,21,Psychology,70.6,78,62,67.9,50.0,66,50,65.8,D,13,yes,High School,low,7
4487,Paul,Peterson,paul.peterson4487@email.com,Female,18,English Literature,92.6,40,40,50.0,50.0,60,50,43.5,F,15,yes,High School,low,7
4488,Bailey,Rivera,bailey.rivera4488@email.com,Female,19,Chemistry,84.7,71,72,63.2,83.7,60,64,70.1,C-,13,yes,Bachelor's,medium,5
4489,Shawn,Tucker,shawn.tucker4489@email.com,Male,23,Engineering,100.0,82,82,75.4,93.5,73,74,80.8,B-,5,yes,Associate,medium,6
4490,Elizabeth,Clark,elizabeth.clark4490@email.com,Male,19,Computer Science,65.4,57,66,66.1,63.9,64,50,61.5,D,10,no,Bachelor's,low,8
4491,Krystal,Garcia,krystal.garcia4491@email.com,Male,20,Computer Science,80.5,40,40,50.0,50.0,60,50,43.5,F,12,yes,Doctorate,medium,7
4492,Amy,Stafford,amy.stafford4492@email.com,Male,21,Chemistry,78.6,56,48,55.0,55.0,60,52,52.5,F,9,yes,Bachelor's,medium,7
4493,Megan,Alvarez,megan.alvarez4493@email.com,Male,21,Biology,73.5,72,46,58.1,50.0,60,50,56.3,F,9,no,Associate,medium,6
4494,Mark,Lopez,mark.lopez4494@email.com,Male,24,Biology,72.8,77,44,60.6,55.4,60,50,57.5,F,10,yes,Master's,low,4
4495,Emma,Lee,emma.lee4495@email.com,Male,19,Economics,89.0,57,55,79.4,60.5,60,54,58.5,F,9,yes,Master's,low,7
4496,Amanda,Thomas,amanda.thomas4496@email.com,Female,24,Psychology,87.1,56,58,64.9,50.0,71,50,57.6,F,9,no,Bachelor's,medium,7
4497,Diane,Edwards,diane.edwards4497@email.com,Male,21,Business,90.6,92,73,79.9,59.1,63,68,77.8,C+,9,yes,High School,medium,5
4498,Jeremy,Berry,jeremy.berry4498@email.com,Female,21,Biology,84.8,42,50,54.7,58.4,60,56,49.6,F,12,yes,Doctorate,high,6
4499,Jessica,Franklin,jessica.franklin4499@email.com,Female,20,Biology,82.2,65,83,84.6,84.8,77,83,77.6,C+,14,yes,Master's,medium,2
4500,Patricia,Farmer,patricia.farmer4500@email.com,Male,21,Economics,91.8,70,74,92.9,77.7,60,79,74.8,C,15,yes,Master's,high,2
4501,Rebecca,Brooks,rebecca.brooks4501@email.com,Female,18,History,87.1,46,47,56.3,50.0,60,61,49.9,F,6,yes,Associate,medium,7
4502,Allison,Trevino,allison.trevino4502@email.com,Male,22,Computer Science,80.0,74,74,83.2,62.2,74,76,74.6,C,14,yes,Bachelor's,medium,7
4503,Lisa,Diaz,lisa.diaz4503@email.com,Female,19,Physics,87.8,79,86,92.1,84.4,81,73,83.0,B-,17,yes,High School,medium,4
4504,Mike,Smith,mike.smith4504@email.com,Female,22,Economics,97.3,54,76,59.9,73.1,60,58,65.1,D,19,yes,Associate,medium,6
4505,Stephanie,Ramsey,stephanie.ramsey4505@email.com,Female,22,History,83.0,64,74,70.2,52.4,62,64,68.1,D,9,yes,Associate,medium,9
4506,Heather,Gordon,heather.gordon4506@email.com,Male,24,Political Science,87.9,57,65,76.0,65.0,70,82,65.7,D,6,yes,Associate,medium,6
4507,Crystal,Rosario,crystal.rosario4507@email.com,Female,19,Psychology,80.0,54,58,50.2,64.5,61,62,57.0,F,5,yes,High School,medium,6
4508,Janet,Armstrong,janet.armstrong4508@email.com,Female,21,Engineering,91.7,72,65,75.3,67.2,67,53,67.2,D,12,yes,Associate,low,7
4509,Justin,Holder,justin.holder4509@email.com,Male,21,Biology,79.2,43,50,55.3,50.0,60,61,50.1,F,5,yes,High School,medium,6
4510,James,Bryan,james.bryan4510@email.com,Male,23,Political Science,100.0,40,58,52.5,59.0,64,50,51.7,F,8,yes,Bachelor's,high,7
4511,Amy,Jones,amy.jones4511@email.com,Female,22,Political Science,85.1,59,59,59.6,57.5,60,55,58.7,F,15,yes,High School,low,8
4512,Rebecca,Young,rebecca.young4512@email.com,Male,20,Economics,65.8,40,64,50.0,50.0,60,50,53.1,F,5,yes,Bachelor's,medium,8
4513,Andrea,Houston,andrea.houston4513@email.com,Male,22,Economics,80.7,60,72,74.6,68.4,60,69,67.7,D,19,yes,Associate,low,8
4514,Erica,Ford,erica.ford4514@email.com,Male,19,Mathematics,80.0,69,81,79.6,80.6,87,74,77.0,C,12,no,Doctorate,high,5
4515,Andrew,Proctor,andrew.proctor4515@email.com,Female,23,Computer Science,94.5,86,80,89.8,86.3,75,77,82.7,B-,12,yes,Master's,medium,4
4516,Dwayne,Martin,dwayne.martin4516@email.com,Male,21,Mathematics,90.9,59,68,70.0,68.2,73,57,64.8,D,12,no,Bachelor's,medium,7
4517,Aaron,Bell,aaron.bell4517@email.com,Male,24,Political Science,90.0,56,72,69.7,61.4,67,57,64.8,D,12,yes,Master's,medium,7
4518,Matthew,Macdonald,matthew.macdonald4518@email.com,Male,24,Mathematics,91.2,56,60,84.2,59.9,67,71,62.7,D,12,yes,Bachelor's,low,7
4519,Thomas,Gilmore,thomas.gilmore4519@email.com,Male,22,Mathematics,85.0,55,62,60.9,59.2,60,67,60.1,D,19,no,Master's,low,10
4520,Joshua,Lopez,joshua.lopez4520@email.com,Male,22,Engineering,86.5,68,72,88.0,84.6,87,95,76.1,C,5,yes,Associate,medium,5
4521,Jeremy,Macdonald,jeremy.macdonald4521@email.com,Female,20,Business,81.0,73,69,78.8,68.1,72,78,72.3,C-,13,yes,Master's,low,7
4522,Michael,Rodriguez,michael.rodriguez4522@email.com,Female,18,Political Science,98.3,45,40,50.0,50.8,60,50,45.1,F,11,yes,High School,medium,6
4523,Sarah,Park,sarah.park4523@email.com,Male,21,Biology,84.5,62,59,79.8,61.7,60,67,63.1,D,15,yes,High School,low,7
4524,Abigail,Barnes,abigail.barnes4524@email.com,Male,20,Biology,75.2,80,72,76.1,85.5,66,79,76.0,C,5,yes,Bachelor's,low,4
4525,Kelsey,Reid,kelsey.reid4525@email.com,Female,20,Chemistry,73.2,48,51,50.0,52.9,60,51,50.6,F,10,yes,Bachelor's,medium,9
4526,Rebecca,Norris,rebecca.norris4526@email.com,Male,23,History,87.4,99,99,85.2,95.9,72,74,93.6,A,14,no,High School,medium,1
4527,Brent,Johns,brent.johns4527@email.com,Female,20,Biology,86.2,73,55,67.9,73.1,60,76,65.0,D,12,yes,Bachelor's,medium,6
4528,Carrie,Knox,carrie.knox4528@email.com,Male,24,Physics,79.7,83,77,70.6,71.8,66,80,77.8,C+,7,no,Associate,medium,6
4529,Joshua,Phillips,joshua.phillips4529@email.com,Female,19,English Literature,69.8,73,78,76.1,61.6,60,53,72.1,C-,15,yes,High School,medium,3
4530,Gabriel,Gonzales,gabriel.gonzales4530@email.com,Male,20,Political Science,78.9,82,66,89.7,81.3,74,81,75.9,C,15,yes,High School,medium,5
4531,Justin,Welch,justin.welch4531@email.com,Female,24,Mathematics,100.0,61,84,81.8,75.2,72,88,76.3,C,13,yes,Bachelor's,low,5
4532,Patricia,Swanson,patricia.swanson4532@email.com,Female,23,Chemistry,75.0,56,50,65.3,81.7,85,69,58.6,F,7,yes,Bachelor's,high,5
4533,Anthony,Chapman,anthony.chapman4533@email.com,Female,18,Engineering,74.2,54,46,56.4,50.0,60,53,51.1,F,14,yes,Master's,medium,8
4534,Troy,Anderson,troy.anderson4534@email.com,Male,24,Business,74.1,68,63,76.7,65.7,85,67,67.5,D,5,yes,Master's,medium,6
4535,Nina,Humphrey,nina.humphrey4535@email.com,Female,24,Business,85.4,77,85,89.9,74.7,82,75,81.5,B-,9,yes,High School,low,5
4536,Cody,Hamilton,cody.hamilton4536@email.com,Female,18,Chemistry,85.0,81,74,89.5,72.1,84,79,78.6,C+,11,yes,High School,low,6
4537,William,Atkinson,william.atkinson4537@email.com,Male,18,Political Science,89.0,67,94,74.4,66.7,69,84,80.4,B-,17,yes,Doctorate,high,4
4538,Daniel,Collins,daniel.collins4538@email.com,Male,22,Biology,74.3,78,56,73.5,69.8,65,56,65.6,D,15,no,Associate,low,6
4539,Regina,Vazquez,regina.vazquez4539@email.com,Female,24,Engineering,87.6,64,70,85.0,80.6,60,61,68.8,D,15,yes,Master's,medium,7
4540,Clayton,Huff,clayton.huff4540@email.com,Female,19,History,91.7,40,49,55.2,58.9,78,50,49.0,F,10,yes,Bachelor's,medium,4
4541,Michael,Hall,michael.hall4541@email.com,Male,18,Chemistry,97.3,61,55,50.3,50.0,60,59,56.8,F,5,yes,Bachelor's,medium,8
4542,Vicki,Ochoa,vicki.ochoa4542@email.com,Female,20,Business,83.4,65,82,85.6,71.0,72,95,77.6,C+,14,yes,Associate,medium,5
4543,Shelia,Rogers,shelia.rogers4543@email.com,Male,22,Business,91.0,61,74,82.8,65.4,71,79,71.0,C-,14,yes,Bachelor's,medium,5
4544,Ethan,Horn,ethan.horn4544@email.com,Female,21,Mathematics,74.5,42,61,61.6,50.0,60,56,54.3,F,18,yes,Associate,medium,7
4545,Anthony,Scott,anthony.scott4545@email.com,Male,19,Economics,84.2,72,75,82.9,72.8,65,78,74.7,C,8,yes,Associate,low,6
4546,Aaron,Rivera,aaron.rivera4546@email.com,Male,21,Psychology,77.0,89,79,85.4,83.4,78,83,83.3,B,18,yes,Bachelor's,medium,9
4547,Jessica,Black,jessica.black4547@email.com,Female,21,History,79.1,53,60,50.8,50.0,60,50,55.5,F,7,yes,High School,low,7
4548,Amanda,Smith,amanda.smith4548@email.com,Female,18,Mathematics,79.4,40,40,50.0,50.0,60,50,43.5,F,6,yes,Master's,medium,8
4549,Jimmy,Smith,jimmy.smith4549@email.com,Female,22,Business,91.7,40,53,50.0,50.0,60,50,48.7,F,13,yes,Associate,low,5
4550,Randy,Vincent,randy.vincent4550@email.com,Male,24,Computer Science,88.1,70,63,56.7,54.7,60,75,65.2,D,11,yes,Associate,high,5
4551,Jordan,Fowler,jordan.fowler4551@email.com,Female,20,Psychology,69.8,84,68,85.8,59.2,85,60,74.2,C,14,yes,Master's,high,5
4552,Alexander,Moore,alexander.moore4552@email.com,Male,18,Business,84.6,58,51,64.4,58.8,60,53,55.5,F,16,yes,Doctorate,low,8
4553,Jeanette,Martin,jeanette.martin4553@email.com,Male,21,History,71.8,71,59,66.1,68.8,60,53,63.3,D,11,yes,High School,medium,5
4554,Eric,Taylor,eric.taylor4554@email.com,Male,24,Psychology,74.9,72,70,72.7,76.2,80,87,73.4,C,11,no,Bachelor's,medium,5
4555,Katherine,Jacobs,katherine.jacobs4555@email.com,Male,18,Psychology,86.8,95,77,80.2,86.3,71,67,82.0,B-,11,yes,Associate,medium,1
4556,Deborah,Smith,deborah.smith4556@email.com,Male,20,English Literature,74.9,53,57,57.0,50.0,60,52,55.2,F,19,yes,Associate,medium,8
4557,Eric,Chen,eric.chen4557@email.com,Female,22,History,94.1,78,68,78.6,71.5,73,77,73.4,C,12,yes,High School,low,4
4558,Kathy,Walter,kathy.walter4558@email.com,Male,21,Biology,70.4,69,68,50.0,81.8,60,50,65.0,D,5,no,Bachelor's,low,3
4559,Chelsey,Ramos,chelsey.ramos4559@email.com,Female,20,Mathematics,90.6,99,93,80.2,89.9,70,72,90.1,A,9,yes,High School,medium,3
4560,Ryan,Gonzalez,ryan.gonzalez4560@email.com,Male,18,History,94.3,69,55,63.1,50.0,60,50,59.5,F,9,yes,Bachelor's,high,9
4561,William,Reeves,william.reeves4561@email.com,Male,23,Psychology,60.0,40,48,50.0,50.0,60,57,47.5,F,5,yes,Bachelor's,low,4
4562,Samuel,Long,samuel.long4562@email.com,Female,21,Political Science,77.7,75,66,75.3,59.1,71,71,70.1,C-,8,yes,Associate,medium,3
4563,Anthony,Carlson,anthony.carlson4563@email.com,Male,24,Engineering,74.6,73,84,67.4,64.5,61,66,75.2,C,8,yes,Bachelor's,high,5
4564,Jonathan,Riley,jonathan.riley4564@email.com,Female,19,Chemistry,90.1,73,57,64.2,62.7,60,61,63.4,D,11,yes,Master's,medium,7
4565,Anthony,Wood,anthony.wood4565@email.com,Female,20,Business,69.6,40,43,53.4,55.2,60,60,46.3,F,16,yes,High School,medium,7
4566,Marcus,Williams,marcus.williams4566@email.com,Male,20,Mathematics,84.5,48,41,50.0,50.0,60,50,46.3,F,11,yes,Bachelor's,high,4
4567,Zachary,Gray,zachary.gray4567@email.com,Male,20,Political Science,95.8,60,80,76.4,72.2,60,68,71.1,C-,10,yes,Master's,medium,3
4568,Ross,Craig,ross.craig4568@email.com,Male,22,Engineering,75.8,46,64,61.4,69.8,60,50,57.0,F,11,yes,Associate,medium,6
4569,Pamela,Lopez,pamela.lopez4569@email.com,Female,22,Business,76.2,71,57,79.7,62.6,60,64,64.6,D,11,yes,High School,low,7
4570,Tyler,Knight,tyler.knight4570@email.com,Male,24,Physics,99.3,83,94,78.3,85.8,66,74,85.4,B,9,yes,Associate,high,8
4571,Jennifer,Archer,jennifer.archer4571@email.com,Female,18,Mathematics,83.4,43,40,50.0,50.0,60,50,44.4,F,9,yes,Master's,medium,6
4572,Julia,Mcmahon,julia.mcmahon4572@email.com,Female,22,Political Science,94.3,74,70,64.9,70.7,60,67,70.0,D,11,yes,Associate,high,7
4573,Paul,Rodriguez,paul.rodriguez4573@email.com,Male,19,Engineering,77.1,88,64,82.6,82.4,91,69,75.9,C,14,no,Bachelor's,medium,2
4574,Monica,Perez,monica.perez4574@email.com,Male,23,Mathematics,84.4,75,54,71.2,56.5,60,74,64.5,D,13,yes,Bachelor's,medium,6
4575,Melvin,Dixon,melvin.dixon4575@email.com,Male,23,Engineering,89.2,50,61,72.7,67.5,74,56,59.4,F,6,yes,Associate,low,6
4576,Robert,Richardson,robert.richardson4576@email.com,Female,23,Economics,83.0,88,84,98.7,74.8,60,74,84.1,B,17,yes,Master's,high,4
4577,Kevin,Reyes,kevin.reyes4577@email.com,Female,18,Computer Science,80.8,53,56,56.5,55.5,60,50,54.7,F,15,yes,High School,medium,6
4578,Anthony,Franklin,anthony.franklin4578@email.com,Female,23,Economics,78.2,73,71,59.2,63.5,78,51,68.5,D,11,yes,Bachelor's,medium,4
4579,Louis,Carr,louis.carr4579@email.com,Male,22,Engineering,90.6,80,60,88.2,61.2,71,88,72.3,C-,15,yes,High School,low,7
4580,Eric,Anderson,eric.anderson4580@email.com,Male,22,History,99.0,67,93,84.1,69.6,80,77,81.0,B-,8,yes,Associate,low,5
4581,Travis,Anderson,travis.anderson4581@email.com,Male,23,English Literature,71.9,69,57,61.4,60.1,60,71,62.8,D,19,no,High School,low,8
4582,Barbara,Irwin,barbara.irwin4582@email.com,Male,20,Political Science,74.0,63,58,57.8,69.9,69,82,63.0,D,9,yes,Master's,high,5
4583,David,Wheeler,david.wheeler4583@email.com,Male,18,Psychology,81.0,64,68,77.6,70.5,62,61,67.0,D,6,no,Associate,low,4
4584,Victoria,Ford,victoria.ford4584@email.com,Male,23,Computer Science,88.5,62,73,91.4,78.8,80,62,71.1,C-,5,no,High School,low,2
4585,Erica,Weiss,erica.weiss4585@email.com,Female,20,History,77.0,87,79,81.3,73.9,72,84,81.6,B-,11,yes,High School,medium,3
4586,Jennifer,Bradley,jennifer.bradley4586@email.com,Female,21,Biology,88.5,40,40,50.0,50.0,60,50,43.5,F,10,no,Master's,high,4
4587,Matthew,Davis,matthew.davis4587@email.com,Male,22,Economics,90.8,82,64,86.8,83.0,60,94,75.4,C,13,yes,Associate,medium,1
4588,Jackie,Calderon,jackie.calderon4588@email.com,Female,23,Political Science,98.8,40,59,50.0,50.5,60,59,52.1,F,9,yes,Bachelor's,low,7
4589,Amber,Wallace,amber.wallace4589@email.com,Male,23,History,100.0,61,49,73.6,50.6,60,51,55.9,F,7,yes,Associate,medium,10
4590,Megan,Bailey,megan.bailey4590@email.com,Male,20,Business,92.6,62,67,68.5,64.5,60,63,64.8,D,14,yes,Bachelor's,medium,6
4591,Carol,Salazar,carol.salazar4591@email.com,Female,20,Psychology,93.4,55,90,71.4,61.3,78,72,73.9,C,19,yes,Associate,medium,6
4592,Mia,Mays,mia.mays4592@email.com,Male,22,History,83.2,40,49,51.0,50.0,60,50,47.2,F,16,yes,Bachelor's,medium,6
4593,Daniel,Hartman,daniel.hartman4593@email.com,Male,21,Psychology,88.8,50,40,50.0,50.0,60,50,46.5,F,8,yes,High School,low,7
4594,Keith,Guzman,keith.guzman4594@email.com,Male,21,Physics,90.7,99,89,88.0,83.0,91,78,90.6,A,7,yes,Master's,high,5
4595,Allison,Sanchez,allison.sanchez4595@email.com,Male,23,Computer Science,76.4,57,62,67.4,70.1,60,60,61.2,D,5,yes,High School,low,9
4596,Steven,Jensen,steven.jensen4596@email.com,Female,23,Economics,95.5,99,84,84.6,72.5,69,61,85.0,B,16,yes,Associate,medium,5
4597,Dalton,Jackson,dalton.jackson4597@email.com,Male,18,Engineering,77.9,78,71,86.8,76.5,74,85,76.6,C,6,no,Associate,medium,5
4598,Richard,Munoz,richard.munoz4598@email.com,Female,19,Psychology,80.1,77,66,69.4,65.1,74,50,68.4,D,13,yes,Bachelor's,low,7
4599,Rachel,Hernandez,rachel.hernandez4599@email.com,Male,19,Chemistry,85.7,51,46,53.0,53.3,60,50,49.7,F,13,yes,Associate,high,4
4600,Lisa,Adams,lisa.adams4600@email.com,Male,19,Business,82.1,77,72,75.5,68.9,64,63,72.5,C-,5,yes,Doctorate,high,6
4601,Ray,Jacobs,ray.jacobs4601@email.com,Female,21,Computer Science,80.0,59,57,56.7,66.0,67,50,57.8,F,13,yes,Associate,medium,10
4602,Kelly,Brandt,kelly.brandt4602@email.com,Male,23,Political Science,84.3,49,57,53.7,55.6,60,61,54.8,F,11,yes,Doctorate,high,7
4603,Alicia,Jones,alicia.jones4603@email.com,Male,23,Economics,75.4,70,65,82.5,70.9,60,73,69.1,D,19,yes,High School,medium,7
4604,Hailey,Howard,hailey.howard4604@email.com,Male,19,Business,67.2,83,76,84.1,90.6,60,93,80.6,B-,18,no,Master's,high,6
4605,Jennifer,Taylor,jennifer.taylor4605@email.com,Female,20,Business,81.3,65,68,72.9,62.4,74,61,67.0,D,8,yes,Bachelor's,high,9
4606,William,Wong,william.wong4606@email.com,Female,21,Chemistry,87.7,58,77,65.3,80.9,60,72,69.0,D,12,yes,Bachelor's,low,8
4607,Veronica,Thomas,veronica.thomas4607@email.com,Female,18,Political Science,81.4,71,68,78.7,59.8,60,73,69.7,D,16,yes,High School,low,6
4608,Susan,Garcia,susan.garcia4608@email.com,Female,20,Chemistry,90.8,64,65,61.6,73.3,60,56,63.7,D,14,yes,Doctorate,low,7
4609,Bryan,Odom,bryan.odom4609@email.com,Male,24,Physics,74.5,46,50,55.9,52.7,60,50,50.1,F,10,yes,Bachelor's,medium,8
4610,Karen,Moore,karen.moore4610@email.com,Male,22,History,91.2,80,78,87.4,82.8,69,86,80.2,B-,7,yes,Master's,low,4
4611,Courtney,Norris,courtney.norris4611@email.com,Female,21,Engineering,81.3,42,58,76.6,82.0,60,70,57.6,F,18,yes,Associate,low,10
4612,Michele,Campos,michele.campos4612@email.com,Female,18,Political Science,78.6,79,69,60.8,66.0,73,68,71.2,C-,14,yes,Doctorate,low,4
4613,Melissa,Shaw,melissa.shaw4613@email.com,Male,22,Physics,84.9,50,43,60.0,56.4,60,63,50.4,F,5,yes,High School,low,8
4614,Stacie,Soto,stacie.soto4614@email.com,Male,19,Psychology,83.5,49,74,57.4,60.8,60,69,63.0,D,8,yes,Master's,medium,8
4615,Rebecca,Wang,rebecca.wang4615@email.com,Male,19,History,97.2,69,71,79.7,93.4,69,70,72.2,C-,5,yes,High School,high,3
4616,Ronald,Franklin,ronald.franklin4616@email.com,Female,24,Biology,60.0,48,76,79.7,69.0,66,55,65.1,D,15,yes,Associate,medium,6
4617,Travis,Martinez,travis.martinez4617@email.com,Female,18,Computer Science,76.6,77,73,71.1,76.6,60,71,73.4,C,9,yes,High School,medium,4
4618,Michael,Haney,michael.haney4618@email.com,Male,20,Business,86.5,88,72,82.3,85.7,78,80,79.7,C+,14,yes,Associate,medium,5
4619,Beth,Silva,beth.silva4619@email.com,Male,19,Chemistry,94.0,55,61,61.3,54.8,60,64,59.3,F,5,yes,Doctorate,high,7
4620,Elizabeth,Garcia,elizabeth.garcia4620@email.com,Male,21,English Literature,82.1,78,88,91.2,70.4,61,86,83.0,B-,5,yes,High School,low,5
4621,Danny,Curtis,danny.curtis4621@email.com,Male,18,English Literature,99.2,45,49,66.8,55.4,60,62,51.8,F,13,yes,Associate,low,7
4622,Karen,Davis,karen.davis4622@email.com,Female,24,History,90.5,59,67,81.1,79.4,62,92,69.0,D,12,yes,Doctorate,medium,7
4623,Jasmine,Perry,jasmine.perry4623@email.com,Male,23,Mathematics,71.1,81,72,68.3,71.8,75,78,75.2,C,10,no,Master's,high,4
4624,Jennifer,Clark,jennifer.clark4624@email.com,Male,23,Engineering,73.3,54,61,50.4,57.8,63,63,58.1,F,10,yes,Associate,medium,8
4625,Michael,Cook,michael.cook4625@email.com,Male,18,Chemistry,77.3,57,63,80.3,77.3,67,61,63.7,D,7,yes,Master's,high,8
4626,Kelly,Armstrong,kelly.armstrong4626@email.com,Female,18,Psychology,71.1,93,59,74.1,81.5,99,80,76.0,C,12,yes,Bachelor's,medium,3
4627,Robert,Vasquez,robert.vasquez4627@email.com,Male,18,Psychology,94.2,58,71,66.6,59.8,61,77,66.3,D,12,yes,Doctorate,low,6
4628,Harold,Lynn,harold.lynn4628@email.com,Female,20,Engineering,80.4,40,40,50.0,50.0,60,50,43.5,F,15,yes,Bachelor's,medium,6
4629,April,Duarte,april.duarte4629@email.com,Male,18,Psychology,94.9,56,65,77.2,52.4,60,62,62.4,D,9,yes,High School,medium,4
4630,Richard,Johnson,richard.johnson4630@email.com,Female,21,Political Science,89.8,79,70,84.0,67.5,65,95,76.3,C,14,yes,Bachelor's,medium,3
4631,Michael,Winters,michael.winters4631@email.com,Male,22,Physics,89.0,88,94,87.8,73.9,80,76,88.2,B+,16,yes,Master's,medium,5
4632,Teresa,Russo,teresa.russo4632@email.com,Male,21,Computer Science,93.5,45,65,73.5,62.4,60,78,60.8,D,7,yes,Associate,high,8
4633,Shawna,Adams,shawna.adams4633@email.com,Male,20,Biology,79.5,61,54,50.0,53.4,60,56,56.3,F,9,yes,High School,medium,8
4634,Amy,Mcconnell,amy.mcconnell4634@email.com,Male,22,Computer Science,95.1,79,65,75.2,89.7,74,96,75.1,C,10,yes,High School,low,6
4635,Carl,Fuller,carl.fuller4635@email.com,Male,18,Physics,82.7,41,52,52.1,54.0,60,50,49.0,F,8,no,Bachelor's,medium,6
4636,John,Daniels,john.daniels4636@email.com,Female,22,Engineering,88.0,62,62,72.1,66.0,62,74,64.5,D,5,yes,High School,low,8
4637,Cynthia,Jimenez,cynthia.jimenez4637@email.com,Male,21,Physics,97.2,68,60,68.1,50.0,60,60,62.8,D,18,yes,Bachelor's,high,8
4638,Megan,Gonzalez,megan.gonzalez4638@email.com,Male,24,Economics,69.1,47,50,50.9,51.1,60,50,49.7,F,13,yes,Bachelor's,medium,8
4639,James,Holmes,james.holmes4639@email.com,Male,22,Chemistry,97.6,71,55,64.7,52.4,60,60,61.4,D,9,yes,Associate,medium,8
4640,Robert,Thompson,robert.thompson4640@email.com,Male,23,Chemistry,64.0,48,61,74.8,58.4,60,71,59.4,F,13,yes,High School,medium,6
4641,Suzanne,Myers,suzanne.myers4641@email.com,Female,24,Psychology,98.2,57,62,68.6,70.0,60,57,61.0,D,5,yes,Bachelor's,medium,6
4642,Jessica,Armstrong,jessica.armstrong4642@email.com,Male,19,Business,90.2,69,81,72.1,70.5,71,78,75.3,C,10,yes,Master's,medium,4
4643,Rachel,Chavez,rachel.chavez4643@email.com,Male,24,Engineering,72.2,71,81,68.6,80.2,82,65,75.2,C,10,yes,Bachelor's,medium,6
4644,Jodi,Acevedo,jodi.acevedo4644@email.com,Female,22,Biology,88.2,41,60,64.3,64.4,63,59,55.0,F,13,yes,Associate,low,6
4645,Kyle,Graham,kyle.graham4645@email.com,Male,19,Psychology,100.0,57,52,61.6,54.4,60,50,54.8,F,20,yes,Bachelor's,medium,7
4646,Harry,Brown,harry.brown4646@email.com,Male,22,Political Science,87.8,88,64,80.7,98.3,77,94,78.2,C+,13,yes,Associate,high,5
4647,Jeremy,Gonzalez,jeremy.gonzalez4647@email.com,Male,20,History,81.8,95,88,82.4,92.4,75,85,88.9,B+,11,yes,Bachelor's,high,5
4648,Gregory,Esparza,gregory.esparza4648@email.com,Female,21,Physics,73.7,68,60,61.0,63.1,60,56,62.3,D,13,no,High School,low,6
4649,Crystal,King,crystal.king4649@email.com,Female,22,Business,86.7,52,56,65.1,52.2,61,50,55.2,F,12,yes,Master's,medium,7
4650,Jamie,Vang,jamie.vang4650@email.com,Female,22,Chemistry,93.5,75,65,76.3,62.3,76,61,69.2,D,10,yes,High School,low,7
4651,Kimberly,Diaz,kimberly.diaz4651@email.com,Female,24,Computer Science,100.0,67,67,70.2,69.3,60,74,67.8,D,13,yes,High School,low,7
4652,Lauren,Martinez,lauren.martinez4652@email.com,Female,20,Chemistry,74.6,62,59,59.0,57.1,60,59,59.9,F,15,yes,Master's,low,6
4653,Theresa,Leonard,theresa.leonard4653@email.com,Male,21,Biology,83.5,62,84,93.1,66.0,75,89,77.5,C+,11,no,Associate,low,3
4654,Brandon,Gallegos,brandon.gallegos4654@email.com,Male,19,History,68.1,97,82,84.3,88.0,73,76,86.1,B,13,yes,High School,low,4
4655,Larry,Barnes,larry.barnes4655@email.com,Male,24,Physics,68.5,67,52,50.0,73.6,73,69,60.2,D,13,yes,Associate,medium,6
4656,Michael,Lopez,michael.lopez4656@email.com,Male,21,Engineering,89.2,40,55,51.5,50.0,60,50,49.7,F,20,yes,Bachelor's,low,8
4657,Christine,Harris,christine.harris4657@email.com,Male,22,English Literature,91.7,99,95,70.6,76.7,80,81,90.8,A,10,yes,Bachelor's,high,5
4658,Larry,Wolfe,larry.wolfe4658@email.com,Male,23,Chemistry,92.3,82,70,76.1,73.7,78,72,75.1,C,13,yes,Associate,low,4
4659,Raymond,Kim,raymond.kim4659@email.com,Female,22,Economics,77.6,50,43,50.0,50.0,60,50,47.7,F,13,no,High School,low,7
4660,Patricia,Anthony,patricia.anthony4660@email.com,Male,22,Engineering,100.0,59,87,90.7,87.5,91,91,79.7,C+,16,yes,Associate,medium,5
4661,Jamie,Jones,jamie.jones4661@email.com,Male,21,History,72.5,66,67,73.6,77.3,73,64,67.9,D,15,yes,Associate,high,4
4662,Mary,Simmons,mary.simmons4662@email.com,Female,23,Psychology,81.1,79,86,59.2,87.0,60,78,79.3,C+,8,yes,Master's,medium,5
4663,Lindsay,Thomas,lindsay.thomas4663@email.com,Female,22,Chemistry,77.6,99,62,89.1,64.3,62,85,78.3,C+,13,yes,Doctorate,high,3
4664,Whitney,Campbell,whitney.campbell4664@email.com,Male,22,Mathematics,80.9,95,79,91.6,79.1,83,100,87.4,B+,15,yes,Bachelor's,medium,6
4665,Douglas,Hoffman,douglas.hoffman4665@email.com,Female,23,Biology,100.0,40,40,50.0,50.0,60,50,43.5,F,9,yes,High School,low,8
4666,Ashley,Swanson,ashley.swanson4666@email.com,Male,18,Business,83.9,82,71,75.0,83.9,85,90,78.0,C+,8,yes,Master's,medium,7
4667,Travis,Hall,travis.hall4667@email.com,Male,19,Political Science,92.7,97,77,86.5,87.2,82,58,82.9,B-,9,yes,High School,low,3
4668,Justin,Hanson,justin.hanson4668@email.com,Male,21,Engineering,67.0,48,47,62.0,53.3,60,59,51.1,F,15,yes,Doctorate,low,9
4669,Ian,Kirk,ian.kirk4669@email.com,Male,18,Political Science,85.5,65,64,67.5,50.0,60,57,63.1,D,6,yes,High School,medium,8
4670,Jennifer,Martin,jennifer.martin4670@email.com,Female,19,Engineering,94.1,56,74,84.5,72.1,75,64,68.6,D,10,yes,High School,low,8
4671,Erika,Wagner,erika.wagner4671@email.com,Male,23,Physics,81.7,81,80,78.7,74.8,66,69,78.2,C+,12,yes,Bachelor's,medium,4
4672,Brett,Lowe,brett.lowe4672@email.com,Male,22,Physics,80.4,60,79,82.7,95.7,78,81,74.7,C,17,yes,Doctorate,medium,4
4673,Judith,Paul,judith.paul4673@email.com,Male,20,English Literature,89.7,62,65,62.7,57.9,60,57,62.5,D,10,yes,Bachelor's,medium,9
4674,Jonathan,White,jonathan.white4674@email.com,Male,23,Engineering,71.4,99,76,72.3,92.6,66,83,83.7,B,8,no,Master's,medium,5
4675,Andrew,Rivera,andrew.rivera4675@email.com,Male,22,Economics,81.8,63,67,62.8,61.4,60,74,65.5,D,15,yes,Associate,medium,9
4676,Jose,Weeks,jose.weeks4676@email.com,Male,24,English Literature,100.0,73,81,78.3,77.9,80,88,78.9,C+,8,yes,High School,medium,3
4677,Carol,Jordan,carol.jordan4677@email.com,Male,23,Engineering,77.3,68,78,77.5,77.5,95,80,76.0,C,17,yes,Associate,medium,4
4678,Misty,Durham,misty.durham4678@email.com,Female,20,Chemistry,83.8,73,78,94.5,89.9,83,89,80.2,B-,7,yes,High School,medium,6
4679,Brandon,Ramirez,brandon.ramirez4679@email.com,Female,19,History,69.0,40,40,50.0,50.0,60,50,43.5,F,7,yes,Bachelor's,medium,7
4680,Jason,Cross,jason.cross4680@email.com,Female,19,Mathematics,80.8,40,40,50.0,50.0,60,50,43.5,F,5,no,High School,medium,5
4681,Marcus,Knapp,marcus.knapp4681@email.com,Male,24,Political Science,95.4,80,70,94.8,85.5,71,75,76.9,C,17,yes,Doctorate,low,6
4682,Amy,Stevens,amy.stevens4682@email.com,Female,22,Physics,75.3,80,80,91.4,91.8,89,99,84.1,B,17,yes,Bachelor's,medium,5
4683,Erin,Webb,erin.webb4683@email.com,Male,21,Engineering,76.2,40,40,50.0,50.0,60,50,43.5,F,5,yes,Associate,medium,6
4684,Pamela,Watson,pamela.watson4684@email.com,Male,23,Economics,79.8,41,71,54.1,51.1,62,50,56.8,F,5,yes,Bachelor's,high,10
4685,Michelle,Gutierrez,michelle.gutierrez4685@email.com,Male,23,Economics,77.8,51,66,76.3,55.4,65,56,61.0,D,5,yes,Doctorate,low,5
4686,John,Rose,john.rose4686@email.com,Female,20,Computer Science,79.7,80,72,85.9,86.4,74,73,76.8,C,13,yes,Doctorate,medium,3
4687,Martin,Wade,martin.wade4687@email.com,Male,22,Mathematics,72.3,62,50,61.3,63.7,64,58,57.0,F,10,no,Associate,medium,5
4688,Samantha,Baker,samantha.baker4688@email.com,Male,19,Computer Science,77.1,42,40,65.4,70.7,60,64,48.2,F,9,yes,High School,low,4
4689,Austin,Davenport,austin.davenport4689@email.com,Female,20,Economics,81.4,40,40,50.0,50.0,60,50,43.5,F,9,no,Master's,low,5
4690,Debbie,Russell,debbie.russell4690@email.com,Male,21,Mathematics,91.8,78,58,62.4,71.2,60,72,66.6,D,8,yes,High School,medium,7
4691,Jennifer,Yates,jennifer.yates4691@email.com,Female,21,Engineering,85.2,85,68,90.7,80.7,67,76,76.8,C,17,yes,Associate,low,5
4692,Melissa,Johnson,melissa.johnson4692@email.com,Female,19,English Literature,92.9,40,41,62.7,51.9,60,51,45.4,F,8,yes,High School,low,7
4693,Debra,Ruiz,debra.ruiz4693@email.com,Male,24,Engineering,100.0,94,85,82.1,92.1,79,82,87.3,B+,11,yes,Doctorate,medium,3
4694,Douglas,Miller,douglas.miller4694@email.com,Female,22,History,66.8,76,62,99.4,79.6,81,100,75.6,C,11,no,High School,medium,4
4695,Danielle,Archer,danielle.archer4695@email.com,Male,24,English Literature,71.7,89,73,83.9,94.8,60,81,80.1,B-,16,yes,Associate,low,4
4696,Lindsay,Guerra,lindsay.guerra4696@email.com,Male,24,Mathematics,69.0,40,45,50.0,50.0,60,50,45.5,F,9,no,High School,low,9
4697,Maureen,Kim,maureen.kim4697@email.com,Male,20,Biology,85.7,51,66,51.8,50.0,60,50,57.4,F,8,yes,Master's,high,10
4698,Lisa,Banks,lisa.banks4698@email.com,Male,22,Mathematics,87.4,68,79,73.8,70.5,60,77,73.7,C,7,yes,Associate,low,2
4699,Tara,White,tara.white4699@email.com,Female,22,Mathematics,72.3,79,81,84.0,73.6,60,63,77.6,C+,15,yes,High School,medium,1
4700,Sarah,Lucas,sarah.lucas4700@email.com,Female,23,Political Science,81.0,57,56,55.8,50.0,60,65,57.1,F,9,yes,Master's,low,8
4701,Christopher,Turner,christopher.turner4701@email.com,Male,21,Economics,87.8,64,56,50.1,70.9,60,57,58.9,F,14,yes,High School,low,10
4702,Kara,Hernandez,kara.hernandez4702@email.com,Male,24,Business,99.8,55,86,85.4,80.3,75,90,76.3,C,12,yes,High School,low,7
4703,Jason,Ewing,jason.ewing4703@email.com,Male,19,Chemistry,91.6,45,40,50.0,50.0,60,50,45.0,F,14,yes,Bachelor's,medium,8
4704,Alyssa,Brown,alyssa.brown4704@email.com,Female,24,Psychology,81.2,70,75,72.2,53.2,74,74,72.0,C-,10,yes,Associate,medium,4
4705,Mariah,Olsen,mariah.olsen4705@email.com,Male,23,History,94.2,86,72,71.4,71.0,64,54,74.0,C,14,yes,High School,medium,5
4706,Kurt,Dodson,kurt.dodson4706@email.com,Male,23,English Literature,98.7,83,74,66.9,71.0,60,79,75.7,C,9,yes,High School,low,7
4707,Kyle,Porter,kyle.porter4707@email.com,Male,22,Business,82.4,73,69,59.6,64.1,60,61,67.8,D,15,yes,Master's,medium,6
4708,Edward,Kline,edward.kline4708@email.com,Male,18,Psychology,91.6,40,52,50.0,50.0,60,50,48.3,F,11,yes,Master's,low,2
4709,Sheila,Rojas,sheila.rojas4709@email.com,Male,24,Mathematics,84.1,42,61,60.2,50.0,61,50,53.6,F,11,yes,Doctorate,medium,7
4710,Brian,Jones,brian.jones4710@email.com,Male,22,Engineering,94.1,82,85,87.0,76.2,93,87,84.5,B,19,yes,High School,high,4
4711,Walter,Wilson,walter.wilson4711@email.com,Male,22,Political Science,100.0,78,92,76.5,71.2,68,72,82.0,B-,12,yes,Associate,medium,4
4712,David,Griffin,david.griffin4712@email.com,Female,23,Business,83.3,40,40,55.5,51.9,64,50,44.4,F,10,yes,Associate,low,7
4713,Brittany,Jennings,brittany.jennings4713@email.com,Male,19,Engineering,88.8,61,63,51.5,65.9,60,50,59.9,F,15,yes,High School,medium,8
4714,Christine,Medina,christine.medina4714@email.com,Male,18,Chemistry,75.1,63,59,57.1,57.6,67,50,59.5,F,10,yes,Master's,medium,8
4715,Christina,Huff,christina.huff4715@email.com,Female,20,Business,72.5,72,52,50.0,56.2,60,50,58.2,F,7,yes,Bachelor's,medium,7
4716,Nicole,Patel,nicole.patel4716@email.com,Male,21,Business,76.1,54,56,61.7,67.8,60,58,57.0,F,12,yes,High School,low,8
4717,Joshua,Wilkins,joshua.wilkins4717@email.com,Male,20,Engineering,96.7,50,73,50.0,65.9,60,56,61.2,D,12,no,Master's,medium,8
4718,Joshua,Mclaughlin,joshua.mclaughlin4718@email.com,Female,24,Chemistry,80.5,99,87,83.8,67.0,76,85,88.7,B+,12,yes,Associate,low,2
4719,Sara,Shepherd,sara.shepherd4719@email.com,Female,21,Biology,86.5,69,71,69.2,68.6,67,63,69.2,D,8,no,Associate,medium,8
4720,Garrett,Hill,garrett.hill4720@email.com,Female,20,Business,91.3,60,65,69.7,74.9,79,66,65.4,D,8,yes,Master's,high,7
4721,Nathan,Knox,nathan.knox4721@email.com,Male,20,Political Science,80.8,50,53,50.0,50.0,62,50,51.8,F,9,yes,Associate,low,8
4722,Tyler,Schmidt,tyler.schmidt4722@email.com,Male,24,Biology,83.0,79,53,50.1,60.8,60,52,61.2,D,10,yes,Associate,medium,4
4723,Randall,Koch,randall.koch4723@email.com,Female,20,Physics,94.0,92,87,89.1,83.7,75,74,86.7,B,8,yes,High School,low,1
4724,Christina,Montgomery,christina.montgomery4724@email.com,Male,23,Business,85.1,45,55,50.0,50.0,60,50,51.0,F,5,yes,Associate,high,6
4725,Jason,Cole,jason.cole4725@email.com,Female,22,Mathematics,96.1,79,69,86.9,84.8,80,69,75.2,C,11,yes,Bachelor's,low,6
4726,Deborah,Harrison,deborah.harrison4726@email.com,Male,18,Political Science,85.0,57,53,50.0,50.0,60,50,53.8,F,13,yes,Bachelor's,medium,10
4727,Jennifer,Lambert,jennifer.lambert4727@email.com,Female,23,Biology,85.7,63,63,79.9,50.0,60,53,62.9,D,10,yes,High School,medium,3
4728,Jessica,Taylor,jessica.taylor4728@email.com,Male,22,Economics,91.3,69,83,77.0,83.4,78,76,77.4,C+,11,yes,Master's,medium,5
4729,Jason,Andrews,jason.andrews4729@email.com,Male,19,Political Science,98.4,78,94,96.4,84.1,62,74,85.4,B,16,yes,Associate,medium,8
4730,Desiree,Hodges,desiree.hodges4730@email.com,Male,23,Political Science,76.6,67,69,56.6,72.9,60,52,65.2,D,15,yes,Master's,medium,6
4731,Dustin,Gamble,dustin.gamble4731@email.com,Male,18,English Literature,76.4,62,65,62.8,64.2,60,50,62.1,D,11,yes,Bachelor's,medium,8
4732,James,Ramirez,james.ramirez4732@email.com,Female,19,Physics,69.4,79,89,75.6,78.0,93,87,84.2,B,13,no,High School,low,2
4733,Dana,Edwards,dana.edwards4733@email.com,Male,24,Mathematics,78.6,44,51,54.5,50.0,60,50,49.5,F,14,yes,Doctorate,medium,6
4734,Kevin,Wade,kevin.wade4734@email.com,Female,20,Psychology,76.9,60,54,50.0,56.6,60,50,55.4,F,11,yes,Associate,high,9
4735,Carla,Mata,carla.mata4735@email.com,Female,23,English Literature,91.5,48,65,65.6,51.5,60,69,59.5,F,14,no,Associate,low,8
4736,Edward,Cameron,edward.cameron4736@email.com,Male,20,Physics,76.1,64,59,61.0,66.7,68,73,63.0,D,7,yes,High School,low,4
4737,Andrew,Bryant,andrew.bryant4737@email.com,Male,22,Political Science,70.2,67,55,65.7,74.5,67,67,62.5,D,9,yes,High School,low,8
4738,Cheryl,Velez,cheryl.velez4738@email.com,Female,24,English Literature,88.7,69,78,87.2,84.2,94,83,77.9,C+,13,yes,Associate,medium,5
4739,Christopher,Warren,christopher.warren4739@email.com,Female,21,Political Science,86.3,85,79,82.8,70.9,81,70,80.0,B-,13,yes,Master's,low,6
4740,David,Kelly,david.kelly4740@email.com,Female,24,Political Science,93.2,61,67,79.4,79.8,66,77,68.1,D,11,yes,Associate,medium,6
4741,Brooke,Watson,brooke.watson4741@email.com,Female,22,Psychology,94.9,94,82,85.0,90.3,60,79,85.0,B,9,yes,Bachelor's,medium,4
4742,Susan,Arnold,susan.arnold4742@email.com,Female,21,Political Science,100.0,73,45,66.5,63.4,60,66,59.4,F,13,no,Master's,medium,7
4743,Joshua,Turner,joshua.turner4743@email.com,Female,22,Physics,82.9,81,78,70.7,59.5,60,71,75.7,C,17,yes,Associate,medium,3
4744,Johnny,Goodman,johnny.goodman4744@email.com,Female,22,History,75.7,74,65,80.2,88.0,78,75,72.1,C-,17,yes,Master's,medium,4
4745,Jonathan,Morgan,jonathan.morgan4745@email.com,Female,19,Business,73.9,64,64,82.2,79.7,65,72,67.6,D,9,yes,Bachelor's,high,4
4746,Jerry,Delgado,jerry.delgado4746@email.com,Female,21,Engineering,87.5,63,69,69.5,83.6,60,75,68.1,D,9,yes,Master's,medium,7
4747,Jennifer,Adams,jennifer.adams4747@email.com,Male,18,Engineering,78.9,64,66,74.3,58.7,60,81,67.1,D,14,yes,High School,low,9
4748,Katherine,Burns,katherine.burns4748@email.com,Male,18,Economics,91.6,76,72,77.4,69.5,69,70,73.3,C,11,no,High School,medium,2
4749,Brian,Oconnell,brian.oconnell4749@email.com,Female,21,History,70.2,69,53,66.4,77.0,60,67,62.2,D,9,yes,Bachelor's,high,6
4750,Lisa,Hall,lisa.hall4750@email.com,Male,18,Chemistry,75.5,40,40,50.0,50.0,60,50,43.5,F,12,yes,High School,low,6
4751,Ann,Bailey,ann.bailey4751@email.com,Male,21,Chemistry,89.7,75,68,75.3,78.5,60,86,72.8,C-,13,yes,Associate,medium,4
4752,Sarah,Cooper,sarah.cooper4752@email.com,Female,21,Business,99.2,82,83,86.0,82.0,87,78,82.7,B-,5,yes,Associate,medium,5
4753,Kevin,Mitchell,kevin.mitchell4753@email.com,Male,24,Physics,71.1,99,75,86.4,79.6,61,69,82.4,B-,15,yes,Master's,low,4
4754,Jerry,Strong,jerry.strong4754@email.com,Female,23,Mathematics,90.4,74,83,79.9,69.9,74,80,78.6,C+,10,yes,Bachelor's,low,1
4755,Claudia,Mitchell,claudia.mitchell4755@email.com,Male,21,Biology,96.0,99,81,83.2,74.3,64,76,85.0,B,16,yes,High School,low,4
4756,Kristin,Sanchez,kristin.sanchez4756@email.com,Female,18,Computer Science,90.5,51,45,74.9,65.4,60,50,52.1,F,17,yes,Doctorate,high,5
4757,Charles,Welch,charles.welch4757@email.com,Male,21,Physics,90.5,40,54,50.0,50.0,63,50,49.3,F,12,yes,High School,medium,7
4758,David,Daniel,david.daniel4758@email.com,Female,18,Engineering,75.2,54,57,60.5,57.1,60,55,56.4,F,14,yes,Associate,medium,5
4759,Madison,Serrano,madison.serrano4759@email.com,Female,19,Physics,79.1,62,62,53.7,70.3,60,50,60.3,D,8,yes,High School,medium,6
4760,Amanda,Ellis,amanda.ellis4760@email.com,Female,22,Physics,99.0,40,40,64.0,63.9,60,62,46.9,F,5,yes,Associate,medium,3
4761,Kelly,Turner,kelly.turner4761@email.com,Male,21,English Literature,69.9,55,42,50.0,50.0,60,50,48.8,F,12,yes,High School,high,7
4762,Suzanne,Malone,suzanne.malone4762@email.com,Male,22,Psychology,89.4,50,40,50.0,50.0,60,50,46.5,F,20,yes,Master's,high,7
4763,Tyler,Wheeler,tyler.wheeler4763@email.com,Male,18,Mathematics,83.2,55,66,64.5,65.4,60,69,62.6,D,14,yes,High School,high,4
4764,Karen,Jordan,karen.jordan4764@email.com,Female,21,Engineering,60.0,67,45,50.0,50.0,60,51,53.8,F,11,yes,Bachelor's,high,6
4765,Suzanne,Jordan,suzanne.jordan4765@email.com,Female,22,Mathematics,72.0,56,58,68.2,59.7,60,69,59.8,F,9,yes,Bachelor's,low,8
4766,Christine,Davis,christine.davis4766@email.com,Female,21,Political Science,96.0,45,40,57.9,50.0,60,50,45.8,F,5,yes,Bachelor's,high,6
4767,Steven,Smith,steven.smith4767@email.com,Female,22,Biology,86.8,66,63,62.0,55.4,60,51,62.1,D,17,yes,Associate,low,7
4768,Aaron,Ruiz,aaron.ruiz4768@email.com,Female,18,Computer Science,96.7,63,56,59.2,59.7,60,68,60.1,D,7,no,High School,low,4
4769,Catherine,Allen,catherine.allen4769@email.com,Male,23,English Literature,77.6,44,71,64.6,69.4,60,86,63.2,D,15,yes,Master's,high,9
4770,Linda,Higgins,linda.higgins4770@email.com,Female,24,Chemistry,100.0,50,40,51.2,50.0,60,50,46.6,F,5,yes,Master's,high,10
4771,Daniel,Boyd,daniel.boyd4771@email.com,Male,22,Psychology,92.2,63,63,68.2,68.7,60,64,63.8,D,18,yes,High School,medium,7
4772,Darryl,Chen,darryl.chen4772@email.com,Female,24,Business,95.2,48,42,50.0,51.8,60,51,47.0,F,17,no,Associate,medium,7
4773,Lawrence,Morgan,lawrence.morgan4773@email.com,Male,19,Psychology,76.8,81,62,92.4,87.4,76,82,74.8,C,11,yes,High School,low,3
4774,Jesus,Escobar,jesus.escobar4774@email.com,Male,20,English Literature,84.8,40,40,50.0,50.0,60,50,43.5,F,5,no,Doctorate,high,6
4775,Matthew,Chung,matthew.chung4775@email.com,Female,18,Mathematics,100.0,89,60,86.4,75.6,76,76,74.6,C,9,yes,Doctorate,high,5
4776,Evelyn,Garcia,evelyn.garcia4776@email.com,Male,18,Computer Science,80.2,71,54,60.7,61.4,60,83,63.4,D,13,yes,Bachelor's,high,7
4777,Erica,Porter,erica.porter4777@email.com,Male,23,Computer Science,75.6,72,76,86.9,75.5,85,61,74.9,C,15,yes,High School,low,5
4778,Martin,Evans,martin.evans4778@email.com,Male,18,Political Science,100.0,79,78,100.0,73.3,69,90,81.1,B-,9,yes,High School,low,3
4779,Mark,Cooper,mark.cooper4779@email.com,Female,18,Psychology,87.5,70,79,97.4,75.5,67,75,77.1,C+,16,yes,Master's,medium,5
4780,Shannon,Clark,shannon.clark4780@email.com,Male,21,Business,69.9,40,53,53.6,52.7,60,50,49.2,F,8,no,High School,low,7
4781,David,Gomez,david.gomez4781@email.com,Male,20,Physics,82.2,77,92,80.9,87.6,73,83,84.4,B,13,yes,Bachelor's,medium,1
4782,Cristian,Brown,cristian.brown4782@email.com,Male,23,Psychology,80.9,50,45,64.9,59.5,60,61,51.6,F,10,yes,Doctorate,high,6
4783,Jillian,Fischer,jillian.fischer4783@email.com,Male,24,Engineering,78.8,48,67,57.0,60.0,66,50,58.2,F,9,yes,Associate,low,4
4784,Tara,Hudson,tara.hudson4784@email.com,Female,18,Political Science,89.4,52,54,50.0,51.6,60,50,52.8,F,15,no,Bachelor's,low,7
4785,Benjamin,Moore,benjamin.moore4785@email.com,Male,22,Political Science,74.8,54,49,54.1,59.6,60,50,52.2,F,10,yes,Associate,low,6
4786,Sharon,Simpson,sharon.simpson4786@email.com,Female,20,Physics,100.0,40,46,50.0,50.0,60,50,45.9,F,8,yes,Bachelor's,medium,9
4787,Anna,Ferrell,anna.ferrell4787@email.com,Female,23,English Literature,77.5,73,65,83.5,72.7,60,64,69.3,D,12,yes,Master's,medium,7
4788,Tammy,Jacobs,tammy.jacobs4788@email.com,Male,19,Mathematics,89.0,83,75,68.1,64.8,60,70,75.0,C,7,no,Associate,low,6
4789,David,Chavez,david.chavez4789@email.com,Female,18,Physics,82.4,62,77,68.1,78.1,65,90,72.4,C-,8,yes,High School,medium,4
4790,Heather,Adams,heather.adams4790@email.com,Male,19,Computer Science,87.5,74,69,66.5,67.7,70,77,71.1,C-,14,yes,Master's,low,4
4791,Keith,Wall,keith.wall4791@email.com,Male,20,Chemistry,92.3,75,85,82.2,81.9,68,75,79.8,C+,6,yes,High School,low,4
4792,Melissa,Wade,melissa.wade4792@email.com,Female,22,Engineering,92.6,70,90,81.9,74.8,62,80,80.1,B-,5,yes,Doctorate,medium,5
4793,Zachary,Ray,zachary.ray4793@email.com,Female,21,Business,85.1,65,72,70.9,60.3,74,75,69.7,D,8,yes,High School,low,7
4794,Nicole,Hill,nicole.hill4794@email.com,Female,24,Computer Science,91.5,82,72,79.9,91.2,69,67,76.2,C,15,yes,Associate,medium,3
4795,Benjamin,Curtis,benjamin.curtis4795@email.com,Female,24,Engineering,77.8,73,74,82.8,69.8,60,71,73.5,C,14,yes,Master's,medium,2
4796,Kevin,Sellers,kevin.sellers4796@email.com,Male,20,Business,87.6,69,82,89.5,87.1,85,87,79.8,C+,11,no,High School,low,6
4797,Christopher,Stone,christopher.stone4797@email.com,Male,20,Mathematics,85.7,91,87,81.7,84.1,74,81,86.4,B,10,yes,Associate,medium,6
4798,Bruce,Rodriguez,bruce.rodriguez4798@email.com,Male,21,Economics,90.5,88,81,83.6,73.0,73,73,81.8,B-,9,yes,Bachelor's,medium,4
4799,Victor,Gomez,victor.gomez4799@email.com,Male,18,Political Science,80.7,87,86,79.6,66.9,80,70,82.8,B-,10,yes,Master's,low,6
4800,David,Cowan,david.cowan4800@email.com,Female,21,Political Science,80.9,69,84,85.7,94.3,88,63,78.3,C+,11,yes,Bachelor's,medium,5
4801,Michael,Garcia,michael.garcia4801@email.com,Female,19,Business,79.7,91,63,67.6,69.5,60,73,73.1,C,12,yes,Associate,medium,7
4802,Michelle,Campbell,michelle.campbell4802@email.com,Female,18,Mathematics,79.8,48,73,55.2,62.7,72,61,62.0,D,12,yes,Doctorate,low,5
4803,Kimberly,Duffy,kimberly.duffy4803@email.com,Male,21,Political Science,91.3,62,80,77.7,71.0,60,74,72.4,C-,22,no,Associate,high,5
4804,Joseph,Moore,joseph.moore4804@email.com,Male,21,Political Science,76.5,40,43,50.0,50.0,60,50,44.7,F,10,yes,Bachelor's,medium,8
4805,Victoria,Leonard,victoria.leonard4805@email.com,Female,23,Biology,100.0,76,91,83.2,77.0,80,58,81.3,B-,18,yes,Bachelor's,high,6
4806,Jennifer,Miller,jennifer.miller4806@email.com,Male,21,Political Science,74.5,55,66,84.0,58.5,68,85,66.2,D,16,yes,Doctorate,high,7
4807,Angela,Miller,angela.miller4807@email.com,Male,21,Mathematics,83.9,80,83,90.9,77.0,91,83,83.1,B,5,yes,Associate,medium,6
4808,Brandy,Wiley,brandy.wiley4808@email.com,Male,19,Business,89.1,61,74,78.9,76.9,79,83,72.0,C-,6,no,Master's,low,4
4809,Pamela,Shannon,pamela.shannon4809@email.com,Female,21,Physics,78.2,62,71,76.1,54.2,69,53,66.2,D,17,yes,High School,medium,4
4810,Tracy,Holt,tracy.holt4810@email.com,Female,22,Physics,88.2,57,64,60.4,81.4,63,59,61.9,D,5,yes,Master's,high,5
4811,Stephanie,Smith,stephanie.smith4811@email.com,Female,22,Physics,81.8,41,40,50.0,52.3,60,52,44.1,F,15,yes,Associate,low,7
4812,Jon,Evans,jon.evans4812@email.com,Male,20,Biology,71.2,72,70,68.1,67.5,77,70,70.7,C-,10,no,Bachelor's,medium,4
4813,Kelly,Allen,kelly.allen4813@email.com,Female,18,Engineering,89.0,86,47,72.7,70.5,85,66,66.3,D,17,yes,High School,high,6
4814,Barbara,Short,barbara.short4814@email.com,Female,22,Physics,100.0,52,62,50.0,54.7,60,50,56.1,F,9,yes,Doctorate,high,8
4815,Amanda,Martin,amanda.martin4815@email.com,Male,24,English Literature,91.6,57,73,75.4,71.5,63,67,67.3,D,18,no,High School,medium,8
4816,Adam,Foster,adam.foster4816@email.com,Male,21,Physics,69.5,74,68,77.5,61.4,62,66,70.0,C-,15,no,High School,medium,5
4817,Tara,Pitts,tara.pitts4817@email.com,Male,20,Economics,94.9,86,72,77.6,71.3,62,77,76.8,C,11,yes,Bachelor's,medium,3
4818,Margaret,Roberts,margaret.roberts4818@email.com,Male,18,History,90.0,73,57,62.0,55.5,60,55,62.2,D,10,no,Bachelor's,high,6
4819,Nancy,Flores,nancy.flores4819@email.com,Female,22,Business,78.5,97,68,74.6,87.2,89,96,82.2,B-,15,yes,Bachelor's,low,6
4820,Michael,Ingram,michael.ingram4820@email.com,Female,22,Computer Science,83.4,61,51,54.7,58.7,60,50,55.1,F,13,yes,Associate,medium,8
4821,Kristin,Roberts,kristin.roberts4821@email.com,Male,19,Mathematics,89.0,41,40,61.6,60.3,60,58,46.4,F,6,yes,Master's,high,5
4822,James,Johnson,james.johnson4822@email.com,Female,23,Engineering,91.7,40,44,50.0,50.0,60,50,45.1,F,15,yes,Bachelor's,medium,7
4823,Brandon,Miller,brandon.miller4823@email.com,Male,24,Engineering,83.5,68,66,69.9,67.7,67,59,66.5,D,7,yes,Master's,medium,7
4824,Bethany,Lewis,bethany.lewis4824@email.com,Female,23,Chemistry,74.5,42,59,56.3,50.0,60,50,52.3,F,17,yes,High School,medium,6
4825,Cody,Wilson,cody.wilson4825@email.com,Male,19,History,87.1,93,88,88.6,86.2,77,72,87.3,B+,9,yes,Bachelor's,medium,4
4826,Shannon,Schmidt,shannon.schmidt4826@email.com,Male,18,History,94.5,49,66,59.8,59.7,60,56,58.8,F,9,yes,Bachelor's,medium,9
4827,Denise,Lara,denise.lara4827@email.com,Female,19,Mathematics,87.6,60,66,54.5,50.3,60,60,61.4,D,16,yes,Bachelor's,low,8
4828,Sarah,Hudson,sarah.hudson4828@email.com,Male,21,Computer Science,82.1,40,40,50.0,50.0,60,50,43.5,F,11,no,Associate,low,4
4829,Zachary,Hubbard,zachary.hubbard4829@email.com,Male,24,English Literature,78.2,64,71,72.1,64.0,60,66,67.7,D,11,yes,Associate,low,5
4830,Corey,Morales,corey.morales4830@email.com,Female,18,Engineering,87.6,68,47,65.7,52.7,63,56,57.2,F,5,no,Associate,low,8
4831,Matthew,Arnold,matthew.arnold4831@email.com,Male,18,Biology,100.0,71,58,69.7,51.5,60,87,65.8,D,5,yes,High School,low,5
4832,Mikayla,Sanchez,mikayla.sanchez4832@email.com,Male,20,Political Science,79.9,71,86,82.0,78.9,69,79,79.3,C+,15,yes,Master's,medium,5
4833,James,Smith,james.smith4833@email.com,Female,20,Psychology,95.1,74,68,92.5,73.4,60,81,73.4,C,12,yes,Bachelor's,medium,4
4834,Lisa,Allen,lisa.allen4834@email.com,Female,22,Computer Science,87.5,95,72,81.7,91.7,60,71,80.2,B-,11,yes,Bachelor's,medium,5
4835,Cassandra,Leon,cassandra.leon4835@email.com,Male,21,Engineering,94.2,95,60,82.6,71.7,91,69,75.9,C,14,yes,Associate,low,7
4836,Michael,Bond,michael.bond4836@email.com,Female,24,Physics,77.8,91,64,77.7,74.5,60,65,74.0,C,10,yes,Associate,low,4
4837,Jennifer,Gray,jennifer.gray4837@email.com,Male,20,Mathematics,98.5,66,40,72.8,71.1,60,50,54.7,F,8,no,Associate,medium,4
4838,Latoya,Norton,latoya.norton4838@email.com,Male,21,Psychology,91.0,75,70,89.7,86.4,70,87,76.1,C,10,yes,Master's,high,3
4839,Ashley,Gonzales,ashley.gonzales4839@email.com,Female,22,English Literature,73.6,84,92,81.0,80.4,68,77,85.3,B,16,no,Associate,medium,7
4840,David,Bailey,david.bailey4840@email.com,Male,24,English Literature,97.9,80,82,87.9,78.0,73,74,80.6,B-,15,yes,Master's,medium,4
4841,Nicole,Foley,nicole.foley4841@email.com,Female,20,Physics,98.0,43,62,76.7,71.4,65,80,60.2,D,11,yes,High School,low,6
4842,Jennifer,Johnson,jennifer.johnson4842@email.com,Female,23,Chemistry,76.9,77,53,83.9,67.7,68,71,66.6,D,12,yes,High School,medium,3
4843,John,Chung,john.chung4843@email.com,Female,22,Mathematics,82.1,47,40,50.0,50.0,60,50,45.6,F,10,yes,High School,low,5
4844,Lisa,Moore,lisa.moore4844@email.com,Male,19,Engineering,81.8,55,53,56.6,50.0,60,75,56.4,F,9,no,Associate,medium,7
4845,Brian,Smith,brian.smith4845@email.com,Male,19,Chemistry,85.2,67,64,71.5,69.6,76,61,66.3,D,9,yes,Associate,medium,8
4846,Jeffrey,Wall,jeffrey.wall4846@email.com,Female,24,History,100.0,77,77,86.2,82.0,74,81,78.5,C+,13,yes,Bachelor's,medium,4
4847,Joseph,Aguilar,joseph.aguilar4847@email.com,Female,22,Psychology,100.0,74,69,82.4,79.4,76,75,73.4,C,11,yes,High School,low,4
4848,Sylvia,Meyer,sylvia.meyer4848@email.com,Male,20,Business,69.1,75,45,58.1,56.5,60,54,57.5,F,13,yes,Bachelor's,high,7
4849,Jessica,Preston,jessica.preston4849@email.com,Female,21,Biology,91.3,78,41,66.5,55.3,60,52,57.5,F,10,yes,Bachelor's,medium,7
4850,Sherry,Acosta,sherry.acosta4850@email.com,Female,20,Business,92.7,75,85,86.3,78.2,91,79,81.6,B-,11,yes,Associate,low,7
4851,Anthony,Miller,anthony.miller4851@email.com,Female,24,Biology,90.9,46,53,52.4,56.8,60,50,51.1,F,9,yes,High School,high,7
4852,Ashley,Stafford,ashley.stafford4852@email.com,Male,23,Business,94.2,59,49,50.0,50.0,60,56,53.5,F,15,yes,Bachelor's,high,7
4853,Kaitlin,Lynch,kaitlin.lynch4853@email.com,Male,22,Biology,76.5,63,71,72.7,77.8,64,54,67.2,D,9,yes,High School,high,5
4854,Jimmy,Garcia,jimmy.garcia4854@email.com,Female,21,Physics,87.5,81,56,59.1,50.2,60,65,64.6,D,11,no,Bachelor's,medium,6
4855,Becky,Crawford,becky.crawford4855@email.com,Female,21,Physics,100.0,43,48,50.0,50.0,60,50,47.6,F,5,yes,Bachelor's,low,9
4856,Jill,Smith,jill.smith4856@email.com,Female,21,History,100.0,81,80,76.8,74.0,79,70,78.7,C+,6,yes,High School,medium,5
4857,Dennis,Scott,dennis.scott4857@email.com,Female,20,Psychology,78.6,58,66,79.8,69.2,86,74,67.0,D,6,yes,Master's,low,4
4858,Emily,Reyes,emily.reyes4858@email.com,Female,18,Mathematics,98.9,67,87,73.0,80.2,62,78,77.2,C+,11,yes,Associate,medium,4
4859,Savannah,Klein,savannah.klein4859@email.com,Female,20,Physics,69.0,78,74,74.5,57.2,67,71,73.8,C,7,yes,High School,low,8
4860,Sarah,Lopez,sarah.lopez4860@email.com,Female,18,Political Science,83.7,67,81,82.6,72.6,87,88,77.6,C+,8,yes,High School,low,5
4861,Christina,Silva,christina.silva4861@email.com,Male,23,Mathematics,98.1,40,40,50.0,50.0,60,50,43.5,F,13,yes,Associate,medium,7
4862,Christina,Lee,christina.lee4862@email.com,Male,20,Business,73.9,79,82,87.2,83.6,67,84,81.2,B-,12,yes,Doctorate,low,7
4863,Kelly,Vaughan,kelly.vaughan4863@email.com,Female,23,History,88.8,56,66,56.3,50.0,76,54,60.6,D,9,yes,Associate,low,7
4864,Jennifer,Barrett,jennifer.barrett4864@email.com,Female,23,History,87.6,75,80,78.8,73.8,80,85,78.7,C+,9,yes,Master's,medium,2
4865,Jason,Daniels,jason.daniels4865@email.com,Female,19,English Literature,87.4,57,64,74.7,75.3,83,74,65.5,D,13,yes,Associate,medium,8
4866,Amanda,Mercado,amanda.mercado4866@email.com,Female,18,Biology,83.3,85,91,82.9,91.7,68,62,84.5,B,16,yes,Doctorate,high,2
4867,Kenneth,Pierce,kenneth.pierce4867@email.com,Female,24,Political Science,74.4,84,78,75.7,74.8,92,77,80.0,B-,13,yes,Bachelor's,low,2
4868,Cynthia,Schneider,cynthia.schneider4868@email.com,Male,23,Biology,88.9,78,52,72.1,65.4,60,66,64.3,D,14,yes,Associate,medium,5
4869,Alyssa,Richardson,alyssa.richardson4869@email.com,Male,18,History,86.8,68,69,64.8,75.6,67,69,68.6,D,7,yes,Bachelor's,low,8
4870,Victor,Taylor,victor.taylor4870@email.com,Female,22,Biology,86.0,94,83,91.1,83.5,86,88,87.9,B+,12,yes,Associate,medium,4
4871,Christopher,Rojas,christopher.rojas4871@email.com,Female,24,Business,95.6,57,58,74.4,51.6,60,64,59.8,F,13,yes,Associate,low,3
4872,Sarah,Mcdonald,sarah.mcdonald4872@email.com,Male,24,Mathematics,88.9,82,73,63.0,67.3,63,69,73.5,C,17,yes,Associate,low,5
4873,Sherry,Austin,sherry.austin4873@email.com,Female,21,Mathematics,90.6,44,54,58.8,58.8,60,54,52.1,F,9,yes,Associate,medium,4
4874,Keith,Robinson,keith.robinson4874@email.com,Male,19,History,77.8,99,84,81.8,73.7,83,93,88.7,B+,11,no,Bachelor's,medium,5
4875,Brad,Rodriguez,brad.rodriguez4875@email.com,Female,18,Engineering,82.4,82,64,80.3,83.9,77,70,73.3,C,19,yes,High School,low,7
4876,Veronica,Ross,veronica.ross4876@email.com,Male,22,History,73.5,42,56,54.4,50.0,60,64,52.4,F,12,yes,High School,medium,8
4877,Jeffery,Sweeney,jeffery.sweeney4877@email.com,Male,24,Engineering,68.8,40,42,50.0,50.0,60,53,44.6,F,7,yes,Master's,high,5
4878,Matthew,Welch,matthew.welch4878@email.com,Female,22,Chemistry,97.9,48,41,50.0,50.0,60,50,46.3,F,14,yes,Master's,medium,7
4879,Louis,Ortiz,louis.ortiz4879@email.com,Female,21,Physics,77.2,73,68,75.0,81.9,92,62,71.5,C-,10,no,Bachelor's,low,5
4880,Kathleen,Stewart,kathleen.stewart4880@email.com,Female,21,Chemistry,75.6,72,55,54.2,50.0,60,57,60.3,D,16,yes,Master's,medium,8
4881,Lisa,Petty,lisa.petty4881@email.com,Male,22,Mathematics,92.1,84,68,84.3,68.0,67,72,74.8,C,11,yes,High School,low,2
4882,Kevin,Freeman,kevin.freeman4882@email.com,Female,24,Biology,97.7,48,56,65.6,50.0,61,60,55.0,F,11,yes,Master's,medium,6
4883,Ebony,Baker,ebony.baker4883@email.com,Female,23,Engineering,82.8,44,40,50.0,50.0,60,50,44.7,F,9,yes,Associate,low,7
4884,Shelby,Obrien,shelby.obrien4884@email.com,Male,24,Computer Science,86.0,66,62,68.2,58.2,71,66,64.6,D,15,yes,Bachelor's,low,8
4885,Lonnie,Edwards,lonnie.edwards4885@email.com,Female,22,Engineering,68.1,69,62,59.2,67.6,60,61,63.9,D,5,yes,High School,low,8
4886,Laura,Long,laura.long4886@email.com,Female,24,Chemistry,88.5,72,76,74.0,67.6,71,81,74.5,C,11,yes,Doctorate,high,4
4887,Mary,Knight,mary.knight4887@email.com,Female,24,Physics,87.8,79,83,85.3,81.2,73,85,81.8,B-,21,yes,Associate,medium,4
4888,Laura,Wang,laura.wang4888@email.com,Female,18,Computer Science,94.3,45,61,55.9,57.0,60,63,55.7,F,5,no,Associate,medium,7
4889,Megan,Richards,megan.richards4889@email.com,Male,20,History,82.2,75,58,70.5,75.3,61,73,66.9,D,12,yes,Master's,medium,8
4890,Daniel,Stanley,daniel.stanley4890@email.com,Female,24,Political Science,97.8,40,63,62.3,54.8,60,67,55.9,F,8,yes,Associate,medium,8
4891,David,Dickson,david.dickson4891@email.com,Female,24,Political Science,76.9,71,75,77.1,66.9,81,76,74.1,C,8,no,Associate,medium,6
4892,Joel,Campbell,joel.campbell4892@email.com,Male,20,Engineering,75.3,58,60,58.0,62.3,69,81,62.0,D,7,yes,Associate,low,8
4893,Debra,Jones,debra.jones4893@email.com,Female,20,Computer Science,87.3,76,75,91.5,81.0,75,73,77.1,C+,14,yes,Associate,high,2
4894,Jesse,Roberts,jesse.roberts4894@email.com,Male,23,Physics,97.1,40,42,57.0,51.8,60,61,46.3,F,7,yes,Associate,high,5
4895,Melissa,Townsend,melissa.townsend4895@email.com,Male,18,Computer Science,91.7,89,78,86.2,87.4,78,64,81.3,B-,12,yes,Associate,high,1
4896,Brittany,Price,brittany.price4896@email.com,Female,21,Biology,100.0,87,82,76.2,90.6,85,84,83.7,B,12,no,Associate,low,4
4897,Melissa,Adams,melissa.adams4897@email.com,Male,23,Computer Science,84.8,50,57,59.2,56.1,60,57,55.2,F,5,yes,Bachelor's,medium,6
4898,William,Mills,william.mills4898@email.com,Female,19,Economics,91.9,44,57,59.1,56.6,72,53,53.7,F,9,yes,Bachelor's,medium,6
4899,James,Graham,james.graham4899@email.com,Female,18,Economics,91.5,50,52,50.0,52.5,60,50,51.4,F,7,yes,High School,high,7
4900,Summer,Jackson,summer.jackson4900@email.com,Female,18,Political Science,67.6,65,54,65.7,56.2,60,50,58.5,F,17,no,High School,medium,4
4901,Lauren,Wilson,lauren.wilson4901@email.com,Female,21,Business,85.8,51,49,55.6,50.0,60,55,51.5,F,10,yes,Doctorate,medium,6
4902,Omar,Potter,omar.potter4902@email.com,Male,19,English Literature,72.0,69,81,87.2,75.3,60,89,77.6,C+,7,yes,Associate,low,6
4903,Megan,Diaz,megan.diaz4903@email.com,Female,18,Psychology,84.4,82,88,76.6,67.4,73,84,82.9,B-,15,yes,High School,high,4
4904,Amy,Richards,amy.richards4904@email.com,Female,19,Physics,77.3,40,49,50.0,50.0,60,50,47.1,F,6,yes,Bachelor's,high,5
4905,Brenda,Ware,brenda.ware4905@email.com,Female,19,Computer Science,92.6,72,71,83.8,72.8,60,61,71.2,C-,15,yes,Associate,low,5
4906,Cory,Taylor,cory.taylor4906@email.com,Female,22,Computer Science,86.9,57,52,65.4,61.0,60,64,56.9,F,11,yes,Bachelor's,low,8
4907,Faith,Hudson,faith.hudson4907@email.com,Female,20,Business,83.4,91,79,88.1,93.6,62,80,83.5,B,11,yes,High School,medium,5
4908,Terrence,Diaz,terrence.diaz4908@email.com,Female,18,Political Science,86.2,53,51,66.0,58.2,60,52,54.1,F,5,yes,Doctorate,high,6
4909,Thomas,Murray,thomas.murray4909@email.com,Male,22,Physics,81.3,70,59,80.0,68.4,76,89,68.7,D,14,yes,Associate,low,6
4910,Tony,Moreno,tony.moreno4910@email.com,Male,24,History,88.5,88,62,72.0,81.3,79,87,75.2,C,9,yes,High School,medium,5
4911,Todd,Jimenez,todd.jimenez4911@email.com,Male,20,Mathematics,97.3,69,60,76.1,54.5,60,56,63.7,D,8,no,Bachelor's,medium,8
4912,Allen,Romero,allen.romero4912@email.com,Male,21,Physics,86.7,51,49,50.0,50.0,60,50,50.4,F,11,yes,High School,low,2
4913,Cody,Sutton,cody.sutton4913@email.com,Male,23,Physics,89.4,40,41,50.0,50.0,60,50,43.9,F,7,yes,Associate,low,10
4914,Lisa,Price,lisa.price4914@email.com,Female,24,Engineering,79.8,40,40,50.0,50.0,60,50,43.5,F,7,no,High School,medium,4
4915,Robert,Perez,robert.perez4915@email.com,Female,22,Psychology,75.6,84,78,75.6,62.6,68,69,77.5,C+,13,no,Master's,medium,5
4916,Jacqueline,Schmidt,jacqueline.schmidt4916@email.com,Female,18,Business,85.3,55,54,52.7,58.1,60,81,57.5,F,11,yes,Associate,low,5
4917,Michael,Price,michael.price4917@email.com,Female,21,Chemistry,95.5,50,63,54.6,54.7,61,71,58.6,F,8,yes,Bachelor's,low,8
4918,Stephanie,Schroeder,stephanie.schroeder4918@email.com,Male,21,Biology,90.3,67,71,69.9,72.4,79,79,71.0,C-,12,yes,Associate,medium,4
4919,Whitney,Williams,whitney.williams4919@email.com,Male,18,Mathematics,74.0,78,82,89.9,80.3,68,80,80.7,B-,13,yes,Master's,high,4
4920,Jennifer,Sanchez,jennifer.sanchez4920@email.com,Female,22,Psychology,82.4,83,83,85.0,78.2,80,94,84.0,B,12,no,High School,low,1
4921,Thomas,Melendez,thomas.melendez4921@email.com,Female,23,Political Science,85.8,56,40,58.9,58.7,60,50,49.6,F,9,yes,Master's,high,7
4922,Tracy,Mason,tracy.mason4922@email.com,Male,20,Mathematics,95.2,90,81,78.7,74.6,69,77,82.2,B-,10,no,Associate,medium,4
4923,Jon,Cannon,jon.cannon4923@email.com,Male,23,Engineering,81.3,80,79,80.5,56.9,95,72,78.5,C+,6,no,High School,medium,5
4924,Mark,Woods,mark.woods4924@email.com,Male,22,English Literature,69.2,84,67,90.4,95.2,79,85,78.3,C+,16,yes,Associate,medium,3
4925,John,Hernandez,john.hernandez4925@email.com,Female,18,Computer Science,94.8,72,73,72.6,73.6,60,70,71.8,C-,14,yes,Master's,medium,4
4926,Anne,Campbell,anne.campbell4926@email.com,Female,22,Biology,94.1,77,71,77.1,79.9,64,94,75.8,C,10,yes,Bachelor's,medium,4
4927,Cristian,Ray,cristian.ray4927@email.com,Male,23,Psychology,93.9,81,70,76.2,87.3,80,78,76.1,C,11,yes,Bachelor's,medium,2
4928,Christy,Foster,christy.foster4928@email.com,Female,24,Biology,99.5,67,75,96.5,81.0,61,100,76.9,C,15,no,Bachelor's,medium,4
4929,Russell,Williams,russell.williams4929@email.com,Male,21,Biology,96.0,65,60,67.9,65.9,60,61,62.7,D,6,no,High School,low,6
4930,Alison,Thomas,alison.thomas4930@email.com,Male,18,Economics,90.2,58,65,53.8,66.0,60,72,62.3,D,14,yes,Bachelor's,high,4
4931,Natalie,Barnes,natalie.barnes4931@email.com,Female,20,English Literature,96.6,52,49,50.0,50.0,60,53,51.1,F,7,yes,Associate,low,8
4932,Thomas,Lee,thomas.lee4932@email.com,Male,21,Mathematics,75.6,66,70,72.7,75.6,72,80,70.4,C-,10,yes,Associate,low,4
4933,Anita,Kent,anita.kent4933@email.com,Female,24,Business,90.7,46,55,54.9,50.0,60,50,51.8,F,11,yes,Bachelor's,medium,6
4934,Roberto,Sanchez,roberto.sanchez4934@email.com,Female,19,Economics,75.0,73,43,59.9,63.2,60,54,56.7,F,16,yes,High School,medium,6
4935,Cody,Delacruz,cody.delacruz4935@email.com,Male,18,Psychology,93.1,74,90,76.6,71.1,79,89,82.3,B-,14,yes,High School,low,5
4936,Chelsea,Mitchell,chelsea.mitchell4936@email.com,Male,24,Mathematics,76.4,69,77,85.6,75.2,71,68,74.3,C,20,yes,High School,low,7
4937,Virginia,Coleman,virginia.coleman4937@email.com,Male,22,Engineering,92.9,53,51,54.2,50.0,60,51,52.4,F,5,yes,Doctorate,medium,7
4938,Brittany,Hunt,brittany.hunt4938@email.com,Male,21,Physics,81.6,65,62,64.8,62.4,61,65,63.5,D,9,yes,Doctorate,medium,7
4939,Kristin,Thomas,kristin.thomas4939@email.com,Female,19,Political Science,94.5,56,70,77.8,81.8,72,74,67.7,D,17,yes,Bachelor's,medium,8
4940,Anne,Robbins,anne.robbins4940@email.com,Male,19,Psychology,74.2,48,59,73.9,62.8,67,77,59.6,F,5,yes,Doctorate,high,7
4941,Cassandra,Webb,cassandra.webb4941@email.com,Female,20,Biology,86.5,76,75,89.9,91.4,69,82,78.1,C+,14,no,Bachelor's,medium,2
4942,Sarah,Jordan,sarah.jordan4942@email.com,Male,20,History,94.0,87,61,61.0,63.3,78,73,71.0,C-,13,yes,High School,low,7
4943,Jeanne,Smith,jeanne.smith4943@email.com,Female,21,Political Science,91.1,76,77,100.0,91.2,74,73,79.2,C+,12,yes,Bachelor's,medium,4
4944,Lisa,Salazar,lisa.salazar4944@email.com,Male,24,Psychology,90.0,72,75,68.8,62.1,60,68,71.5,C-,7,yes,High School,low,6
4945,Yolanda,Brewer,yolanda.brewer4945@email.com,Female,24,Business,95.8,88,67,87.1,91.1,98,91,80.5,B-,14,yes,Associate,medium,5
4946,Scott,Parsons,scott.parsons4946@email.com,Female,24,Mathematics,81.2,84,81,86.9,80.5,80,65,80.9,B-,17,yes,High School,low,2
4947,Thomas,Williamson,thomas.williamson4947@email.com,Female,23,Mathematics,83.4,57,66,66.3,59.0,72,59,62.6,D,14,yes,High School,low,9
4948,Barbara,Gomez,barbara.gomez4948@email.com,Female,24,English Literature,79.5,79,46,55.3,51.1,70,60,59.7,F,8,no,Master's,medium,5
4949,Gregory,Washington,gregory.washington4949@email.com,Female,23,Physics,78.8,77,75,97.3,74.8,68,70,77.0,C+,17,no,Master's,high,4
4950,Rebecca,Dawson,rebecca.dawson4950@email.com,Male,24,Political Science,83.4,94,84,74.4,60.9,80,79,84.2,B,12,yes,High School,medium,5
4951,Chelsea,Bell,chelsea.bell4951@email.com,Female,22,Biology,94.8,40,49,50.0,50.0,60,50,47.1,F,6,yes,Master's,medium,6
4952,Stacy,Johnson,stacy.johnson4952@email.com,Male,23,Biology,83.8,80,85,80.5,81.0,76,85,82.4,B-,11,yes,Bachelor's,medium,3
4953,Mary,Fleming,mary.fleming4953@email.com,Female,24,Computer Science,60.0,44,56,51.3,50.0,60,50,51.2,F,9,yes,High School,low,7
4954,Bradley,Mercer,bradley.mercer4954@email.com,Male,20,Computer Science,85.7,77,83,92.2,76.9,79,92,82.6,B-,15,yes,Master's,high,3
4955,Kevin,Kramer,kevin.kramer4955@email.com,Female,21,Economics,83.5,91,65,79.6,79.7,65,76,76.2,C,14,yes,High School,medium,3
4956,Nicholas,Lane,nicholas.lane4956@email.com,Female,24,Physics,87.1,40,44,56.0,50.0,60,54,46.2,F,5,no,Associate,medium,7
4957,Karen,Rice,karen.rice4957@email.com,Female,19,History,65.0,79,70,92.5,71.5,87,68,75.8,C,7,yes,High School,medium,5
4958,Alexandra,Lewis,alexandra.lewis4958@email.com,Female,21,English Literature,96.2,55,64,66.7,58.8,60,56,60.3,D,7,no,High School,medium,5
4959,Kristen,Phillips,kristen.phillips4959@email.com,Female,19,Business,96.6,75,90,70.3,83.1,92,81,82.5,B-,11,yes,High School,low,4
4960,Ashlee,Hendricks,ashlee.hendricks4960@email.com,Female,21,Psychology,77.3,61,59,67.2,76.2,69,50,60.9,D,15,yes,High School,medium,5
4961,Tiffany,Ellis,tiffany.ellis4961@email.com,Female,24,History,85.3,54,66,70.6,64.8,60,50,61.0,D,17,yes,Associate,low,5
4962,Thomas,Reid,thomas.reid4962@email.com,Female,24,Chemistry,79.4,73,58,63.9,58.3,60,58,63.2,D,15,yes,High School,medium,6
4963,Jerome,Chandler,jerome.chandler4963@email.com,Male,23,Computer Science,91.8,79,57,77.3,81.0,60,59,67.3,D,10,yes,Bachelor's,medium,4
4964,Matthew,Alexander,matthew.alexander4964@email.com,Male,22,Mathematics,90.7,51,47,50.0,50.1,60,68,51.5,F,12,yes,High School,medium,8
4965,Sarah,Elliott,sarah.elliott4965@email.com,Female,21,Business,87.7,50,51,54.7,69.5,60,66,54.0,F,13,yes,High School,low,4
4966,Christy,Ramos,christy.ramos4966@email.com,Female,24,Chemistry,76.1,40,40,50.0,50.0,60,50,43.5,F,7,no,Bachelor's,medium,5
4967,Jasmine,Shaw,jasmine.shaw4967@email.com,Female,19,Physics,90.6,61,74,69.6,63.1,64,53,66.6,D,16,no,Associate,medium,6
4968,Scott,Brown,scott.brown4968@email.com,Male,19,English Literature,82.4,73,71,78.6,77.2,68,72,72.7,C-,13,yes,Master's,medium,1
4969,Lindsey,Thomas,lindsey.thomas4969@email.com,Female,18,English Literature,90.7,82,83,84.9,95.1,83,90,84.3,B,7,yes,High School,medium,4
4970,Rebecca,Morris,rebecca.morris4970@email.com,Female,18,Business,84.7,69,76,84.1,76.1,66,72,73.8,C,5,yes,Associate,low,4
4971,Jennifer,Lindsey,jennifer.lindsey4971@email.com,Male,21,English Literature,74.8,53,65,78.5,61.0,60,71,62.9,D,13,yes,Associate,medium,5
4972,Deborah,Terry,deborah.terry4972@email.com,Male,24,Physics,86.5,81,81,85.6,93.1,95,77,82.4,B-,5,yes,Associate,medium,4
4973,Martha,Wilson,martha.wilson4973@email.com,Male,19,Computer Science,69.8,82,79,84.3,83.2,77,77,80.5,B-,12,yes,Associate,low,5
4974,Sarah,Baldwin,sarah.baldwin4974@email.com,Male,19,Political Science,78.1,40,40,50.0,50.0,60,50,43.5,F,10,yes,High School,high,7
4975,Shane,Hicks,shane.hicks4975@email.com,Male,20,Mathematics,82.8,57,60,71.7,50.0,60,76,61.4,D,11,yes,High School,high,6
4976,Dale,Woodard,dale.woodard4976@email.com,Male,21,Engineering,78.0,74,85,78.9,85.1,69,79,79.8,C+,9,yes,Associate,medium,6
4977,Kayla,Schneider,kayla.schneider4977@email.com,Male,19,Political Science,80.1,70,83,63.8,71.1,80,67,74.9,C,5,yes,High School,medium,3
4978,Darlene,Allen,darlene.allen4978@email.com,Female,21,Economics,82.4,72,60,64.2,71.1,61,73,66.0,D,15,yes,Associate,medium,5
4979,Jeffrey,Vasquez,jeffrey.vasquez4979@email.com,Female,24,Biology,82.6,57,79,73.6,100.0,67,77,72.2,C-,16,yes,Associate,high,5
4980,Tanner,Church,tanner.church4980@email.com,Male,20,Economics,94.6,40,45,56.2,50.0,60,50,46.1,F,11,yes,Bachelor's,medium,7
4981,Cesar,Dougherty,cesar.dougherty4981@email.com,Male,22,Business,84.5,56,56,50.0,51.3,60,50,54.8,F,9,yes,Associate,medium,8
4982,Brandon,Sutton,brandon.sutton4982@email.com,Male,18,English Literature,84.7,84,92,79.2,99.5,67,71,85.4,B,13,yes,Bachelor's,low,4
4983,Jose,Barron,jose.barron4983@email.com,Male,24,History,100.0,98,89,71.4,85.4,60,90,88.4,B+,16,yes,Doctorate,high,5
4984,Ashley,Fleming,ashley.fleming4984@email.com,Female,23,Psychology,87.5,63,53,60.2,68.2,60,63,58.8,F,14,yes,Associate,medium,7
4985,Rebecca,Howard,rebecca.howard4985@email.com,Female,18,Economics,76.0,40,50,50.0,50.0,60,50,47.5,F,5,yes,Bachelor's,medium,7
4986,Erin,Jones,erin.jones4986@email.com,Female,23,English Literature,91.9,40,40,50.0,50.0,60,50,43.5,F,14,yes,Master's,medium,8
4987,Joanne,Jones,joanne.jones4987@email.com,Female,24,Political Science,62.8,54,60,57.7,73.0,60,67,59.4,F,5,no,Bachelor's,medium,7
4988,Mary,Wells,mary.wells4988@email.com,Female,23,Political Science,75.6,46,57,52.2,57.6,60,60,53.7,F,12,yes,High School,low,5
4989,Robert,Abbott,robert.abbott4989@email.com,Male,21,Engineering,100.0,53,50,50.0,52.5,60,50,51.5,F,8,yes,Bachelor's,medium,8
4990,Mary,Gates,mary.gates4990@email.com,Female,23,Mathematics,86.8,71,73,80.0,72.8,80,68,73.0,C,15,yes,High School,low,6
4991,Pamela,Martin,pamela.martin4991@email.com,Male,21,Biology,61.0,83,78,80.7,83.7,60,69,78.3,C+,8,yes,High School,medium,4
4992,Joshua,Espinoza,joshua.espinoza4992@email.com,Male,23,History,100.0,66,60,75.8,89.0,62,66,65.6,D,16,yes,High School,low,7
4993,Gregory,Payne,gregory.payne4993@email.com,Male,19,Biology,70.9,40,40,50.0,50.0,60,55,44.1,F,16,yes,Master's,medium,7
4994,Melanie,Brown,melanie.brown4994@email.com,Male,20,Engineering,100.0,40,55,50.0,50.0,60,50,49.5,F,12,yes,Bachelor's,medium,6
4995,Karen,Hart,karen.hart4995@email.com,Male,24,Business,87.7,95,79,77.3,93.7,71,86,84.7,B,13,yes,Bachelor's,medium,4
4996,Brian,Stevens,brian.stevens4996@email.com,Female,18,History,93.3,40,63,66.8,63.6,62,57,55.9,F,12,yes,High School,medium,7
4997,Christopher,Patterson,christopher.patterson4997@email.com,Male,24,Economics,78.8,75,88,81.8,84.3,62,75,80.8,B-,10,yes,High School,medium,5
4998,Nathan,Norton,nathan.norton4998@email.com,Male,23,Computer Science,88.2,58,60,50.3,50.0,60,51,57.0,F,6,yes,Associate,low,6
4999,Ryan,Collins,ryan.collins4999@email.com,Female,23,Computer Science,73.0,75,63,55.6,65.6,79,73,67.9,D,5,yes,Bachelor's,medium,6
5000,Clinton,Newman,clinton.newman5000@email.com,Male,18,Computer Science,100.0,77,59,75.6,58.2,73,64,67.2,D,11,yes,Master's,low,9
